respondent_id,persona,lead_label,q1_role,q2_org_type,q3_fleet_size,q4_experience_years,q5_location,q6_maintenance_strategy,q7_aog_per_month,q8_annual_mro_spend,annual_spend_usd,q9_engines_apu,q9_landing_gear,q9_avionics,q9_hydraulics,q9_airframe_fuselage,q9_cabin_environmental,q9_fuel_systems,q9_electrical,q10_iot_sensors,q10_acars_qar_analysis,q10_ai_ml_analytics,q10_digital_twin,q10_cloud_mro_software,q10_erp_sap,q10_none,q11_digital_maturity,q12_main_barrier,q13_real-time_alerts,q13_rul_prediction,q13_digital_twin,q13_auto_work_orders,q13_parts_inventory_forecasting,q13_fleet_health_ranking,q13_compliance_reporting,q13_api_erp_integration,q14_deployment_pref,q15_budget_per_aircraft,budget_per_aircraft_usd,q16_pricing_model,q17_decision_maker,q18_procurement_cycle,q19_engine_health_kit,q19_structural_health_kit,q19_avionics_module,q19_ai_analytics_dashboard,q19_digital_twin,q19_compliance_reporting,q19_parts_inventory_optimizer,q19_training_&_onboarding,q20_reduce_aog,q20_extend_component_life,q20_lower_mro_cost,q20_improve_dispatch,q20_regulatory_compliance,q20_parts_inventory_control,q20_reduce_oem_dependency,q21_current_tool_satisfaction,q22_switching_likelihood,q23_aircraft_type,q24_survey_source,q26_attitude_early_adopter,q26_attitude_wait_for_peers,q26_attitude_cost_over_safety,q26_attitude_leadership_champ,q26_attitude_switch_for_ai,q27_airbus_skywise,q27_boeing_analytx,q27_ge_aviation_digital,q27_rr_intelligentengine,q27_lufthansa_aviatar,q27_amos_ramco,q27_none,q27_not_aware,q28_vendor_satisfaction,q29_data_comfort,q30_uae_gcc_data_residency,q30_data_repatriation_on_exit,q30_no_ai_training_on_our_data,q30_iso27001_soc2,q30_gcaa_easa_compliance,q30_end-to-end_encryption,q30_on-prem_option,q30_none_-_trust_saas,q31_min_roi,q32_approval_metric
UAE-0001,Tech_Forward_Carrier,Warm,MRO Engineer/Technician,Commercial airline (full-service),11-30,11-20 years,Sharjah/Northern Emirates,Full predictive + digital twin,0,$500K-$2M,1343133,1,1,1,1,1,0,0,1,1,0,1,0,1,1,0,8,No barriers,1,1,1,0,0,0,0,0,No preference,$1K-$3K,2233,Per-aircraft/year,Joint committee,3-6 months,0,1,0,1,1,1,1,1,1,1,0,1,0,0,0,7,6,Boeing wide (B777/B787),Word of mouth,4,3,3,4,4,1,1,0,1,0,0,0,0,Dissatisfied - hard to integrate,7,0,0,1,1,1,1,0,0,ROI not primary,Cost saved per aircraft/yr
UAE-0002,Tech_Forward_Carrier,Warm,Director/VP Operations,Aircraft leasing,1-10,6-10 years,Dubai,Predictive (some AI),1-2,$2M-$10M,5580843,0,1,1,0,0,1,1,1,1,0,1,1,1,0,0,9,No barriers,0,1,0,0,0,1,0,1,Full cloud (SaaS),>$20K,31856,Outcome-based,Joint committee,1-3 months,1,1,0,0,1,0,0,1,0,1,0,1,1,0,0,2,5,Boeing wide (B777/B787),Email invite,3,2,2,3,5,0,1,1,0,0,1,0,0,Dissatisfied - poor support,7,0,1,0,1,1,0,0,0,3x in 12 months,Dispatch reliability %
UAE-0003,Tech_Forward_Carrier,Hot,Fleet/Maintenance Manager,Defence/government,81-200,6-10 years,Abu Dhabi,Condition-based,1-2,$10M-$50M,30303876,1,1,1,1,0,1,0,0,1,1,1,1,1,0,0,7,Legacy integration,0,0,1,1,1,0,0,0,Hybrid,>$20K,25256,Fixed monthly SaaS,Head of Maintenance/CAMO,1-3 months,0,1,1,1,1,1,1,0,1,0,1,1,0,0,0,3,7,Boeing wide (B777/B787),Email invite,4,1,2,4,5,1,0,1,0,1,1,0,0,Dissatisfied - poor support,7,0,0,0,0,0,0,1,0,Strategic value,Cost saved per aircraft/yr
UAE-0004,Tech_Forward_Carrier,Warm,C-Suite,Commercial airline (full-service),31-80,11-20 years,Other GCC,Condition-based,10+,$500K-$2M,1051679,1,0,0,1,1,0,1,0,1,1,1,0,0,1,0,9,Regulatory concerns,1,1,1,0,0,0,0,0,No preference,$1K-$3K,1560,Fixed monthly SaaS,Head of Maintenance/CAMO,6-12 months,0,0,1,1,0,0,0,0,1,1,0,1,0,0,0,5,3,Airbus narrow (A320),LinkedIn/social media,3,2,3,4,4,1,1,0,0,1,0,0,0,No platform,7,0,1,0,1,1,0,0,0,5x+,Cost saved per aircraft/yr
UAE-0005,Tech_Forward_Carrier,Hot,MRO Engineer/Technician,Commercial airline (full-service),81-200,20+ years,Abu Dhabi,Full predictive + digital twin,1-2,$2M-$10M,4669330,1,1,0,0,0,0,1,1,1,0,0,1,1,1,0,8,No barriers,0,0,0,1,0,1,0,0,Hybrid,>$20K,25678,Fixed monthly SaaS,Procurement/Finance,<1 month,0,0,1,0,1,1,0,1,1,1,1,0,0,0,0,4,8,Airbus wide (A330/A350/A380),Aviation publication,3,2,2,4,4,1,0,1,0,1,0,0,0,Dissatisfied - poor accuracy,9,0,1,0,1,1,1,0,0,1.5x,Component lifespan extension
UAE-0006,Tech_Forward_Carrier,Warm,C-Suite,Charter/private aviation,81-200,6-10 years,Dubai,Predictive (some AI),1-2,$10M-$50M,34190760,0,0,1,1,1,0,1,1,1,0,1,0,1,1,0,7,High upfront cost,1,1,1,0,0,0,0,0,Hybrid,>$20K,26441,Fixed monthly SaaS,C-Suite,3-6 months,1,1,0,1,0,1,1,1,1,1,0,1,0,0,0,5,7,Boeing narrow (B737),Industry event,4,2,2,3,5,1,0,1,0,0,1,0,0,No platform,9,0,1,1,0,1,0,0,0,3x in 12 months,Component lifespan extension
UAE-0007,Tech_Forward_Carrier,Exploring,C-Suite,Charter/private aviation,31-80,20+ years,Abu Dhabi,Full predictive + digital twin,3-5,$2M-$10M,5935190,1,1,0,0,0,0,1,1,1,1,1,0,1,1,0,7,Cybersecurity,1,1,1,0,0,0,0,0,Hybrid,$8K-$20K,14911,Hardware lease + software,Head of Maintenance/CAMO,<1 month,1,0,0,0,1,0,1,0,1,1,1,0,0,0,0,5,4,Airbus narrow (A320),Industry event,5,2,4,2,5,1,0,1,0,0,1,0,0,Dissatisfied - poor accuracy,7,1,1,1,1,0,1,0,0,2x,AOG reduction %
UAE-0008,Tech_Forward_Carrier,Hot,Director/VP Operations,Defence/government,31-80,11-20 years,Other GCC,Predictive (some AI),3-5,$10M-$50M,28654466,1,1,1,1,0,0,1,0,0,1,1,0,1,0,0,9,Cybersecurity,1,1,0,0,1,0,0,0,Hybrid,$1K-$3K,1284,Per-aircraft/year,Joint committee,3-6 months,1,0,0,1,1,1,1,1,0,0,1,0,0,0,0,2,8,Airbus wide (A330/A350/A380),Email invite,5,1,2,4,5,0,1,0,0,0,0,0,0,Satisfied but expensive,8,0,1,0,1,1,0,0,1,ROI not primary,AOG reduction %
UAE-0009,Tech_Forward_Carrier,Hot,IT/Digital Lead,Commercial airline (full-service),81-200,11-20 years,Dubai,Reactive,6-10,$2M-$10M,5523215,0,1,0,0,0,0,0,1,1,1,1,0,1,1,0,9,Cybersecurity,1,1,1,0,0,0,0,0,Hybrid,$3K-$8K,5596,Fixed monthly SaaS,Head of Maintenance/CAMO,3-6 months,0,1,1,1,1,1,1,1,1,1,0,1,0,0,0,4,7,Airbus wide (A330/A350/A380),Email invite,4,2,1,5,4,1,0,0,1,1,0,0,0,Dissatisfied - poor accuracy,7,1,0,1,1,0,1,0,1,5x+,Dispatch reliability %
UAE-0010,Tech_Forward_Carrier,Warm,Fleet/Maintenance Manager,Low-cost carrier,31-80,6-10 years,Other GCC,Full predictive + digital twin,1-2,$2M-$10M,5788871,1,0,0,1,1,0,1,1,1,1,1,0,1,1,0,7,Cybersecurity,1,1,0,0,0,0,0,1,Full cloud (SaaS),$3K-$8K,5083,Outcome-based,Joint committee,<1 month,1,1,0,1,1,1,0,0,0,1,1,1,0,0,0,4,5,Airbus narrow (A320),LinkedIn/social media,4,2,4,4,4,0,0,0,0,0,0,0,1,Dissatisfied - poor support,7,0,0,0,1,0,0,0,1,2x,Cost saved per aircraft/yr
UAE-0011,Tech_Forward_Carrier,Warm,IT/Digital Lead,Commercial airline (full-service),81-200,6-10 years,Outside GCC,Full predictive + digital twin,1-2,$10M-$50M,21365529,1,1,0,1,0,0,0,0,1,1,1,0,1,0,0,8,Legacy integration,0,1,0,1,0,0,1,0,On-premise,$8K-$20K,14151,Fixed monthly SaaS,Joint committee,6-12 months,1,1,0,1,0,0,1,0,0,1,1,1,0,0,0,8,6,Boeing wide (B777/B787),LinkedIn/social media,4,2,2,5,5,0,1,0,0,0,1,0,0,No platform,8,0,1,0,1,0,1,0,0,2x,Dispatch reliability %
UAE-0012,Tech_Forward_Carrier,Warm,Fleet/Maintenance Manager,Independent MRO,1-10,11-20 years,Sharjah/Northern Emirates,Full predictive + digital twin,1-2,$500K-$2M,1079489,0,0,1,1,0,0,0,0,1,1,1,0,1,0,0,10,Legacy integration,0,1,0,0,0,0,0,1,Full cloud (SaaS),$3K-$8K,4112,Hardware lease + software,Joint committee,<1 month,1,1,0,0,0,1,1,0,0,1,0,0,1,0,1,5,9,Airbus wide (A330/A350/A380),LinkedIn/social media,4,1,3,4,3,1,0,0,1,1,0,0,0,No platform,7,1,0,1,1,1,0,0,0,2x,Cost saved per aircraft/yr
UAE-0013,Tech_Forward_Carrier,Hot,Director/VP Operations,Low-cost carrier,31-80,6-10 years,Other GCC,Condition-based,1-2,$2M-$10M,5043926,1,0,1,0,1,0,0,1,1,1,0,1,1,1,0,9,Regulatory concerns,0,1,1,0,0,0,0,0,Hybrid,$3K-$8K,4589,Outcome-based,IT/Digital lead,1-3 months,1,1,0,1,1,0,1,1,1,0,1,0,0,1,0,5,7,Airbus wide (A330/A350/A380),Email invite,4,2,2,4,5,0,1,1,0,1,0,0,0,No platform,5,0,0,1,0,1,1,0,0,3x in 12 months,Dispatch reliability %
UAE-0014,Tech_Forward_Carrier,Exploring,Procurement/Finance,Commercial airline (full-service),31-80,<2 years,Other GCC,Predictive (some AI),6-10,$500K-$2M,1284618,1,0,0,1,1,1,0,1,1,1,0,1,1,0,0,6,No barriers,1,0,1,1,0,0,0,0,Full cloud (SaaS),$3K-$8K,6274,Per-aircraft/year,Joint committee,6-12 months,1,1,1,0,1,1,1,1,0,1,0,1,0,1,0,4,2,Airbus narrow (A320),LinkedIn/social media,5,2,3,5,4,1,1,0,1,1,0,0,0,No platform,8,1,0,1,1,1,1,0,1,1.5x,Unscheduled maintenance reduction
UAE-0015,Tech_Forward_Carrier,Hot,Fleet/Maintenance Manager,Charter/private aviation,11-30,11-20 years,Abu Dhabi,Scheduled/calendar,1-2,$2M-$10M,6263765,1,1,1,0,1,0,0,0,1,0,1,0,1,0,0,8,No barriers,1,1,1,0,0,0,0,0,Full cloud (SaaS),$1K-$3K,2671,Fixed monthly SaaS,IT/Digital lead,<1 month,1,0,0,1,0,1,1,1,1,1,1,0,0,0,0,3,6,Airbus narrow (A320),Aviation publication,2,2,2,2,2,1,0,1,1,0,0,0,0,Dissatisfied - hard to integrate,9,1,1,1,0,0,0,0,0,3x in 12 months,Cost saved per aircraft/yr
UAE-0016,Tech_Forward_Carrier,Warm,Fleet/Maintenance Manager,Charter/private aviation,11-30,2-5 years,Other GCC,Condition-based,3-5,$2M-$10M,6371502,0,0,0,0,0,0,1,0,0,1,1,0,1,1,1,9,No barriers,1,1,1,0,0,0,0,0,Full cloud (SaaS),$3K-$8K,7377,Pay-per-insight,Procurement/Finance,3-6 months,1,1,1,1,0,1,0,0,1,1,0,1,0,0,0,4,5,Airbus wide (A330/A350/A380),Word of mouth,4,1,2,5,4,1,1,0,1,0,1,0,0,Dissatisfied - poor accuracy,9,1,0,1,1,0,1,0,0,1.5x,Unscheduled maintenance reduction
UAE-0017,Tech_Forward_Carrier,Hot,MRO Engineer/Technician,Aircraft leasing,81-200,11-20 years,Abu Dhabi,Predictive (some AI),1-2,$2M-$10M,6011701,1,1,0,0,0,0,1,0,1,1,1,1,1,1,0,10,Lack data expertise,1,1,1,0,0,0,0,0,Full cloud (SaaS),$3K-$8K,5237,Fixed monthly SaaS,IT/Digital lead,3-6 months,1,1,0,1,0,0,1,0,1,0,0,0,0,1,1,7,9,Airbus wide (A330/A350/A380),LinkedIn/social media,4,1,3,4,4,1,1,0,0,0,1,0,0,No platform,8,0,0,0,1,0,0,0,0,5x+,Dispatch reliability %
UAE-0018,Tech_Forward_Carrier,Hot,Director/VP Operations,Commercial airline (full-service),11-30,2-5 years,Other GCC,Condition-based,3-5,$500K-$2M,1236344,1,1,1,1,0,1,1,1,1,1,1,0,1,1,0,7,Cybersecurity,1,0,0,0,0,1,0,1,Full cloud (SaaS),>$20K,20365,Pay-per-insight,Head of Maintenance/CAMO,3-6 months,0,1,1,0,0,0,0,0,1,1,0,1,0,0,0,2,9,Airbus narrow (A320),Aviation publication,4,1,3,5,3,1,1,1,1,0,1,0,0,No platform,8,1,1,0,1,1,1,0,0,5x+,AOG reduction %
UAE-0019,Tech_Forward_Carrier,Hot,Director/VP Operations,Charter/private aviation,31-80,6-10 years,Dubai,Predictive (some AI),1-2,$2M-$10M,6052387,1,0,1,0,1,0,0,0,1,1,1,0,0,0,0,7,Regulatory concerns,1,0,1,1,0,0,0,0,Full cloud (SaaS),>$20K,29803,Fixed monthly SaaS,Head of Maintenance/CAMO,6-12 months,1,1,1,1,1,0,1,0,1,1,0,0,0,0,1,4,9,Airbus narrow (A320),Email invite,5,1,2,5,4,0,1,0,0,1,1,0,0,Dissatisfied - hard to integrate,8,0,0,1,1,1,1,0,0,3x in 12 months,AOG reduction %
UAE-0020,Tech_Forward_Carrier,Exploring,Procurement/Finance,Commercial airline (full-service),31-80,6-10 years,Dubai,Scheduled/calendar,3-5,$2M-$10M,9467458,1,0,1,0,1,0,0,0,1,1,1,0,0,1,1,7,Cybersecurity,1,0,1,0,0,1,0,0,Hybrid,$1K-$3K,2408,Hardware lease + software,Head of Maintenance/CAMO,3-6 months,1,0,1,1,1,1,1,1,1,0,1,0,0,1,0,7,5,Airbus narrow (A320),Industry event,4,2,2,4,4,0,0,1,1,0,0,0,0,Dissatisfied - poor accuracy,7,0,0,0,0,0,0,0,1,3x in 12 months,Unscheduled maintenance reduction
UAE-0021,Tech_Forward_Carrier,Warm,Fleet/Maintenance Manager,Commercial airline (full-service),81-200,6-10 years,Abu Dhabi,Predictive (some AI),3-5,$10M-$50M,40415963,1,0,1,0,1,0,0,1,1,1,0,0,0,1,0,6,Cybersecurity,1,1,0,1,0,0,0,0,No preference,$3K-$8K,6179,Hardware lease + software,IT/Digital lead,3-6 months,1,1,1,1,0,0,1,0,1,1,1,0,0,0,0,2,5,Airbus narrow (A320),Email invite,5,2,2,4,4,1,0,0,1,0,0,0,0,Very satisfied,6,1,0,0,0,0,0,0,0,2x,AOG reduction %
UAE-0022,Tech_Forward_Carrier,Warm,MRO Engineer/Technician,Low-cost carrier,31-80,20+ years,Abu Dhabi,Predictive (some AI),0,$2M-$10M,6194812,0,0,1,0,0,1,0,0,1,1,1,0,0,0,0,9,No barriers,1,0,1,1,0,0,0,0,Full cloud (SaaS),>$20K,24715,Hardware lease + software,Joint committee,1-3 months,1,1,1,1,1,0,1,0,1,0,0,1,0,0,0,8,7,Airbus narrow (A320),LinkedIn/social media,3,2,2,5,3,0,0,1,0,0,0,0,0,No platform,7,0,0,0,1,1,1,0,0,2x,Dispatch reliability %
UAE-0023,Tech_Forward_Carrier,Hot,C-Suite,Charter/private aviation,81-200,20+ years,Dubai,Predictive (some AI),1-2,$10M-$50M,32272442,1,1,1,1,1,0,0,1,0,1,1,0,1,0,0,10,Legacy integration,1,1,1,0,0,0,0,0,Full cloud (SaaS),$8K-$20K,10975,Hardware lease + software,IT/Digital lead,3-6 months,1,0,1,0,0,0,1,0,1,1,1,0,0,0,0,2,7,Business jet/helicopter,Word of mouth,4,3,3,3,5,1,0,0,0,0,0,0,0,Dissatisfied - hard to integrate,10,0,1,1,1,1,1,0,0,2x,Dispatch reliability %
UAE-0024,Tech_Forward_Carrier,Hot,Procurement/Finance,Charter/private aviation,31-80,6-10 years,Other GCC,Predictive (some AI),3-5,$2M-$10M,6929218,0,1,0,0,0,0,0,0,1,1,0,0,0,0,0,7,Legacy integration,1,1,1,0,0,0,0,0,Full cloud (SaaS),<$1K,456,Fixed monthly SaaS,C-Suite,3-6 months,1,0,0,0,0,1,1,1,1,0,1,1,0,0,0,5,7,Airbus wide (A330/A350/A380),Email invite,5,2,2,4,2,0,0,0,0,1,1,0,0,No platform,6,1,1,1,0,1,1,0,0,2x,AOG reduction %
UAE-0025,Tech_Forward_Carrier,Warm,Director/VP Operations,Defence/government,81-200,20+ years,Other GCC,Condition-based,1-2,$10M-$50M,28863443,1,1,1,1,1,0,0,0,1,1,1,1,1,1,0,7,High upfront cost,1,1,1,0,0,0,0,0,No preference,>$20K,36227,Per-aircraft/year,C-Suite,>12 months,1,1,0,1,1,0,0,0,0,1,0,1,0,0,1,2,5,Airbus wide (A330/A350/A380),Aviation publication,4,3,1,5,4,0,0,0,1,0,1,0,0,No platform,6,0,0,0,0,1,1,1,1,3x in 12 months,AOG reduction %
UAE-0026,Tech_Forward_Carrier,Hot,C-Suite,Independent MRO,31-80,11-20 years,Dubai,Full predictive + digital twin,6-10,$10M-$50M,32079465,1,1,0,1,1,1,1,1,1,0,0,1,0,1,0,9,Cybersecurity,1,1,1,0,0,0,0,0,Full cloud (SaaS),>$20K,24974,Fixed monthly SaaS,IT/Digital lead,1-3 months,1,1,0,1,1,0,1,0,1,1,1,0,0,0,0,3,7,Boeing narrow (B737),LinkedIn/social media,4,2,4,3,5,1,1,0,0,0,1,0,0,Satisfied but expensive,4,1,0,1,1,0,1,0,0,1.5x,Cost saved per aircraft/yr
UAE-0027,Tech_Forward_Carrier,Exploring,C-Suite,Low-cost carrier,81-200,11-20 years,Abu Dhabi,Scheduled/calendar,1-2,$2M-$10M,5863393,0,0,1,0,1,0,0,0,0,1,1,0,1,0,0,7,Regulatory concerns,1,1,1,0,0,0,0,0,Hybrid,$3K-$8K,5778,Fixed monthly SaaS,C-Suite,1-3 months,1,1,1,0,1,1,1,0,0,1,0,1,0,0,1,5,4,Airbus narrow (A320),LinkedIn/social media,4,1,3,5,4,1,0,0,1,0,1,0,0,No platform,9,1,0,1,0,0,1,0,0,2x,Cost saved per aircraft/yr
UAE-0028,Tech_Forward_Carrier,Hot,C-Suite,Commercial airline (full-service),31-80,2-5 years,Outside GCC,Full predictive + digital twin,6-10,$2M-$10M,6276569,1,1,0,0,0,0,1,1,1,1,0,0,0,1,0,9,Cybersecurity,0,1,0,0,1,1,0,0,Hybrid,>$20K,31173,Fixed monthly SaaS,Procurement/Finance,1-3 months,1,1,1,0,1,0,0,0,1,0,1,0,1,0,0,1,7,Airbus narrow (A320),Aviation publication,5,2,2,4,5,1,1,0,1,0,0,0,0,Dissatisfied - hard to integrate,6,1,1,0,1,1,0,0,0,Strategic value,Cost saved per aircraft/yr
UAE-0029,Tech_Forward_Carrier,Hot,Director/VP Operations,Commercial airline (full-service),11-30,6-10 years,Outside GCC,Predictive (some AI),1-2,$500K-$2M,1352580,1,1,0,0,0,0,1,0,0,1,1,1,0,1,0,8,Legacy integration,0,1,1,1,0,0,0,0,Hybrid,$1K-$3K,1921,Hardware lease + software,Head of Maintenance/CAMO,3-6 months,1,1,1,1,0,0,1,0,1,1,1,0,0,0,0,4,9,Boeing narrow (B737),Word of mouth,5,3,3,5,4,0,0,1,1,1,1,0,0,Satisfied but expensive,8,1,1,1,0,0,1,0,0,3x in 12 months,Unscheduled maintenance reduction
UAE-0030,Tech_Forward_Carrier,Warm,MRO Engineer/Technician,Low-cost carrier,31-80,2-5 years,Dubai,Condition-based,1-2,$2M-$10M,5882871,0,0,0,1,0,1,1,0,0,1,1,1,0,0,0,9,High upfront cost,0,1,0,0,0,0,1,1,Full cloud (SaaS),$1K-$3K,2214,Hardware lease + software,Head of Maintenance/CAMO,6-12 months,1,0,1,0,0,0,0,1,1,0,1,0,0,1,0,3,9,Airbus narrow (A320),LinkedIn/social media,3,1,3,5,4,0,0,1,0,0,0,0,0,Dissatisfied - hard to integrate,8,0,0,1,1,0,0,0,0,1.5x,AOG reduction %
UAE-0031,Tech_Forward_Carrier,Hot,Director/VP Operations,Commercial airline (full-service),11-30,2-5 years,Abu Dhabi,Predictive (some AI),1-2,<$500K,249540,1,1,1,1,1,1,0,1,0,0,0,0,1,1,0,7,Regulatory concerns,1,1,1,0,0,0,0,0,On-premise,$1K-$3K,2027,Fixed monthly SaaS,C-Suite,1-3 months,0,1,1,0,1,1,0,0,0,1,1,0,1,0,0,2,9,Regional/turboprop,LinkedIn/social media,4,1,2,5,4,0,0,0,1,0,0,0,0,Dissatisfied - hard to integrate,6,0,0,0,0,0,1,0,0,2x,Dispatch reliability %
UAE-0032,Tech_Forward_Carrier,Exploring,IT/Digital Lead,Low-cost carrier,31-80,11-20 years,Dubai,Predictive (some AI),3-5,$10M-$50M,31096592,1,0,1,1,0,0,0,0,0,1,0,0,1,1,0,6,Cybersecurity,1,1,1,0,0,0,0,0,Full cloud (SaaS),<$1K,454,Fixed monthly SaaS,Head of Maintenance/CAMO,3-6 months,1,1,1,1,0,0,1,1,1,1,1,0,0,0,0,5,4,Airbus narrow (A320),Industry event,3,1,2,4,4,1,0,0,0,0,1,0,0,Satisfied but expensive,10,0,0,0,1,0,1,1,1,3x in 12 months,Component lifespan extension
UAE-0033,Tech_Forward_Carrier,Hot,IT/Digital Lead,Commercial airline (full-service),81-200,6-10 years,Dubai,Predictive (some AI),0,$10M-$50M,33859468,1,0,1,0,0,1,1,0,1,1,1,1,0,1,0,8,No barriers,1,1,1,0,0,0,0,0,On-premise,$1K-$3K,1993,Fixed monthly SaaS,C-Suite,1-3 months,1,1,1,1,1,1,1,0,1,0,0,1,0,1,0,1,8,Airbus wide (A330/A350/A380),LinkedIn/social media,4,2,2,5,5,1,1,1,0,0,0,0,0,Dissatisfied - hard to integrate,7,0,0,1,1,0,1,0,0,2x,Cost saved per aircraft/yr
UAE-0034,Tech_Forward_Carrier,Warm,C-Suite,Defence/government,1-10,2-5 years,Other GCC,Full predictive + digital twin,1-2,$2M-$10M,6361540,1,0,1,0,1,0,0,1,0,1,1,0,1,0,0,9,Legacy integration,0,1,1,0,0,1,0,0,Full cloud (SaaS),>$20K,53635,Per-aircraft/year,Head of Maintenance/CAMO,3-6 months,1,0,1,1,0,0,0,1,0,0,0,0,0,1,0,5,6,Airbus narrow (A320),Word of mouth,4,1,3,5,5,0,0,0,0,0,1,0,0,Dissatisfied - hard to integrate,9,0,1,0,1,0,1,0,0,1.5x,Unscheduled maintenance reduction
UAE-0035,Tech_Forward_Carrier,Warm,C-Suite,Low-cost carrier,81-200,6-10 years,Dubai,Predictive (some AI),0,$10M-$50M,39689321,1,1,0,1,0,0,0,1,0,0,0,0,0,0,1,8,Legacy integration,1,0,1,0,1,0,0,0,Full cloud (SaaS),$8K-$20K,16198,Fixed monthly SaaS,Head of Maintenance/CAMO,6-12 months,1,1,1,1,1,0,0,1,1,1,1,0,0,0,0,5,9,Business jet/helicopter,Industry event,4,4,4,4,4,1,1,0,0,1,1,0,0,Dissatisfied - poor support,6,0,1,0,1,0,1,0,0,5x+,Dispatch reliability %
UAE-0036,Tech_Forward_Carrier,Hot,Director/VP Operations,Charter/private aviation,81-200,2-5 years,Dubai,Predictive (some AI),1-2,$10M-$50M,30676772,0,1,1,1,1,0,0,0,0,1,0,0,1,1,0,9,Cybersecurity,1,1,0,0,1,0,0,0,Full cloud (SaaS),>$20K,37455,Outcome-based,Joint committee,1-3 months,0,1,1,1,0,0,0,1,1,1,1,0,0,0,0,4,7,Airbus wide (A330/A350/A380),Industry event,4,2,2,5,5,0,1,0,0,1,1,0,0,Dissatisfied - poor support,7,0,0,0,0,0,1,0,0,ROI not primary,AOG reduction %
UAE-0037,Tech_Forward_Carrier,Hot,Director/VP Operations,Low-cost carrier,31-80,6-10 years,Sharjah/Northern Emirates,Predictive (some AI),0,$10M-$50M,22290894,1,1,0,0,0,0,1,1,0,1,0,0,1,0,0,10,High upfront cost,1,1,1,0,0,0,0,0,Full cloud (SaaS),$1K-$3K,1958,Per-aircraft/year,Procurement/Finance,1-3 months,1,1,0,1,1,1,1,0,0,1,0,0,1,1,0,5,6,Boeing narrow (B737),LinkedIn/social media,4,2,3,4,4,1,1,0,0,1,0,0,0,Very satisfied,6,0,1,0,1,0,1,0,0,2x,Dispatch reliability %
UAE-0038,Tech_Forward_Carrier,Warm,Director/VP Operations,Low-cost carrier,81-200,2-5 years,Other GCC,Predictive (some AI),1-2,<$500K,244660,1,1,1,0,0,0,1,0,0,0,1,0,1,1,0,9,No barriers,1,1,0,0,0,0,1,0,Full cloud (SaaS),$1K-$3K,2185,Fixed monthly SaaS,Procurement/Finance,<1 month,1,1,0,1,1,1,0,0,0,1,1,1,0,0,0,6,5,Airbus narrow (A320),LinkedIn/social media,3,3,3,4,5,1,1,0,0,1,1,0,0,Satisfied but expensive,7,0,0,0,1,0,1,1,0,2x,Cost saved per aircraft/yr
UAE-0039,Tech_Forward_Carrier,Warm,Fleet/Maintenance Manager,Defence/government,1-10,6-10 years,Abu Dhabi,Predictive (some AI),1-2,$500K-$2M,1471118,0,1,1,0,0,1,0,1,1,1,1,1,0,1,0,9,No barriers,1,1,0,0,1,0,0,0,On-premise,$3K-$8K,7540,Per-aircraft/year,C-Suite,3-6 months,1,1,1,1,0,1,0,1,1,1,1,0,0,0,0,7,6,Boeing wide (B777/B787),Industry event,5,2,3,4,4,0,0,0,0,0,1,0,0,No platform,9,0,0,1,1,1,0,0,1,Strategic value,Cost saved per aircraft/yr
UAE-0040,Tech_Forward_Carrier,Warm,Procurement/Finance,Defence/government,11-30,11-20 years,Dubai,Full predictive + digital twin,6-10,<$500K,184047,0,1,0,0,1,0,0,1,1,0,0,0,1,0,0,7,Legacy integration,1,1,0,0,1,0,0,0,Full cloud (SaaS),$3K-$8K,3481,Per-aircraft/year,C-Suite,6-12 months,1,1,0,0,0,1,1,0,0,0,0,0,0,1,0,4,7,Airbus wide (A330/A350/A380),LinkedIn/social media,5,2,4,3,3,1,1,1,0,0,0,0,0,No platform,7,0,0,0,1,0,1,0,0,2x,Dispatch reliability %
UAE-0041,Tech_Forward_Carrier,Exploring,Procurement/Finance,Low-cost carrier,200+,20+ years,Dubai,Predictive (some AI),6-10,>$50M,79320736,1,0,0,1,0,1,0,1,0,1,0,0,0,1,0,6,Regulatory concerns,1,1,1,0,0,0,0,0,Full cloud (SaaS),$3K-$8K,3453,Per-aircraft/year,C-Suite,3-6 months,0,1,0,1,1,0,1,1,0,1,1,1,0,0,0,6,2,Airbus narrow (A320),Word of mouth,5,2,2,4,3,1,0,1,0,1,0,0,0,Satisfied but expensive,7,1,0,0,0,1,1,0,1,3x in 12 months,Unscheduled maintenance reduction
UAE-0042,Tech_Forward_Carrier,Hot,Director/VP Operations,Low-cost carrier,31-80,11-20 years,Abu Dhabi,Condition-based,0,$500K-$2M,1429089,1,1,0,1,1,0,0,1,1,1,0,1,1,1,0,7,Regulatory concerns,1,1,0,0,1,0,0,0,On-premise,$3K-$8K,5999,Hardware lease + software,Procurement/Finance,1-3 months,1,0,1,0,1,1,0,0,1,0,0,0,0,1,0,2,7,Airbus narrow (A320),Aviation publication,4,1,2,3,5,0,0,1,0,0,0,0,0,No platform,7,1,0,0,1,1,1,0,0,3x in 12 months,Unscheduled maintenance reduction
UAE-0043,Tech_Forward_Carrier,Warm,C-Suite,Low-cost carrier,31-80,6-10 years,Dubai,Predictive (some AI),3-5,$10M-$50M,26851235,0,0,1,1,0,1,0,1,1,1,1,1,1,0,0,9,High upfront cost,0,1,1,0,0,0,1,0,Full cloud (SaaS),$1K-$3K,1959,Per-aircraft/year,IT/Digital lead,<1 month,0,1,0,1,0,1,1,0,1,1,0,0,0,0,0,4,7,Airbus wide (A330/A350/A380),LinkedIn/social media,5,1,2,4,2,1,0,1,0,0,1,0,0,No platform,5,1,0,0,0,1,0,0,0,2x,AOG reduction %
UAE-0044,Tech_Forward_Carrier,Hot,Director/VP Operations,Commercial airline (full-service),81-200,11-20 years,Dubai,Condition-based,6-10,$10M-$50M,36150934,1,1,1,1,0,0,0,0,0,1,1,1,0,0,1,10,No barriers,1,1,1,0,0,0,0,0,Full cloud (SaaS),$3K-$8K,5253,Fixed monthly SaaS,Head of Maintenance/CAMO,1-3 months,1,0,1,1,1,0,0,1,1,0,1,1,0,0,0,4,8,Boeing wide (B777/B787),LinkedIn/social media,5,3,2,4,3,0,0,1,1,0,0,0,0,Dissatisfied - hard to integrate,8,0,0,0,0,0,1,0,0,1.5x,Dispatch reliability %
UAE-0045,Tech_Forward_Carrier,Warm,Fleet/Maintenance Manager,Charter/private aviation,11-30,11-20 years,Other GCC,Full predictive + digital twin,3-5,$500K-$2M,1108184,0,0,0,1,1,1,1,0,0,1,1,1,1,1,0,7,Regulatory concerns,0,1,1,1,0,0,0,0,No preference,<$1K,441,Hardware lease + software,Head of Maintenance/CAMO,6-12 months,1,1,1,0,1,1,1,0,0,1,1,0,0,0,0,3,8,Airbus narrow (A320),Word of mouth,5,2,4,4,3,1,1,0,1,0,0,0,0,Dissatisfied - hard to integrate,10,0,0,0,1,1,1,0,1,2x,Unscheduled maintenance reduction
UAE-0046,Tech_Forward_Carrier,Hot,C-Suite,Low-cost carrier,31-80,11-20 years,Dubai,Condition-based,1-2,$2M-$10M,6485019,1,0,1,1,0,0,1,0,0,1,0,1,1,0,0,7,Legacy integration,1,0,1,0,0,1,0,0,Full cloud (SaaS),$8K-$20K,13520,Fixed monthly SaaS,IT/Digital lead,<1 month,0,1,0,1,0,1,1,0,1,1,0,1,0,0,0,1,6,Airbus narrow (A320),Word of mouth,5,3,2,5,4,1,0,1,0,1,1,0,0,Satisfied but expensive,7,1,0,1,0,1,1,0,0,Strategic value,Cost saved per aircraft/yr
UAE-0047,Tech_Forward_Carrier,Hot,C-Suite,Aircraft leasing,81-200,11-20 years,Dubai,Scheduled/calendar,1-2,$10M-$50M,27334227,1,1,1,0,1,0,1,1,0,0,0,0,0,0,1,10,High upfront cost,0,1,1,1,0,0,0,0,Hybrid,$3K-$8K,5548,Per-aircraft/year,Joint committee,1-3 months,1,0,0,1,0,1,0,1,0,1,1,1,0,0,0,1,8,Airbus wide (A330/A350/A380),Industry event,4,2,2,4,5,1,0,0,0,1,0,0,0,Very satisfied,8,1,1,0,0,0,1,0,0,3x in 12 months,Cost saved per aircraft/yr
UAE-0048,Tech_Forward_Carrier,Warm,C-Suite,Commercial airline (full-service),81-200,6-10 years,Dubai,Predictive (some AI),1-2,>$50M,64002503,1,0,1,0,1,0,0,0,1,1,1,0,1,1,0,9,Legacy integration,1,1,0,1,0,0,0,0,Hybrid,$1K-$3K,2270,Per-aircraft/year,IT/Digital lead,<1 month,1,1,1,1,1,1,0,0,1,1,1,0,0,0,0,2,7,Boeing narrow (B737),Word of mouth,4,2,2,3,3,1,0,1,0,0,0,0,0,Dissatisfied - poor support,7,1,1,1,0,0,1,0,0,Strategic value,Cost saved per aircraft/yr
UAE-0049,Tech_Forward_Carrier,Warm,IT/Digital Lead,Charter/private aviation,11-30,6-10 years,Other GCC,Full predictive + digital twin,1-2,$2M-$10M,6233750,1,0,0,1,0,0,1,0,0,1,1,0,1,0,0,7,Lack data expertise,1,1,0,1,0,0,0,0,Full cloud (SaaS),$8K-$20K,15609,Outcome-based,Head of Maintenance/CAMO,1-3 months,1,0,0,1,0,0,0,0,1,1,0,1,0,0,0,2,6,Boeing narrow (B737),Aviation publication,3,1,3,4,4,1,0,1,1,0,0,0,0,Dissatisfied - poor accuracy,9,0,0,1,0,0,1,1,1,3x in 12 months,AOG reduction %
UAE-0050,Tech_Forward_Carrier,Warm,Fleet/Maintenance Manager,Commercial airline (full-service),31-80,20+ years,Sharjah/Northern Emirates,Condition-based,3-5,<$500K,228366,0,1,0,0,0,0,0,1,0,0,1,0,0,1,0,10,No barriers,1,1,1,0,0,0,0,0,Hybrid,$8K-$20K,11153,Pay-per-insight,Procurement/Finance,3-6 months,1,0,0,1,1,0,1,1,1,1,1,0,0,0,0,5,8,Airbus narrow (A320),Word of mouth,2,1,3,4,4,1,1,1,1,0,0,0,0,Dissatisfied - hard to integrate,6,1,0,1,1,1,1,0,0,3x in 12 months,AOG reduction %
UAE-0051,Tech_Forward_Carrier,Hot,Fleet/Maintenance Manager,Commercial airline (full-service),31-80,6-10 years,Sharjah/Northern Emirates,Predictive (some AI),10+,$10M-$50M,30389654,0,1,0,1,0,0,0,0,0,1,0,0,1,1,0,8,No barriers,0,1,0,1,1,0,0,0,No preference,$3K-$8K,6656,Outcome-based,IT/Digital lead,<1 month,1,1,0,0,1,1,1,0,0,0,0,0,0,1,1,3,8,Airbus narrow (A320),LinkedIn/social media,4,1,2,5,4,1,0,0,0,1,1,0,0,Dissatisfied - poor accuracy,8,1,0,0,0,0,0,0,0,1.5x,Component lifespan extension
UAE-0052,Tech_Forward_Carrier,Hot,IT/Digital Lead,Commercial airline (full-service),11-30,11-20 years,Abu Dhabi,Predictive (some AI),3-5,$500K-$2M,1639137,1,1,1,0,0,0,1,0,0,0,0,1,0,0,0,10,Lack data expertise,1,1,1,0,0,0,0,0,Full cloud (SaaS),$3K-$8K,5177,Per-aircraft/year,C-Suite,1-3 months,0,1,1,0,0,0,0,0,1,1,1,0,0,0,0,5,7,Airbus narrow (A320),LinkedIn/social media,3,1,1,4,4,0,1,0,0,0,0,0,0,Dissatisfied - hard to integrate,10,0,1,1,1,1,1,0,0,3x in 12 months,Unscheduled maintenance reduction
UAE-0053,Tech_Forward_Carrier,Hot,C-Suite,Independent MRO,31-80,6-10 years,Dubai,Predictive (some AI),0,$2M-$10M,6294234,0,0,1,0,1,0,1,1,1,1,1,0,1,0,0,8,Legacy integration,1,0,1,0,1,0,0,0,Full cloud (SaaS),$3K-$8K,6321,Per-aircraft/year,Head of Maintenance/CAMO,3-6 months,1,0,0,1,1,0,1,1,0,0,0,0,0,1,1,1,8,Airbus wide (A330/A350/A380),LinkedIn/social media,5,1,3,5,4,1,1,1,0,0,0,0,1,No platform,8,1,0,0,0,0,1,0,1,3x in 12 months,Cost saved per aircraft/yr
UAE-0054,Tech_Forward_Carrier,Warm,IT/Digital Lead,Low-cost carrier,31-80,20+ years,Abu Dhabi,Condition-based,6-10,$2M-$10M,8043623,1,0,1,1,1,1,0,1,1,1,0,1,1,0,0,9,Legacy integration,1,1,1,0,0,0,0,0,On-premise,$1K-$3K,2089,Per-aircraft/year,C-Suite,1-3 months,1,0,1,1,1,0,0,1,1,1,0,0,1,0,0,4,5,Boeing narrow (B737),Email invite,5,1,3,4,4,1,0,1,0,0,0,0,0,Dissatisfied - poor accuracy,8,1,1,0,1,1,1,1,0,3x in 12 months,AOG reduction %
UAE-0055,Tech_Forward_Carrier,Warm,Director/VP Operations,Commercial airline (full-service),31-80,2-5 years,Abu Dhabi,Full predictive + digital twin,6-10,$10M-$50M,34668929,1,1,1,1,0,1,0,0,1,1,0,0,1,1,0,8,Legacy integration,1,0,1,0,1,0,0,0,On-premise,$1K-$3K,1902,Fixed monthly SaaS,IT/Digital lead,3-6 months,1,1,1,1,1,0,1,1,1,0,0,1,0,0,1,3,5,Airbus wide (A330/A350/A380),LinkedIn/social media,4,2,2,5,5,1,1,0,0,0,0,0,0,Dissatisfied - hard to integrate,8,1,1,1,1,0,0,0,1,Strategic value,AOG reduction %
UAE-0056,Tech_Forward_Carrier,Hot,MRO Engineer/Technician,Aircraft leasing,31-80,2-5 years,Dubai,Scheduled/calendar,0,$2M-$10M,7689116,0,0,1,0,0,0,0,0,1,1,1,0,1,1,0,8,Legacy integration,1,1,1,0,0,0,0,0,Full cloud (SaaS),$3K-$8K,4267,Per-aircraft/year,Head of Maintenance/CAMO,3-6 months,1,1,1,0,0,1,0,1,1,1,0,1,0,0,0,1,10,Airbus narrow (A320),LinkedIn/social media,5,2,3,4,5,0,0,0,0,1,0,0,0,Dissatisfied - poor support,7,0,0,0,1,0,1,1,1,3x in 12 months,Audit pass rate
UAE-0057,Tech_Forward_Carrier,Warm,Fleet/Maintenance Manager,Commercial airline (full-service),200+,11-20 years,Dubai,Full predictive + digital twin,1-2,$2M-$10M,6098455,1,0,1,0,0,0,0,1,0,1,0,0,1,0,0,9,Regulatory concerns,1,1,1,0,0,0,0,0,On-premise,>$20K,30424,Per-aircraft/year,C-Suite,3-6 months,1,1,0,0,0,0,0,0,1,1,1,0,0,0,0,5,5,Airbus wide (A330/A350/A380),Industry event,5,3,3,5,4,0,1,0,0,0,0,1,0,Dissatisfied - hard to integrate,6,1,0,1,1,1,1,0,0,3x in 12 months,AOG reduction %
UAE-0058,Tech_Forward_Carrier,Warm,Director/VP Operations,Independent MRO,31-80,2-5 years,Dubai,Predictive (some AI),1-2,$500K-$2M,1226414,1,1,1,1,1,0,1,0,1,1,0,0,1,0,0,9,Regulatory concerns,1,1,1,0,0,0,0,0,Full cloud (SaaS),$3K-$8K,6583,Per-aircraft/year,IT/Digital lead,6-12 months,1,1,1,0,0,1,0,0,1,0,1,0,0,0,0,2,8,Airbus wide (A330/A350/A380),LinkedIn/social media,4,2,2,3,5,0,1,1,0,0,0,0,0,Very satisfied,7,1,1,1,1,1,0,0,0,ROI not primary,Cost saved per aircraft/yr
UAE-0059,Tech_Forward_Carrier,Warm,Procurement/Finance,Low-cost carrier,11-30,<2 years,Sharjah/Northern Emirates,Predictive (some AI),6-10,$2M-$10M,4839035,1,1,1,1,0,0,1,1,0,1,1,1,1,0,0,7,Regulatory concerns,1,1,1,0,0,0,0,0,Full cloud (SaaS),>$20K,26307,Per-aircraft/year,Head of Maintenance/CAMO,1-3 months,0,1,1,1,0,0,0,0,1,1,1,0,0,0,0,7,6,Airbus narrow (A320),LinkedIn/social media,3,2,2,2,4,1,0,0,0,0,1,0,0,Dissatisfied - poor accuracy,7,1,0,1,1,1,1,0,0,2x,AOG reduction %
UAE-0060,Tech_Forward_Carrier,Warm,Director/VP Operations,Low-cost carrier,31-80,6-10 years,Dubai,Predictive (some AI),6-10,$10M-$50M,33132928,1,1,0,0,1,0,1,1,1,1,1,0,1,1,0,10,Legacy integration,1,1,1,0,0,0,0,0,Full cloud (SaaS),$3K-$8K,6615,Hardware lease + software,Joint committee,1-3 months,1,1,0,0,1,0,1,0,1,0,0,0,1,0,1,4,5,Boeing narrow (B737),Industry event,5,2,3,4,4,0,1,0,0,0,0,0,0,Dissatisfied - poor accuracy,7,1,0,1,0,0,1,0,0,ROI not primary,Unscheduled maintenance reduction
UAE-0061,Tech_Forward_Carrier,Hot,MRO Engineer/Technician,Low-cost carrier,31-80,2-5 years,Dubai,Scheduled/calendar,3-5,<$500K,228487,1,0,1,0,1,1,1,1,1,0,0,0,1,0,0,8,Cybersecurity,1,1,0,0,0,0,0,1,Hybrid,$3K-$8K,5467,Fixed monthly SaaS,Joint committee,3-6 months,1,1,0,1,1,1,0,1,0,0,1,1,1,0,0,2,7,Airbus wide (A330/A350/A380),LinkedIn/social media,4,2,4,2,5,0,1,1,1,0,0,0,0,Dissatisfied - hard to integrate,9,0,0,0,1,0,0,0,0,1.5x,Cost saved per aircraft/yr
UAE-0062,Tech_Forward_Carrier,Hot,IT/Digital Lead,Commercial airline (full-service),81-200,6-10 years,Abu Dhabi,Scheduled/calendar,1-2,>$50M,51674359,1,1,0,1,1,0,1,0,1,1,0,1,0,1,0,8,No barriers,1,1,0,0,1,0,0,0,No preference,>$20K,26127,Fixed monthly SaaS,Procurement/Finance,3-6 months,1,1,1,1,1,0,1,1,1,1,1,0,0,0,0,1,7,Airbus wide (A330/A350/A380),Industry event,3,3,3,5,5,1,0,0,0,0,0,0,0,Dissatisfied - poor support,6,1,0,0,0,1,0,0,0,Strategic value,Cost saved per aircraft/yr
UAE-0063,Tech_Forward_Carrier,Hot,C-Suite,Defence/government,31-80,11-20 years,Outside GCC,Condition-based,1-2,$500K-$2M,1151652,0,1,0,0,1,0,0,0,1,1,1,1,1,0,0,9,Cybersecurity,1,1,0,0,0,0,1,0,Hybrid,$3K-$8K,4290,Outcome-based,IT/Digital lead,1-3 months,1,1,1,1,0,1,0,0,0,0,1,0,0,1,0,4,8,Airbus wide (A330/A350/A380),LinkedIn/social media,4,2,3,4,5,1,0,1,0,1,1,0,0,Dissatisfied - poor accuracy,6,0,0,1,1,1,1,1,0,1.5x,Cost saved per aircraft/yr
UAE-0064,Tech_Forward_Carrier,Hot,Director/VP Operations,Independent MRO,11-30,2-5 years,Abu Dhabi,Predictive (some AI),3-5,$500K-$2M,1365487,1,0,1,1,0,1,0,1,0,1,1,1,1,1,0,9,No barriers,1,0,1,1,0,0,0,0,Hybrid,$8K-$20K,13219,Fixed monthly SaaS,C-Suite,6-12 months,0,0,0,1,0,1,1,1,1,1,1,0,0,0,0,3,6,Airbus narrow (A320),Word of mouth,5,2,2,5,4,1,0,0,1,1,1,0,0,Very satisfied,5,0,1,1,1,0,0,0,1,ROI not primary,Dispatch reliability %
UAE-0065,Tech_Forward_Carrier,Hot,Director/VP Operations,Defence/government,11-30,6-10 years,Other GCC,Predictive (some AI),0,$500K-$2M,958132,1,0,1,1,0,1,0,1,1,1,1,1,0,1,0,9,Legacy integration,0,0,0,1,0,1,1,0,Hybrid,<$1K,384,Per-aircraft/year,Joint committee,3-6 months,1,1,1,1,0,0,1,0,1,1,1,0,0,0,0,5,5,Airbus wide (A330/A350/A380),LinkedIn/social media,5,2,2,4,4,0,0,1,0,0,1,0,0,Satisfied but expensive,7,1,0,0,0,0,1,0,0,Strategic value,Component lifespan extension
UAE-0066,Tech_Forward_Carrier,Exploring,Fleet/Maintenance Manager,Independent MRO,11-30,2-5 years,Sharjah/Northern Emirates,Predictive (some AI),1-2,$500K-$2M,1456869,1,1,0,1,0,0,0,0,0,1,0,0,1,1,0,6,Cybersecurity,1,1,1,0,0,0,0,0,No preference,$3K-$8K,5648,Per-aircraft/year,Head of Maintenance/CAMO,1-3 months,1,1,1,1,1,1,0,0,1,1,0,0,0,1,0,5,4,Airbus narrow (A320),Aviation publication,4,1,2,5,4,1,1,0,0,0,0,1,0,Dissatisfied - poor accuracy,7,1,0,0,1,0,1,0,1,ROI not primary,Cost saved per aircraft/yr
UAE-0067,Tech_Forward_Carrier,Warm,MRO Engineer/Technician,Independent MRO,200+,11-20 years,Dubai,Predictive (some AI),1-2,$10M-$50M,30082952,1,0,1,1,1,0,0,0,0,1,1,1,1,1,0,9,Cybersecurity,1,0,1,1,0,0,0,0,Full cloud (SaaS),>$20K,25279,Fixed monthly SaaS,Procurement/Finance,1-3 months,1,0,1,1,1,1,1,0,1,1,0,1,0,0,0,3,6,Boeing narrow (B737),Industry event,4,2,1,5,4,1,1,0,1,0,0,0,0,Very satisfied,8,1,0,1,0,0,0,0,0,1.5x,Cost saved per aircraft/yr
UAE-0068,Tech_Forward_Carrier,Hot,C-Suite,Low-cost carrier,81-200,11-20 years,Other GCC,Condition-based,1-2,$10M-$50M,34422109,0,1,1,1,1,1,0,0,1,1,0,1,1,1,0,10,Legacy integration,1,0,1,0,1,0,0,0,Full cloud (SaaS),$8K-$20K,16556,Fixed monthly SaaS,IT/Digital lead,>12 months,1,1,1,1,0,0,1,0,1,0,1,1,0,0,0,1,6,Boeing narrow (B737),Aviation publication,4,2,3,4,4,1,1,0,0,1,1,0,0,Dissatisfied - poor accuracy,6,0,1,1,0,1,0,0,1,2x,Cost saved per aircraft/yr
UAE-0069,Tech_Forward_Carrier,Hot,MRO Engineer/Technician,Charter/private aviation,81-200,11-20 years,Abu Dhabi,Predictive (some AI),6-10,$10M-$50M,27248169,1,0,1,0,0,1,0,1,1,1,0,0,0,1,0,7,Cybersecurity,1,0,1,0,0,1,0,0,Hybrid,$8K-$20K,11673,Outcome-based,C-Suite,1-3 months,1,1,1,0,1,1,1,0,0,0,1,1,0,0,1,1,7,Boeing wide (B777/B787),Email invite,5,1,4,5,4,1,0,1,0,0,0,0,0,Dissatisfied - poor support,6,0,0,0,1,0,0,0,1,3x in 12 months,AOG reduction %
UAE-0070,Tech_Forward_Carrier,Warm,C-Suite,Commercial airline (full-service),31-80,6-10 years,Other GCC,Condition-based,0,$2M-$10M,6630278,1,1,1,1,1,1,0,0,1,1,1,1,0,1,0,8,High upfront cost,1,1,1,0,0,0,0,0,Full cloud (SaaS),$1K-$3K,2043,Per-aircraft/year,IT/Digital lead,6-12 months,1,1,1,0,0,0,1,0,0,1,1,0,0,1,0,8,6,Boeing narrow (B737),Word of mouth,5,1,2,5,4,1,1,1,0,0,0,0,0,Dissatisfied - hard to integrate,10,0,0,0,1,1,1,0,1,5x+,Dispatch reliability %
UAE-0071,Tech_Forward_Carrier,Hot,MRO Engineer/Technician,Independent MRO,81-200,6-10 years,Sharjah/Northern Emirates,Full predictive + digital twin,1-2,$10M-$50M,33184883,1,0,1,0,1,1,0,0,0,1,0,0,1,0,0,8,No barriers,1,1,1,0,0,0,0,0,Full cloud (SaaS),$1K-$3K,2227,Hardware lease + software,Procurement/Finance,1-3 months,1,1,1,0,0,0,0,1,1,1,1,0,0,0,0,4,9,Airbus narrow (A320),Word of mouth,3,1,2,4,4,0,1,0,0,0,1,0,1,No platform,8,1,1,1,1,0,1,0,0,2x,Unscheduled maintenance reduction
UAE-0072,Tech_Forward_Carrier,Exploring,Fleet/Maintenance Manager,Charter/private aviation,31-80,6-10 years,Abu Dhabi,Predictive (some AI),1-2,$2M-$10M,4798190,1,1,1,0,0,1,0,0,1,1,1,0,1,1,0,6,High upfront cost,1,1,1,0,0,0,0,0,On-premise,$3K-$8K,6104,Per-aircraft/year,C-Suite,3-6 months,1,0,1,1,1,0,1,0,1,0,1,1,0,0,0,7,5,Business jet/helicopter,Aviation publication,5,2,2,3,4,0,0,1,0,1,0,0,0,Very satisfied,8,0,0,1,1,1,0,0,0,3x in 12 months,Dispatch reliability %
UAE-0073,Tech_Forward_Carrier,Hot,Procurement/Finance,Independent MRO,31-80,<2 years,Other GCC,Predictive (some AI),3-5,$2M-$10M,6244420,1,1,1,1,0,0,0,1,1,1,0,1,1,1,0,7,High upfront cost,1,1,1,0,0,0,0,0,Full cloud (SaaS),$8K-$20K,11275,Hardware lease + software,Head of Maintenance/CAMO,<1 month,1,0,1,1,0,0,1,0,1,1,0,1,0,0,0,4,8,Airbus narrow (A320),Industry event,5,2,3,5,4,1,0,0,0,0,0,0,0,No platform,7,1,0,0,0,0,0,1,0,3x in 12 months,Component lifespan extension
UAE-0074,Tech_Forward_Carrier,Hot,IT/Digital Lead,Independent MRO,1-10,6-10 years,Dubai,Predictive (some AI),1-2,$10M-$50M,27919761,0,0,1,1,1,0,1,0,0,0,1,1,1,1,0,8,Regulatory concerns,1,1,1,0,0,0,0,0,Hybrid,>$20K,31181,Hardware lease + software,C-Suite,3-6 months,0,1,0,0,0,1,1,0,1,0,1,1,0,0,0,3,7,Airbus narrow (A320),LinkedIn/social media,5,1,2,4,5,0,1,1,1,0,1,0,0,No platform,8,0,1,0,1,0,1,0,0,5x+,AOG reduction %
UAE-0075,Tech_Forward_Carrier,Hot,Director/VP Operations,Commercial airline (full-service),31-80,20+ years,Dubai,Predictive (some AI),6-10,$2M-$10M,6928660,1,0,0,0,0,0,0,1,0,0,0,0,1,0,0,7,Legacy integration,1,0,1,0,1,0,0,0,Full cloud (SaaS),>$20K,29345,Fixed monthly SaaS,Head of Maintenance/CAMO,3-6 months,1,1,1,1,1,0,0,0,1,1,0,0,1,0,0,4,8,Boeing narrow (B737),Industry event,5,1,3,5,4,1,0,1,0,0,0,0,1,Very satisfied,7,0,1,1,0,0,1,0,0,2x,Cost saved per aircraft/yr
UAE-0076,Tech_Forward_Carrier,Exploring,MRO Engineer/Technician,Commercial airline (full-service),81-200,11-20 years,Other GCC,Scheduled/calendar,3-5,$2M-$10M,7308046,1,1,1,0,0,1,0,0,1,1,0,1,0,1,0,8,No barriers,1,1,0,0,1,0,0,0,On-premise,$3K-$8K,4982,Fixed monthly SaaS,C-Suite,1-3 months,1,1,1,0,1,1,0,0,0,1,1,1,0,0,0,5,4,Boeing wide (B777/B787),Industry event,3,1,2,4,4,0,0,0,1,0,0,0,0,Dissatisfied - hard to integrate,8,1,1,0,0,0,0,0,1,2x,AOG reduction %
UAE-0077,Tech_Forward_Carrier,Warm,MRO Engineer/Technician,Low-cost carrier,81-200,11-20 years,Dubai,Full predictive + digital twin,3-5,$2M-$10M,7395450,1,0,0,0,0,1,0,1,1,1,1,1,0,0,0,7,Cybersecurity,0,1,0,1,1,0,0,0,Full cloud (SaaS),$3K-$8K,6474,Pay-per-insight,Head of Maintenance/CAMO,3-6 months,1,1,0,0,1,1,1,0,0,1,0,1,1,0,0,4,6,Boeing narrow (B737),Aviation publication,5,1,3,4,4,1,1,0,1,1,0,0,0,Dissatisfied - poor accuracy,8,0,0,0,0,0,1,0,0,1.5x,Unscheduled maintenance reduction
UAE-0078,Tech_Forward_Carrier,Warm,Procurement/Finance,Low-cost carrier,81-200,6-10 years,Sharjah/Northern Emirates,Predictive (some AI),1-2,$10M-$50M,41048850,1,0,1,1,0,1,0,1,1,0,1,0,1,0,0,8,Legacy integration,1,1,1,0,0,0,0,0,Full cloud (SaaS),$8K-$20K,12661,Fixed monthly SaaS,Procurement/Finance,6-12 months,1,1,1,1,0,1,0,1,1,0,0,1,0,1,0,4,5,Airbus wide (A330/A350/A380),LinkedIn/social media,4,3,3,4,3,0,0,0,0,1,0,0,0,No platform,8,0,0,1,1,0,1,1,0,1.5x,Dispatch reliability %
UAE-0079,Tech_Forward_Carrier,Hot,Procurement/Finance,Commercial airline (full-service),11-30,11-20 years,Outside GCC,Predictive (some AI),10+,$500K-$2M,1146458,0,1,1,1,0,1,1,1,1,1,1,0,1,1,0,9,Legacy integration,0,0,0,0,1,0,0,1,Hybrid,$3K-$8K,5700,Outcome-based,C-Suite,1-3 months,1,1,0,1,0,1,0,0,1,1,1,0,0,0,0,1,10,Airbus narrow (A320),Aviation publication,5,1,2,5,4,0,1,1,0,0,0,0,0,Dissatisfied - poor accuracy,8,1,1,0,1,1,1,0,0,1.5x,Cost saved per aircraft/yr
UAE-0080,Tech_Forward_Carrier,Warm,Fleet/Maintenance Manager,Aircraft leasing,81-200,6-10 years,Outside GCC,Full predictive + digital twin,3-5,$10M-$50M,39045920,1,1,1,1,1,1,1,0,1,1,1,1,1,1,0,8,No barriers,1,1,1,0,0,0,0,0,Full cloud (SaaS),$8K-$20K,11988,Per-aircraft/year,Head of Maintenance/CAMO,6-12 months,0,1,1,1,0,1,0,0,0,1,1,1,0,0,0,2,5,Airbus narrow (A320),LinkedIn/social media,4,3,2,4,4,0,0,1,0,1,1,0,0,Dissatisfied - hard to integrate,9,1,0,1,1,0,0,0,0,2x,Unscheduled maintenance reduction
UAE-0081,Tech_Forward_Carrier,Hot,Director/VP Operations,Commercial airline (full-service),31-80,20+ years,Other GCC,Scheduled/calendar,3-5,$2M-$10M,8274239,0,0,1,0,0,0,0,1,1,1,1,0,0,0,0,8,No barriers,1,1,1,0,0,0,0,0,Full cloud (SaaS),$1K-$3K,1823,Per-aircraft/year,IT/Digital lead,<1 month,0,0,1,1,1,1,1,1,0,0,1,0,0,1,1,4,9,Boeing narrow (B737),LinkedIn/social media,5,2,2,5,5,1,1,0,1,0,0,0,0,Dissatisfied - hard to integrate,9,0,0,1,1,0,0,1,1,2x,Unscheduled maintenance reduction
UAE-0082,Tech_Forward_Carrier,Hot,Fleet/Maintenance Manager,Commercial airline (full-service),31-80,20+ years,Dubai,Condition-based,1-2,$10M-$50M,32282733,1,0,1,1,0,0,0,0,0,1,0,0,1,0,0,10,High upfront cost,1,1,1,0,0,0,0,0,Full cloud (SaaS),$8K-$20K,16946,Per-aircraft/year,Joint committee,3-6 months,1,1,0,1,1,1,0,0,1,1,1,0,0,0,0,5,9,Airbus narrow (A320),Word of mouth,4,2,3,4,4,1,0,1,0,1,1,0,0,Very satisfied,7,0,0,1,0,0,1,1,0,3x in 12 months,AOG reduction %
UAE-0083,Tech_Forward_Carrier,Hot,Fleet/Maintenance Manager,Commercial airline (full-service),81-200,11-20 years,Other GCC,Full predictive + digital twin,0,>$50M,75323379,1,1,1,0,0,0,1,1,1,0,1,0,1,0,1,10,Regulatory concerns,1,1,0,1,0,0,0,0,Hybrid,$3K-$8K,5689,Per-aircraft/year,Head of Maintenance/CAMO,>12 months,1,1,1,1,1,1,0,1,1,1,0,0,0,1,0,3,6,Airbus narrow (A320),LinkedIn/social media,5,2,4,4,4,1,1,0,0,0,1,0,0,Very satisfied,8,0,0,0,1,0,1,1,0,3x in 12 months,AOG reduction %
UAE-0084,Tech_Forward_Carrier,Hot,Director/VP Operations,Low-cost carrier,11-30,20+ years,Outside GCC,Scheduled/calendar,10+,$500K-$2M,1545772,1,0,1,0,0,1,0,0,1,0,1,1,1,0,0,8,Legacy integration,1,0,1,1,0,0,0,0,Full cloud (SaaS),$1K-$3K,2100,Pay-per-insight,Joint committee,1-3 months,1,1,1,1,1,0,0,0,1,0,1,1,0,0,0,4,8,Regional/turboprop,LinkedIn/social media,5,5,5,5,5,1,0,0,0,0,0,1,0,No platform,6,1,0,0,1,0,1,1,0,3x in 12 months,Dispatch reliability %
UAE-0085,Tech_Forward_Carrier,Warm,Director/VP Operations,Independent MRO,31-80,6-10 years,Abu Dhabi,Full predictive + digital twin,3-5,$2M-$10M,7075541,0,1,1,1,0,1,0,1,0,1,1,1,1,1,0,7,Regulatory concerns,1,1,0,1,0,0,0,0,Full cloud (SaaS),$8K-$20K,12591,Per-aircraft/year,Joint committee,1-3 months,1,1,0,1,1,0,0,1,1,1,1,0,0,0,0,5,8,Airbus wide (A330/A350/A380),Industry event,4,1,4,3,2,0,0,0,0,0,1,0,0,Satisfied but expensive,8,0,1,0,1,1,1,0,0,2x,Unscheduled maintenance reduction
UAE-0086,Tech_Forward_Carrier,Warm,Fleet/Maintenance Manager,Independent MRO,31-80,11-20 years,Dubai,Predictive (some AI),3-5,$2M-$10M,5548151,0,1,1,0,0,0,1,0,0,1,0,0,1,0,0,7,Legacy integration,1,1,1,0,0,0,0,0,Full cloud (SaaS),$8K-$20K,15785,Fixed monthly SaaS,C-Suite,1-3 months,0,1,1,1,1,1,1,1,0,1,1,1,0,0,0,5,5,Airbus narrow (A320),LinkedIn/social media,3,2,3,4,5,0,0,1,0,0,0,1,0,Very satisfied,6,0,0,0,1,1,0,1,0,5x+,AOG reduction %
UAE-0087,Tech_Forward_Carrier,Hot,C-Suite,Aircraft leasing,31-80,20+ years,Outside GCC,Full predictive + digital twin,1-2,$10M-$50M,23135136,1,1,0,1,0,0,0,1,1,1,1,0,1,1,0,8,Legacy integration,1,0,1,1,0,0,0,0,Full cloud (SaaS),$8K-$20K,13885,Hardware lease + software,C-Suite,>12 months,1,0,0,0,0,0,1,0,1,0,1,0,1,0,0,3,8,Airbus wide (A330/A350/A380),Aviation publication,4,1,4,4,5,1,0,1,1,0,1,0,0,No platform,8,0,0,0,1,1,0,0,0,3x in 12 months,Cost saved per aircraft/yr
UAE-0088,Tech_Forward_Carrier,Exploring,C-Suite,Independent MRO,81-200,20+ years,Sharjah/Northern Emirates,Predictive (some AI),1-2,$10M-$50M,32055389,0,0,1,1,1,0,0,0,1,1,1,1,1,1,0,7,No barriers,0,0,0,0,0,1,0,0,Full cloud (SaaS),$8K-$20K,15128,Hardware lease + software,Procurement/Finance,1-3 months,1,1,0,0,0,1,0,0,1,0,0,0,1,0,1,7,6,Airbus wide (A330/A350/A380),Industry event,4,2,2,5,4,1,1,1,0,1,0,0,0,Dissatisfied - poor accuracy,10,0,1,0,1,0,0,0,0,2x,Unscheduled maintenance reduction
UAE-0089,Tech_Forward_Carrier,Warm,Procurement/Finance,Commercial airline (full-service),81-200,6-10 years,Abu Dhabi,Condition-based,1-2,$2M-$10M,5963857,1,0,1,0,0,1,1,1,0,1,0,0,0,1,0,7,High upfront cost,1,1,0,0,0,0,0,0,Full cloud (SaaS),$3K-$8K,5626,Per-aircraft/year,Head of Maintenance/CAMO,1-3 months,1,0,1,1,1,0,0,0,1,1,1,0,0,0,0,3,7,Boeing wide (B777/B787),Email invite,4,1,1,4,2,0,0,1,0,0,0,0,0,No platform,5,1,0,0,1,0,0,0,1,2x,AOG reduction %
UAE-0090,Tech_Forward_Carrier,Hot,Fleet/Maintenance Manager,Charter/private aviation,31-80,20+ years,Other GCC,Scheduled/calendar,1-2,$10M-$50M,33421865,1,1,0,0,1,1,0,1,1,1,1,0,1,0,0,9,Legacy integration,1,1,1,0,0,0,0,0,Hybrid,$3K-$8K,5921,Per-aircraft/year,Joint committee,6-12 months,1,1,0,1,1,0,0,1,0,0,0,1,0,0,0,1,8,Airbus wide (A330/A350/A380),LinkedIn/social media,4,1,4,5,4,1,0,1,1,1,0,0,0,Satisfied but expensive,7,0,0,1,0,1,0,0,0,3x in 12 months,AOG reduction %
UAE-0091,Tech_Forward_Carrier,Warm,Director/VP Operations,Independent MRO,31-80,11-20 years,Dubai,Predictive (some AI),3-5,$2M-$10M,6187544,1,0,1,0,0,0,0,0,1,1,1,1,1,1,0,6,Lack data expertise,1,1,1,0,0,0,0,0,Full cloud (SaaS),>$20K,26754,Hardware lease + software,IT/Digital lead,1-3 months,1,1,1,1,1,1,0,0,1,1,1,0,0,0,0,3,5,Airbus narrow (A320),Industry event,4,3,3,4,4,1,0,1,0,0,0,0,0,No platform,9,0,1,1,0,0,0,1,0,1.5x,AOG reduction %
UAE-0092,Tech_Forward_Carrier,Hot,Director/VP Operations,Charter/private aviation,81-200,20+ years,Abu Dhabi,Predictive (some AI),3-5,>$50M,85402128,1,0,0,1,1,1,1,1,1,0,0,1,1,0,0,9,Legacy integration,0,1,1,1,0,0,0,0,Hybrid,>$20K,24739,Per-aircraft/year,Joint committee,3-6 months,1,1,0,1,1,0,0,0,0,0,0,1,1,0,1,4,9,Boeing narrow (B737),Word of mouth,5,2,3,4,5,0,0,0,0,0,0,0,1,Dissatisfied - poor accuracy,8,0,0,0,1,0,1,0,0,2x,AOG reduction %
UAE-0093,Tech_Forward_Carrier,Hot,IT/Digital Lead,Commercial airline (full-service),1-10,20+ years,Sharjah/Northern Emirates,Condition-based,1-2,$10M-$50M,39338673,0,0,1,0,0,0,0,0,0,1,1,1,1,1,0,8,No barriers,1,1,1,0,0,0,0,0,Hybrid,>$20K,52250,Fixed monthly SaaS,Head of Maintenance/CAMO,3-6 months,1,1,1,1,1,1,0,1,1,0,1,0,0,0,1,3,7,Airbus wide (A330/A350/A380),Email invite,4,2,3,5,4,1,1,0,0,0,0,1,0,Dissatisfied - hard to integrate,7,0,0,1,1,1,1,0,1,3x in 12 months,Cost saved per aircraft/yr
UAE-0094,Tech_Forward_Carrier,Hot,IT/Digital Lead,Low-cost carrier,31-80,11-20 years,Dubai,Full predictive + digital twin,1-2,$2M-$10M,7928043,1,1,0,1,0,1,0,1,1,0,1,1,1,0,0,10,Regulatory concerns,1,1,1,0,0,0,0,0,Full cloud (SaaS),<$1K,539,Hardware lease + software,IT/Digital lead,3-6 months,0,1,1,1,0,0,1,0,1,1,1,0,0,0,0,3,8,Airbus wide (A330/A350/A380),Aviation publication,3,3,3,3,3,0,1,1,0,0,0,0,0,Dissatisfied - poor support,8,1,1,1,1,1,0,0,1,Strategic value,AOG reduction %
UAE-0095,Tech_Forward_Carrier,Hot,Director/VP Operations,Low-cost carrier,81-200,2-5 years,Dubai,Full predictive + digital twin,1-2,$2M-$10M,5565132,0,0,0,1,1,0,0,1,1,1,1,1,0,1,0,10,Cybersecurity,0,1,0,0,0,0,1,1,Hybrid,$8K-$20K,10911,Pay-per-insight,Procurement/Finance,3-6 months,1,1,1,0,1,1,0,0,1,1,0,1,0,0,0,1,8,Boeing narrow (B737),Industry event,5,3,2,5,4,1,1,0,0,0,0,0,0,No platform,7,1,1,0,1,0,0,1,0,3x in 12 months,Dispatch reliability %
UAE-0096,Tech_Forward_Carrier,Exploring,Director/VP Operations,Aircraft leasing,31-80,6-10 years,Dubai,Predictive (some AI),0,$500K-$2M,1415686,1,0,1,0,0,1,0,1,0,0,1,0,1,1,0,7,No barriers,1,1,1,0,0,0,0,0,Hybrid,$3K-$8K,3939,Per-aircraft/year,Head of Maintenance/CAMO,1-3 months,0,1,0,1,1,1,1,0,0,0,0,1,0,0,0,8,6,Boeing narrow (B737),Word of mouth,4,2,3,4,4,1,1,0,1,0,0,0,0,Satisfied but expensive,6,0,0,1,0,1,1,0,0,5x+,Component lifespan extension
UAE-0097,Tech_Forward_Carrier,Hot,IT/Digital Lead,Low-cost carrier,31-80,<2 years,Other GCC,Scheduled/calendar,1-2,$2M-$10M,5977001,0,1,1,1,1,1,1,1,1,1,1,1,1,1,0,10,High upfront cost,1,1,1,0,0,0,0,0,Hybrid,$3K-$8K,6038,Per-aircraft/year,Procurement/Finance,1-3 months,1,1,1,1,1,1,1,0,1,0,0,1,0,0,1,2,9,Airbus wide (A330/A350/A380),LinkedIn/social media,2,3,1,4,3,0,1,0,0,0,0,0,0,No platform,5,0,1,0,0,1,0,1,0,3x in 12 months,Dispatch reliability %
UAE-0098,Tech_Forward_Carrier,Exploring,Director/VP Operations,Low-cost carrier,81-200,11-20 years,Abu Dhabi,Scheduled/calendar,3-5,$10M-$50M,35223720,1,1,1,1,0,1,0,0,0,1,0,1,1,0,0,5,Regulatory concerns,0,1,1,0,1,0,0,0,Full cloud (SaaS),>$20K,29746,Pay-per-insight,Head of Maintenance/CAMO,6-12 months,1,0,1,0,0,1,1,0,1,0,1,0,0,1,0,6,5,Boeing narrow (B737),Word of mouth,4,1,3,4,3,1,0,0,0,1,1,0,0,Dissatisfied - poor accuracy,7,1,0,1,0,1,1,0,0,Strategic value,Dispatch reliability %
UAE-0099,Tech_Forward_Carrier,Hot,Fleet/Maintenance Manager,Independent MRO,31-80,20+ years,Abu Dhabi,Predictive (some AI),1-2,$2M-$10M,7350683,1,0,1,1,1,1,1,0,1,1,0,1,1,0,0,10,Legacy integration,1,1,1,0,0,0,0,0,Full cloud (SaaS),>$20K,26242,Fixed monthly SaaS,IT/Digital lead,1-3 months,1,0,0,1,1,1,1,1,1,1,1,0,0,0,0,2,8,Airbus narrow (A320),LinkedIn/social media,5,2,3,5,4,1,1,0,1,0,0,0,0,Dissatisfied - poor accuracy,7,1,1,1,1,1,1,0,0,5x+,Dispatch reliability %
UAE-0100,Tech_Forward_Carrier,Warm,C-Suite,Low-cost carrier,11-30,2-5 years,Dubai,Condition-based,3-5,<$500K,242636,1,0,1,1,0,1,0,0,1,1,1,0,1,0,0,8,High upfront cost,1,0,0,0,1,0,0,1,Full cloud (SaaS),$1K-$3K,1986,Fixed monthly SaaS,IT/Digital lead,<1 month,1,1,1,1,1,1,0,0,1,0,1,1,0,0,0,6,6,Airbus narrow (A320),Email invite,5,2,3,3,5,0,1,1,0,0,1,0,0,Very satisfied,8,0,0,0,1,1,1,0,0,2x,Dispatch reliability %
UAE-0101,Tech_Forward_Carrier,Warm,Procurement/Finance,Low-cost carrier,31-80,11-20 years,Outside GCC,Predictive (some AI),1-2,$500K-$2M,1437126,1,0,1,1,1,1,1,0,1,0,0,1,0,1,0,5,No barriers,1,1,1,0,0,0,0,0,Full cloud (SaaS),<$1K,687,Fixed monthly SaaS,C-Suite,6-12 months,1,1,1,1,1,0,0,1,1,1,0,1,0,0,0,4,7,Boeing narrow (B737),Word of mouth,3,2,2,4,5,0,0,0,0,0,1,0,0,Dissatisfied - poor support,7,1,1,1,0,0,1,1,0,2x,Cost saved per aircraft/yr
UAE-0102,Tech_Forward_Carrier,Warm,Fleet/Maintenance Manager,Commercial airline (full-service),81-200,20+ years,Other GCC,Full predictive + digital twin,6-10,$2M-$10M,6195689,1,1,0,1,0,0,0,0,1,1,1,1,1,0,0,10,Regulatory concerns,1,0,1,1,0,0,0,0,Full cloud (SaaS),>$20K,30498,Per-aircraft/year,Joint committee,1-3 months,1,1,1,1,1,0,1,0,1,1,1,0,0,0,0,5,6,Airbus narrow (A320),Word of mouth,5,2,3,5,5,1,1,0,0,0,0,0,0,Very satisfied,9,1,1,1,1,1,0,0,0,5x+,Audit pass rate
UAE-0103,Tech_Forward_Carrier,Not Interested,C-Suite,Charter/private aviation,200+,<2 years,Dubai,Full predictive + digital twin,3-5,$10M-$50M,32874285,1,0,0,1,0,0,1,1,1,0,1,0,0,0,0,5,Legacy integration,0,1,1,0,0,1,0,0,Full cloud (SaaS),$8K-$20K,18116,Fixed monthly SaaS,Joint committee,<1 month,1,0,1,1,0,1,0,0,1,1,0,0,1,0,0,6,2,Boeing narrow (B737),Word of mouth,4,2,3,5,4,1,0,0,1,0,0,0,0,Dissatisfied - hard to integrate,10,0,0,1,1,0,1,0,0,2x,AOG reduction %
UAE-0104,Tech_Forward_Carrier,Not Interested,Fleet/Maintenance Manager,Aircraft leasing,81-200,2-5 years,Dubai,Full predictive + digital twin,0,>$50M,80102260,1,1,1,0,0,1,0,0,1,1,1,0,1,0,0,6,Legacy integration,1,1,1,0,0,0,0,0,Hybrid,>$20K,32858,Hardware lease + software,Head of Maintenance/CAMO,3-6 months,1,1,0,1,0,0,1,0,0,1,1,0,0,1,0,9,1,Airbus narrow (A320),Industry event,5,2,2,5,4,1,0,1,0,1,0,0,0,Dissatisfied - hard to integrate,7,0,1,0,0,0,0,1,1,5x+,Cost saved per aircraft/yr
UAE-0105,Tech_Forward_Carrier,Warm,Fleet/Maintenance Manager,Low-cost carrier,31-80,2-5 years,Sharjah/Northern Emirates,Predictive (some AI),1-2,$10M-$50M,29221176,0,1,1,1,0,1,0,0,1,1,1,0,1,0,0,9,Lack data expertise,1,1,1,0,0,0,0,0,Full cloud (SaaS),$3K-$8K,4414,Fixed monthly SaaS,C-Suite,3-6 months,1,1,0,0,0,0,0,1,1,1,1,0,0,0,0,2,8,Airbus narrow (A320),LinkedIn/social media,4,1,1,4,3,1,0,1,1,0,1,0,0,No platform,10,1,1,1,1,1,1,1,0,3x in 12 months,Component lifespan extension
UAE-0106,Tech_Forward_Carrier,Hot,Fleet/Maintenance Manager,Low-cost carrier,11-30,6-10 years,Dubai,Predictive (some AI),1-2,<$500K,287868,0,0,1,1,1,1,0,0,1,1,0,0,1,0,0,8,No barriers,1,1,0,0,1,0,0,0,Hybrid,$1K-$3K,2810,Fixed monthly SaaS,IT/Digital lead,3-6 months,1,1,1,1,0,1,0,0,1,0,0,1,1,0,0,4,8,Airbus narrow (A320),LinkedIn/social media,2,3,2,3,5,1,0,0,0,0,1,0,0,Dissatisfied - poor support,10,0,0,0,1,1,0,0,0,3x in 12 months,Component lifespan extension
UAE-0107,Tech_Forward_Carrier,Warm,Fleet/Maintenance Manager,Charter/private aviation,81-200,11-20 years,Abu Dhabi,Condition-based,1-2,<$500K,301910,0,1,1,0,1,1,1,0,0,0,1,1,0,1,0,9,Regulatory concerns,1,1,1,0,0,0,0,0,No preference,$8K-$20K,15498,Fixed monthly SaaS,Head of Maintenance/CAMO,3-6 months,1,0,0,0,1,1,0,0,0,1,1,0,1,0,0,6,7,Airbus wide (A330/A350/A380),Word of mouth,4,2,2,4,4,1,1,0,1,1,1,0,0,Dissatisfied - hard to integrate,5,0,0,0,1,0,0,0,0,1.5x,Component lifespan extension
UAE-0108,Tech_Forward_Carrier,Hot,Director/VP Operations,Commercial airline (full-service),31-80,6-10 years,Other GCC,Predictive (some AI),1-2,$2M-$10M,5911494,1,0,0,0,0,1,1,0,1,1,0,0,1,1,0,7,Regulatory concerns,1,0,0,1,0,0,0,1,On-premise,>$20K,22437,Per-aircraft/year,C-Suite,1-3 months,0,1,1,0,0,1,1,0,0,0,1,1,0,1,0,3,10,Boeing narrow (B737),Aviation publication,5,1,2,5,3,1,1,0,0,1,1,0,0,Dissatisfied - hard to integrate,7,0,1,1,0,1,1,0,0,5x+,AOG reduction %
UAE-0109,Tech_Forward_Carrier,Hot,Fleet/Maintenance Manager,Charter/private aviation,31-80,20+ years,Abu Dhabi,Predictive (some AI),3-5,$10M-$50M,32475234,1,1,1,1,1,0,0,0,1,1,0,1,1,0,0,7,Legacy integration,1,1,0,0,0,1,0,0,Full cloud (SaaS),$8K-$20K,14265,Outcome-based,Procurement/Finance,6-12 months,1,1,1,1,1,1,1,0,0,0,1,1,0,1,0,1,7,Boeing narrow (B737),Industry event,4,1,3,4,4,1,0,0,0,1,0,0,0,Very satisfied,8,1,1,0,1,1,0,0,0,1.5x,Cost saved per aircraft/yr
UAE-0110,Tech_Forward_Carrier,Exploring,Procurement/Finance,Defence/government,81-200,20+ years,Sharjah/Northern Emirates,Condition-based,0,$2M-$10M,7227726,1,0,0,0,1,0,1,0,1,0,1,1,1,0,0,6,Regulatory concerns,1,1,1,0,0,0,0,0,Hybrid,$3K-$8K,5074,Fixed monthly SaaS,Head of Maintenance/CAMO,6-12 months,1,1,1,1,1,0,0,0,0,0,0,1,0,0,1,6,5,Boeing narrow (B737),Industry event,4,2,2,4,3,0,0,1,1,1,1,0,0,Dissatisfied - poor support,10,1,1,0,0,0,1,1,0,ROI not primary,Audit pass rate
UAE-0111,Tech_Forward_Carrier,Hot,MRO Engineer/Technician,Commercial airline (full-service),81-200,11-20 years,Abu Dhabi,Condition-based,1-2,$10M-$50M,24402615,1,1,0,0,0,0,0,1,0,0,0,0,1,0,0,8,No barriers,1,1,0,1,0,0,0,0,Hybrid,$3K-$8K,4788,Pay-per-insight,Procurement/Finance,3-6 months,1,0,1,1,1,0,0,0,0,1,1,0,0,0,1,4,8,Airbus wide (A330/A350/A380),LinkedIn/social media,2,2,2,2,2,0,1,0,0,1,0,0,0,No platform,6,0,0,1,1,0,1,1,0,5x+,Dispatch reliability %
UAE-0112,Tech_Forward_Carrier,Hot,C-Suite,Low-cost carrier,81-200,20+ years,Dubai,Full predictive + digital twin,1-2,>$50M,78485482,0,1,0,1,1,0,0,0,0,1,1,1,1,1,0,9,No barriers,1,1,0,0,0,0,0,0,Full cloud (SaaS),$8K-$20K,15042,Per-aircraft/year,C-Suite,<1 month,1,1,1,1,1,0,1,0,0,1,1,1,0,0,0,2,8,Airbus narrow (A320),Aviation publication,4,2,3,5,4,0,1,0,1,0,0,0,0,Dissatisfied - hard to integrate,5,0,0,0,1,0,0,0,0,3x in 12 months,AOG reduction %
UAE-0113,Tech_Forward_Carrier,Warm,IT/Digital Lead,Commercial airline (full-service),11-30,6-10 years,Dubai,Predictive (some AI),6-10,<$500K,246689,0,1,1,0,0,0,1,1,0,1,0,0,1,0,0,10,Legacy integration,0,1,1,1,0,0,0,0,Full cloud (SaaS),>$20K,23949,Outcome-based,IT/Digital lead,1-3 months,1,1,1,1,1,1,0,0,1,1,1,0,0,0,0,7,8,Business jet/helicopter,Word of mouth,4,2,4,4,4,1,1,0,0,0,1,0,0,Dissatisfied - poor accuracy,6,1,0,1,1,1,1,1,0,2x,Cost saved per aircraft/yr
UAE-0114,Tech_Forward_Carrier,Hot,IT/Digital Lead,Commercial airline (full-service),1-10,6-10 years,Outside GCC,Predictive (some AI),0,$2M-$10M,5086718,1,0,1,0,0,0,0,0,1,1,0,1,0,1,0,8,Cybersecurity,0,1,1,0,1,0,0,0,Full cloud (SaaS),>$20K,24335,Per-aircraft/year,Procurement/Finance,<1 month,1,0,0,1,0,0,1,0,0,1,1,1,0,0,0,3,7,Airbus narrow (A320),Email invite,4,1,3,5,3,0,1,1,1,1,0,0,0,Very satisfied,8,0,0,0,0,0,1,0,0,3x in 12 months,Cost saved per aircraft/yr
UAE-0115,Tech_Forward_Carrier,Not Interested,IT/Digital Lead,Charter/private aviation,31-80,11-20 years,Other GCC,Predictive (some AI),3-5,$10M-$50M,35524510,0,1,0,0,0,0,0,0,1,0,1,0,1,1,0,5,No barriers,1,0,1,1,0,0,0,0,Full cloud (SaaS),$8K-$20K,18214,Fixed monthly SaaS,Head of Maintenance/CAMO,1-3 months,1,0,1,1,1,0,0,0,1,1,0,1,0,0,0,8,1,Airbus wide (A330/A350/A380),LinkedIn/social media,4,2,3,5,3,0,1,1,1,0,1,0,0,Satisfied but expensive,8,0,1,0,1,1,1,0,0,5x+,AOG reduction %
UAE-0116,Tech_Forward_Carrier,Hot,IT/Digital Lead,Low-cost carrier,31-80,6-10 years,Dubai,Full predictive + digital twin,0,$500K-$2M,984928,1,1,0,0,1,1,0,0,1,1,1,0,0,1,0,8,No barriers,1,0,0,1,1,0,0,0,Full cloud (SaaS),$8K-$20K,11722,Fixed monthly SaaS,IT/Digital lead,1-3 months,0,0,1,1,1,0,1,1,1,1,0,0,0,1,0,2,10,Airbus narrow (A320),Word of mouth,5,2,2,4,5,0,0,0,1,0,0,0,0,Satisfied but expensive,8,1,0,0,1,0,1,1,0,2x,Dispatch reliability %
UAE-0117,Tech_Forward_Carrier,Hot,Fleet/Maintenance Manager,Low-cost carrier,31-80,11-20 years,Dubai,Condition-based,1-2,$2M-$10M,8087396,1,1,1,1,1,0,1,0,0,1,1,0,1,1,0,9,High upfront cost,1,0,1,0,1,0,0,0,Hybrid,$1K-$3K,2069,Per-aircraft/year,Joint committee,1-3 months,1,1,1,0,0,1,0,0,1,1,1,0,0,0,0,2,8,Airbus narrow (A320),LinkedIn/social media,4,2,3,4,3,1,1,0,0,0,0,0,0,Dissatisfied - poor support,5,0,1,1,0,0,1,0,0,2x,AOG reduction %
UAE-0118,Tech_Forward_Carrier,Warm,IT/Digital Lead,Charter/private aviation,81-200,6-10 years,Sharjah/Northern Emirates,Full predictive + digital twin,10+,$2M-$10M,6457192,0,1,0,1,1,1,1,1,0,0,0,0,0,1,0,7,Regulatory concerns,1,1,1,0,0,0,0,0,Hybrid,$3K-$8K,3368,Hardware lease + software,IT/Digital lead,1-3 months,0,1,1,1,0,1,1,0,1,0,1,1,0,0,0,5,9,Boeing narrow (B737),LinkedIn/social media,4,2,3,4,5,0,1,0,0,0,0,0,0,Dissatisfied - poor support,7,1,0,0,0,0,0,0,0,3x in 12 months,Unscheduled maintenance reduction
UAE-0119,Tech_Forward_Carrier,Warm,Fleet/Maintenance Manager,Commercial airline (full-service),81-200,6-10 years,Other GCC,Scheduled/calendar,0,$2M-$10M,6240653,0,1,1,0,0,1,1,1,1,1,1,1,1,0,0,9,High upfront cost,1,0,0,0,1,1,0,0,Hybrid,$1K-$3K,1759,Fixed monthly SaaS,C-Suite,1-3 months,1,1,0,0,1,0,1,0,1,1,1,0,0,0,0,6,6,Airbus narrow (A320),Word of mouth,4,2,2,4,4,0,1,0,1,0,0,0,0,No platform,9,1,0,1,0,1,0,0,0,ROI not primary,AOG reduction %
UAE-0120,Tech_Forward_Carrier,Hot,MRO Engineer/Technician,Commercial airline (full-service),200+,6-10 years,Abu Dhabi,Scheduled/calendar,6-10,>$50M,80340355,0,0,1,0,0,0,1,0,1,0,1,1,0,0,0,8,Cybersecurity,1,1,1,0,0,0,0,0,Hybrid,>$20K,32121,Per-aircraft/year,C-Suite,3-6 months,0,1,1,0,1,1,1,0,1,1,0,1,0,0,0,5,9,Airbus wide (A330/A350/A380),Industry event,4,1,2,4,4,1,0,0,0,0,0,0,0,Dissatisfied - poor support,7,0,1,1,0,1,1,0,0,1.5x,Cost saved per aircraft/yr
UAE-0121,Tech_Forward_Carrier,Exploring,IT/Digital Lead,Independent MRO,31-80,2-5 years,Other GCC,Full predictive + digital twin,6-10,$2M-$10M,6050984,0,1,1,0,0,0,1,0,1,1,1,1,0,0,0,7,Regulatory concerns,1,1,1,0,0,0,0,0,Hybrid,$3K-$8K,5430,Per-aircraft/year,Head of Maintenance/CAMO,3-6 months,1,1,1,0,1,0,1,1,0,0,0,1,0,0,1,7,4,Boeing narrow (B737),Industry event,3,1,2,3,4,1,0,0,0,1,1,0,0,Satisfied but expensive,10,0,0,0,0,1,1,0,0,2x,Unscheduled maintenance reduction
UAE-0122,Tech_Forward_Carrier,Warm,Fleet/Maintenance Manager,Commercial airline (full-service),11-30,11-20 years,Other GCC,Scheduled/calendar,1-2,$500K-$2M,1478517,1,0,0,1,0,0,1,1,0,1,1,0,1,1,0,8,High upfront cost,1,1,1,0,0,0,0,0,Full cloud (SaaS),$1K-$3K,2536,Pay-per-insight,C-Suite,6-12 months,1,1,1,1,0,1,1,0,0,1,0,0,0,0,0,5,6,Airbus narrow (A320),Aviation publication,4,2,2,4,4,1,0,0,0,0,0,0,0,No platform,7,1,0,0,1,1,0,1,1,3x in 12 months,Cost saved per aircraft/yr
UAE-0123,Tech_Forward_Carrier,Exploring,MRO Engineer/Technician,Independent MRO,31-80,20+ years,Other GCC,Scheduled/calendar,0,$2M-$10M,6393244,0,1,1,1,1,1,0,1,1,1,0,0,1,1,0,7,High upfront cost,0,1,0,0,1,1,0,0,Full cloud (SaaS),$8K-$20K,16392,Per-aircraft/year,Head of Maintenance/CAMO,6-12 months,1,1,1,1,1,0,1,0,1,1,1,0,0,0,0,4,1,Airbus wide (A330/A350/A380),Word of mouth,5,1,2,3,3,0,0,1,0,0,0,0,0,Dissatisfied - poor accuracy,8,1,0,0,0,1,1,1,1,3x in 12 months,Dispatch reliability %
UAE-0124,Tech_Forward_Carrier,Hot,MRO Engineer/Technician,Low-cost carrier,31-80,20+ years,Dubai,Predictive (some AI),1-2,$500K-$2M,1392341,0,0,0,1,0,1,1,1,1,1,0,0,1,1,0,8,High upfront cost,0,1,0,1,1,0,0,0,Full cloud (SaaS),$8K-$20K,7470,Per-aircraft/year,IT/Digital lead,1-3 months,1,0,1,1,0,0,1,0,0,0,0,1,1,1,0,2,9,Boeing wide (B777/B787),LinkedIn/social media,3,2,2,5,4,0,1,0,1,0,0,0,0,No platform,6,1,1,0,1,0,1,0,0,Strategic value,Audit pass rate
UAE-0125,Tech_Forward_Carrier,Warm,MRO Engineer/Technician,Independent MRO,1-10,20+ years,Abu Dhabi,Full predictive + digital twin,3-5,$500K-$2M,1474357,1,1,1,0,0,0,1,1,1,1,1,0,1,0,0,8,Legacy integration,1,1,0,0,0,0,1,0,On-premise,$3K-$8K,5472,Per-aircraft/year,Procurement/Finance,6-12 months,1,1,1,1,1,1,1,0,1,1,1,0,0,0,0,3,5,Boeing narrow (B737),Word of mouth,4,2,4,3,3,0,1,1,1,0,0,0,0,Dissatisfied - poor support,10,1,1,0,1,1,1,0,0,ROI not primary,Dispatch reliability %
UAE-0126,Tech_Forward_Carrier,Hot,Procurement/Finance,Defence/government,31-80,20+ years,Dubai,Predictive (some AI),3-5,$10M-$50M,29058043,1,1,0,0,1,0,0,1,1,0,1,0,0,0,0,8,Regulatory concerns,1,0,1,1,0,0,0,0,Hybrid,>$20K,33241,Fixed monthly SaaS,Head of Maintenance/CAMO,3-6 months,1,1,1,1,1,0,1,0,1,0,0,0,0,1,0,2,10,Boeing narrow (B737),Word of mouth,5,1,4,4,5,1,1,0,0,1,1,0,0,Dissatisfied - hard to integrate,8,1,0,1,1,1,1,0,1,3x in 12 months,Cost saved per aircraft/yr
UAE-0127,Tech_Forward_Carrier,Hot,IT/Digital Lead,Independent MRO,11-30,<2 years,Dubai,Predictive (some AI),3-5,<$500K,298815,0,0,1,0,0,1,0,0,1,1,1,0,1,0,0,10,Regulatory concerns,1,1,0,0,1,0,0,0,On-premise,$1K-$3K,2011,Pay-per-insight,Head of Maintenance/CAMO,3-6 months,1,1,1,1,0,1,1,0,0,1,0,0,0,0,1,2,9,Boeing narrow (B737),Email invite,4,3,3,4,4,1,0,0,0,0,0,0,0,Dissatisfied - hard to integrate,5,0,1,0,0,0,1,1,1,2x,Unscheduled maintenance reduction
UAE-0128,Tech_Forward_Carrier,Hot,MRO Engineer/Technician,Charter/private aviation,31-80,20+ years,Dubai,Condition-based,0,$2M-$10M,5125547,1,0,0,0,1,0,0,1,1,1,0,0,1,0,0,10,Cybersecurity,1,1,1,0,0,0,0,0,Full cloud (SaaS),$3K-$8K,4849,Per-aircraft/year,IT/Digital lead,1-3 months,1,0,0,0,1,0,1,0,0,1,0,1,1,0,0,1,9,Airbus narrow (A320),Email invite,5,2,3,4,3,1,0,1,0,0,0,0,0,No platform,10,1,1,0,1,1,1,1,0,3x in 12 months,Cost saved per aircraft/yr
UAE-0129,Tech_Forward_Carrier,Hot,Fleet/Maintenance Manager,Aircraft leasing,31-80,20+ years,Outside GCC,Full predictive + digital twin,6-10,$2M-$10M,5709588,0,1,0,1,1,0,0,1,1,1,1,1,0,0,0,8,No barriers,1,1,1,0,0,0,0,0,Hybrid,$3K-$8K,6814,Fixed monthly SaaS,Head of Maintenance/CAMO,<1 month,1,0,0,1,1,1,0,1,1,1,0,1,0,0,0,4,9,Airbus wide (A330/A350/A380),Email invite,5,1,3,4,4,0,1,0,1,0,0,0,0,No platform,10,0,0,0,1,1,1,0,0,3x in 12 months,AOG reduction %
UAE-0130,Tech_Forward_Carrier,Exploring,C-Suite,Commercial airline (full-service),200+,2-5 years,Dubai,Predictive (some AI),1-2,$10M-$50M,32285260,0,1,1,1,0,0,1,1,1,1,0,1,1,1,0,7,Legacy integration,1,1,0,0,0,1,0,0,Full cloud (SaaS),$1K-$3K,2386,Fixed monthly SaaS,Head of Maintenance/CAMO,3-6 months,1,1,1,1,0,1,1,0,1,1,0,0,1,0,0,5,3,Airbus wide (A330/A350/A380),LinkedIn/social media,3,1,4,4,4,0,1,1,1,1,0,0,1,Dissatisfied - poor accuracy,7,1,1,1,1,0,0,0,0,3x in 12 months,Cost saved per aircraft/yr
UAE-0131,Tech_Forward_Carrier,Hot,MRO Engineer/Technician,Independent MRO,31-80,20+ years,Other GCC,Predictive (some AI),0,$500K-$2M,1307638,1,1,0,1,0,0,1,0,1,1,1,0,0,0,0,9,No barriers,1,1,0,0,1,0,0,0,Full cloud (SaaS),$3K-$8K,6351,Fixed monthly SaaS,Procurement/Finance,>12 months,1,0,1,0,0,0,0,0,0,1,0,1,1,0,0,2,8,Airbus wide (A330/A350/A380),Industry event,4,2,4,5,5,0,1,1,0,0,0,0,0,No platform,8,0,1,0,1,0,1,1,0,3x in 12 months,Dispatch reliability %
UAE-0132,Tech_Forward_Carrier,Hot,Fleet/Maintenance Manager,Independent MRO,1-10,<2 years,Dubai,Predictive (some AI),0,<$500K,294005,1,0,1,1,1,1,0,0,0,1,1,1,0,1,0,9,High upfront cost,1,1,1,0,0,0,0,0,Full cloud (SaaS),$1K-$3K,1533,Fixed monthly SaaS,IT/Digital lead,3-6 months,1,1,0,1,1,0,1,1,1,0,1,1,0,0,0,3,7,Airbus wide (A330/A350/A380),LinkedIn/social media,4,2,3,4,4,0,0,0,0,0,1,1,0,No platform,10,1,0,0,1,1,1,1,0,3x in 12 months,AOG reduction %
UAE-0133,Tech_Forward_Carrier,Warm,Director/VP Operations,Low-cost carrier,1-10,20+ years,Other GCC,Predictive (some AI),0,<$500K,259028,0,0,1,1,1,0,1,1,0,1,0,1,1,1,0,10,Legacy integration,1,1,0,1,0,0,0,0,Hybrid,<$1K,550,Fixed monthly SaaS,IT/Digital lead,1-3 months,1,1,1,0,1,1,1,0,0,0,0,1,0,0,0,2,7,Boeing narrow (B737),Industry event,4,3,3,4,3,0,1,0,0,1,0,0,0,Dissatisfied - poor accuracy,7,0,0,0,0,1,0,1,0,3x in 12 months,AOG reduction %
UAE-0134,Tech_Forward_Carrier,Warm,Director/VP Operations,Commercial airline (full-service),31-80,11-20 years,Other GCC,Predictive (some AI),0,$10M-$50M,26172657,0,1,0,1,0,0,0,0,1,1,1,1,1,1,0,8,Regulatory concerns,1,0,1,0,1,0,0,0,Full cloud (SaaS),$3K-$8K,6082,Pay-per-insight,IT/Digital lead,6-12 months,1,1,1,1,0,1,0,0,1,0,1,1,0,0,0,7,7,Boeing narrow (B737),Aviation publication,3,2,3,4,4,0,0,1,0,1,0,0,0,Very satisfied,7,0,1,0,1,0,0,0,0,2x,Dispatch reliability %
UAE-0135,Tech_Forward_Carrier,Hot,Procurement/Finance,Low-cost carrier,11-30,6-10 years,Abu Dhabi,Condition-based,0,$500K-$2M,1102831,0,0,1,0,0,0,1,0,0,1,1,0,1,1,0,9,No barriers,1,1,0,0,1,0,0,0,Full cloud (SaaS),<$1K,489,Per-aircraft/year,Head of Maintenance/CAMO,<1 month,1,0,1,1,1,0,1,1,0,0,1,0,1,0,0,3,7,Airbus narrow (A320),Word of mouth,4,4,4,4,4,0,0,0,0,1,0,0,0,No platform,8,1,1,1,1,1,0,1,0,5x+,Component lifespan extension
UAE-0136,Tech_Forward_Carrier,Warm,MRO Engineer/Technician,Commercial airline (full-service),11-30,20+ years,Other GCC,Predictive (some AI),3-5,<$500K,284972,0,0,1,0,1,0,0,1,1,1,1,0,1,1,0,7,No barriers,1,1,0,0,0,0,0,0,No preference,<$1K,341,Hardware lease + software,IT/Digital lead,1-3 months,1,1,1,0,0,1,1,0,1,1,0,1,0,0,0,2,8,Airbus wide (A330/A350/A380),Aviation publication,4,4,2,4,5,1,0,0,1,1,1,1,0,Dissatisfied - hard to integrate,10,1,1,0,1,1,1,0,0,3x in 12 months,Dispatch reliability %
UAE-0137,Tech_Forward_Carrier,Hot,IT/Digital Lead,Commercial airline (full-service),81-200,20+ years,Other GCC,Condition-based,3-5,$10M-$50M,39276766,1,0,1,1,0,0,0,1,1,1,0,1,0,1,0,10,Cybersecurity,1,0,0,0,1,1,0,0,Full cloud (SaaS),$8K-$20K,16580,Hardware lease + software,C-Suite,1-3 months,1,1,0,1,1,1,1,0,1,1,1,0,0,0,0,4,9,Boeing wide (B777/B787),Aviation publication,4,1,2,4,4,0,0,0,0,0,1,0,0,Very satisfied,8,1,0,0,0,0,0,0,0,3x in 12 months,Cost saved per aircraft/yr
UAE-0138,Tech_Forward_Carrier,Hot,Director/VP Operations,Charter/private aviation,200+,2-5 years,Dubai,Full predictive + digital twin,10+,$2M-$10M,6859774,1,1,1,1,0,0,0,0,0,1,1,0,1,1,0,9,Legacy integration,1,1,0,1,0,0,0,0,Full cloud (SaaS),$8K-$20K,17723,Fixed monthly SaaS,C-Suite,1-3 months,1,1,0,1,0,1,0,1,1,1,0,0,0,1,0,1,8,Airbus narrow (A320),Word of mouth,4,1,2,4,5,1,1,0,0,0,0,0,0,Very satisfied,8,1,0,1,1,1,0,0,0,ROI not primary,AOG reduction %
UAE-0139,Tech_Forward_Carrier,Hot,IT/Digital Lead,Commercial airline (full-service),31-80,11-20 years,Abu Dhabi,Full predictive + digital twin,3-5,$500K-$2M,1057964,1,0,0,1,0,0,0,0,1,1,1,1,0,1,0,10,Regulatory concerns,0,1,1,0,1,0,0,0,Full cloud (SaaS),$8K-$20K,17077,Hardware lease + software,IT/Digital lead,<1 month,1,1,1,1,0,1,1,1,0,1,1,0,1,0,0,4,8,Boeing wide (B777/B787),Industry event,4,2,3,5,5,1,0,0,0,0,0,0,0,No platform,7,1,0,0,1,0,1,0,0,2x,AOG reduction %
UAE-0140,Tech_Forward_Carrier,Hot,Procurement/Finance,Low-cost carrier,81-200,20+ years,Other GCC,Full predictive + digital twin,0,$2M-$10M,4992344,1,0,0,0,1,1,0,0,0,1,0,0,0,1,0,9,Legacy integration,1,1,0,0,0,0,0,1,Hybrid,$3K-$8K,3749,Per-aircraft/year,Head of Maintenance/CAMO,1-3 months,0,1,1,1,1,0,0,0,1,0,0,1,0,1,0,3,8,Airbus wide (A330/A350/A380),Word of mouth,4,1,3,4,3,0,1,1,0,0,0,0,0,Dissatisfied - poor accuracy,3,1,1,1,1,0,0,0,0,3x in 12 months,Cost saved per aircraft/yr
UAE-0141,Tech_Forward_Carrier,Warm,MRO Engineer/Technician,Commercial airline (full-service),1-10,6-10 years,Abu Dhabi,Full predictive + digital twin,1-2,$10M-$50M,29876182,0,0,0,0,1,1,0,0,1,0,0,0,0,1,0,10,High upfront cost,1,0,1,0,0,0,1,0,Hybrid,>$20K,28505,Per-aircraft/year,Head of Maintenance/CAMO,1-3 months,0,0,0,1,1,1,0,0,1,1,1,0,0,0,0,4,5,Airbus narrow (A320),Aviation publication,5,1,3,5,5,1,0,0,0,0,0,0,1,Dissatisfied - hard to integrate,7,1,1,1,0,0,1,1,0,5x+,AOG reduction %
UAE-0142,Tech_Forward_Carrier,Hot,IT/Digital Lead,Aircraft leasing,81-200,11-20 years,Dubai,Scheduled/calendar,1-2,$2M-$10M,5816693,1,1,1,1,0,0,0,0,0,0,0,0,0,0,1,8,Regulatory concerns,1,1,1,0,0,0,0,0,Hybrid,$1K-$3K,1702,Per-aircraft/year,Head of Maintenance/CAMO,<1 month,1,0,0,1,0,0,1,1,1,1,0,0,1,0,0,2,8,Airbus narrow (A320),Industry event,5,1,4,4,4,1,1,0,1,0,1,0,0,Dissatisfied - poor accuracy,6,0,1,1,0,0,0,0,0,1.5x,Dispatch reliability %
UAE-0143,Tech_Forward_Carrier,Exploring,MRO Engineer/Technician,Charter/private aviation,200+,11-20 years,Abu Dhabi,Predictive (some AI),1-2,$10M-$50M,19090918,1,1,1,0,1,0,0,1,1,0,0,1,1,0,0,7,Regulatory concerns,1,1,1,0,0,0,0,0,Hybrid,$8K-$20K,15856,Fixed monthly SaaS,Procurement/Finance,1-3 months,1,1,0,1,1,1,0,0,1,0,0,1,0,1,0,6,4,Airbus wide (A330/A350/A380),LinkedIn/social media,5,1,2,5,3,1,1,1,0,0,1,0,0,Dissatisfied - hard to integrate,8,0,0,0,1,1,1,0,0,3x in 12 months,AOG reduction %
UAE-0144,Tech_Forward_Carrier,Hot,Procurement/Finance,Low-cost carrier,31-80,6-10 years,Abu Dhabi,Predictive (some AI),1-2,$10M-$50M,23895381,0,1,1,0,0,1,1,0,1,0,1,1,0,1,0,9,Regulatory concerns,1,1,1,0,0,0,0,0,Full cloud (SaaS),$3K-$8K,5464,Pay-per-insight,Head of Maintenance/CAMO,3-6 months,1,0,0,1,1,0,1,0,1,0,1,1,0,0,0,1,10,Airbus narrow (A320),Email invite,4,1,3,5,3,1,0,0,0,0,0,0,0,Dissatisfied - hard to integrate,7,0,0,1,0,1,1,0,0,5x+,Cost saved per aircraft/yr
UAE-0145,Tech_Forward_Carrier,Hot,Director/VP Operations,Aircraft leasing,200+,11-20 years,Other GCC,Condition-based,1-2,>$50M,79824185,1,1,1,1,0,1,1,0,1,1,1,0,1,1,0,9,Regulatory concerns,1,0,1,0,0,0,1,0,Full cloud (SaaS),$3K-$8K,5674,Per-aircraft/year,IT/Digital lead,<1 month,1,0,1,1,1,0,0,0,1,0,0,1,0,0,0,2,7,Airbus wide (A330/A350/A380),LinkedIn/social media,4,1,1,5,5,0,0,1,0,1,1,0,0,No platform,4,1,0,0,0,1,1,1,0,2x,Cost saved per aircraft/yr
UAE-0146,Tech_Forward_Carrier,Warm,Fleet/Maintenance Manager,Low-cost carrier,31-80,20+ years,Other GCC,Full predictive + digital twin,6-10,$10M-$50M,25456211,1,0,1,0,0,0,0,1,1,1,1,0,1,0,0,9,Legacy integration,0,0,1,1,0,1,0,0,Full cloud (SaaS),$3K-$8K,7536,Fixed monthly SaaS,Head of Maintenance/CAMO,1-3 months,0,1,1,1,1,1,0,1,1,0,0,0,0,0,0,5,5,Airbus wide (A330/A350/A380),Industry event,4,3,2,4,4,0,0,0,1,1,0,0,0,No platform,6,1,0,0,1,0,1,1,0,Strategic value,AOG reduction %
UAE-0147,Tech_Forward_Carrier,Warm,MRO Engineer/Technician,Commercial airline (full-service),81-200,6-10 years,Sharjah/Northern Emirates,Condition-based,1-2,>$50M,76380041,1,0,1,0,0,1,0,0,0,1,1,1,1,1,0,10,Regulatory concerns,0,1,1,1,0,0,0,0,No preference,$1K-$3K,2116,Fixed monthly SaaS,Procurement/Finance,1-3 months,1,0,0,0,1,1,1,0,1,0,0,0,1,0,1,4,6,Airbus narrow (A320),Word of mouth,3,2,2,4,5,1,1,1,1,1,0,0,0,Dissatisfied - hard to integrate,8,1,0,0,1,0,1,0,0,1.5x,Unscheduled maintenance reduction
UAE-0148,Tech_Forward_Carrier,Hot,Director/VP Operations,Commercial airline (full-service),81-200,6-10 years,Other GCC,Full predictive + digital twin,0,$10M-$50M,26616940,1,0,0,1,0,1,0,1,1,1,1,1,1,1,0,8,Legacy integration,1,1,1,0,0,0,0,0,Full cloud (SaaS),>$20K,33788,Fixed monthly SaaS,Head of Maintenance/CAMO,1-3 months,1,0,1,1,1,1,0,1,1,1,0,1,0,0,0,3,6,Boeing wide (B777/B787),Industry event,5,1,4,5,4,1,0,0,0,1,0,0,0,No platform,9,0,1,0,0,1,1,0,0,2x,Unscheduled maintenance reduction
UAE-0149,Tech_Forward_Carrier,Exploring,Director/VP Operations,Commercial airline (full-service),1-10,2-5 years,Other GCC,Condition-based,0,<$500K,252544,1,1,1,0,0,0,0,1,1,1,0,0,1,0,0,7,Cybersecurity,1,1,0,1,0,0,0,0,Full cloud (SaaS),$1K-$3K,2174,Fixed monthly SaaS,Head of Maintenance/CAMO,3-6 months,1,1,1,1,1,1,0,0,0,0,0,1,1,1,0,5,3,Airbus narrow (A320),Word of mouth,5,2,2,4,4,1,1,0,0,1,0,0,0,Dissatisfied - hard to integrate,10,0,0,1,0,1,0,0,1,2x,Cost saved per aircraft/yr
UAE-0150,Tech_Forward_Carrier,Hot,Director/VP Operations,Low-cost carrier,200+,6-10 years,Other GCC,Condition-based,1-2,>$50M,62990254,1,0,1,1,0,1,0,1,0,0,1,1,1,1,0,9,No barriers,1,1,0,0,1,0,0,0,Full cloud (SaaS),$3K-$8K,6898,Hardware lease + software,IT/Digital lead,1-3 months,1,1,0,1,1,1,1,1,1,1,1,0,0,0,0,3,9,Airbus narrow (A320),Email invite,3,2,2,5,5,0,1,1,0,0,1,0,0,Dissatisfied - poor support,10,0,0,1,1,1,0,0,0,2x,Audit pass rate
UAE-0151,Tech_Forward_Carrier,Hot,IT/Digital Lead,Charter/private aviation,31-80,<2 years,Outside GCC,Condition-based,3-5,$10M-$50M,32608349,0,1,1,1,1,1,0,0,1,0,1,0,0,1,0,9,Cybersecurity,1,1,1,0,0,0,0,0,Full cloud (SaaS),$1K-$3K,2069,Fixed monthly SaaS,IT/Digital lead,>12 months,1,1,1,1,1,1,0,0,1,0,1,1,0,0,0,2,8,Airbus narrow (A320),Industry event,4,2,3,4,5,1,0,1,0,0,1,1,0,No platform,9,0,0,1,1,0,1,0,0,3x in 12 months,AOG reduction %
UAE-0152,Tech_Forward_Carrier,Warm,Fleet/Maintenance Manager,Low-cost carrier,31-80,20+ years,Dubai,Full predictive + digital twin,1-2,$2M-$10M,5893738,1,0,1,0,0,1,1,0,1,1,1,0,0,1,0,6,Cybersecurity,1,1,1,0,0,0,0,0,Full cloud (SaaS),$3K-$8K,4898,Per-aircraft/year,Joint committee,3-6 months,1,0,1,0,1,1,1,1,1,1,0,1,0,0,0,6,6,Boeing narrow (B737),Word of mouth,4,1,3,5,4,1,0,0,0,0,0,0,0,Dissatisfied - hard to integrate,7,0,1,1,0,0,0,0,0,ROI not primary,AOG reduction %
UAE-0153,Tech_Forward_Carrier,Hot,IT/Digital Lead,Commercial airline (full-service),200+,20+ years,Dubai,Condition-based,6-10,$10M-$50M,28237088,1,1,0,0,0,0,0,1,1,1,0,1,1,0,1,7,High upfront cost,1,0,0,0,1,1,0,0,Full cloud (SaaS),>$20K,36141,Pay-per-insight,IT/Digital lead,<1 month,1,0,1,1,0,0,1,0,1,0,1,1,0,0,0,2,10,Boeing narrow (B737),LinkedIn/social media,5,2,2,5,4,1,1,1,0,0,1,0,0,Very satisfied,6,0,0,1,1,1,1,0,0,3x in 12 months,Dispatch reliability %
UAE-0154,Tech_Forward_Carrier,Warm,MRO Engineer/Technician,Commercial airline (full-service),11-30,6-10 years,Dubai,Condition-based,6-10,$500K-$2M,1310817,1,1,1,1,0,0,1,1,1,1,1,1,1,0,0,7,Cybersecurity,1,0,1,0,1,0,0,0,Full cloud (SaaS),$3K-$8K,6675,Hardware lease + software,Head of Maintenance/CAMO,1-3 months,1,1,0,1,0,1,1,1,1,0,0,1,1,0,0,4,6,Boeing wide (B777/B787),Email invite,4,2,3,4,5,0,0,0,1,1,0,0,0,Dissatisfied - poor accuracy,5,1,0,0,0,0,0,1,0,2x,AOG reduction %
UAE-0155,Tech_Forward_Carrier,Warm,C-Suite,Charter/private aviation,31-80,11-20 years,Abu Dhabi,Scheduled/calendar,3-5,$2M-$10M,6113741,1,1,0,1,0,0,1,1,1,1,1,0,0,1,0,10,Lack data expertise,1,1,1,0,0,0,0,0,Hybrid,$1K-$3K,1639,Hardware lease + software,Procurement/Finance,1-3 months,1,1,1,1,0,0,1,1,1,1,0,1,0,0,0,3,7,Airbus wide (A330/A350/A380),LinkedIn/social media,4,2,3,5,5,1,0,0,0,0,0,0,0,Very satisfied,8,1,1,0,1,0,1,1,0,5x+,AOG reduction %
UAE-0156,Tech_Forward_Carrier,Warm,Fleet/Maintenance Manager,Low-cost carrier,11-30,6-10 years,Abu Dhabi,Predictive (some AI),0,$500K-$2M,1204764,0,0,0,0,1,0,0,0,0,0,1,0,1,0,0,9,Lack data expertise,1,1,0,1,0,0,0,0,Full cloud (SaaS),$8K-$20K,18787,Per-aircraft/year,Procurement/Finance,>12 months,1,1,0,1,0,1,1,1,0,1,1,1,0,0,0,4,5,Airbus narrow (A320),LinkedIn/social media,5,2,1,5,4,1,0,0,0,0,1,0,0,No platform,7,0,1,0,1,1,0,0,0,Strategic value,AOG reduction %
UAE-0157,Tech_Forward_Carrier,Hot,C-Suite,Commercial airline (full-service),81-200,6-10 years,Dubai,Condition-based,1-2,$2M-$10M,6298782,1,1,1,0,1,0,1,1,0,1,0,0,1,0,0,9,Legacy integration,0,1,1,1,0,0,0,0,Hybrid,<$1K,563,Fixed monthly SaaS,Head of Maintenance/CAMO,1-3 months,1,1,1,0,1,1,1,1,1,0,0,1,0,0,0,2,9,Airbus wide (A330/A350/A380),Aviation publication,4,2,3,4,5,0,0,0,0,1,0,0,0,Dissatisfied - poor support,6,0,0,1,1,0,0,0,1,3x in 12 months,Cost saved per aircraft/yr
UAE-0158,Tech_Forward_Carrier,Warm,C-Suite,Independent MRO,1-10,<2 years,Abu Dhabi,Reactive,3-5,<$500K,280302,1,1,1,1,0,1,0,0,0,1,1,0,0,1,0,9,Regulatory concerns,1,1,1,0,0,0,0,0,Full cloud (SaaS),>$20K,48628,Fixed monthly SaaS,Head of Maintenance/CAMO,1-3 months,1,0,1,1,1,0,1,0,1,1,0,0,1,0,0,4,6,Airbus narrow (A320),Industry event,4,2,3,3,3,0,1,1,0,0,1,0,0,Dissatisfied - hard to integrate,6,0,0,1,1,0,0,0,0,1.5x,Cost saved per aircraft/yr
UAE-0159,Tech_Forward_Carrier,Hot,IT/Digital Lead,Low-cost carrier,81-200,6-10 years,Outside GCC,Full predictive + digital twin,1-2,>$50M,85690960,1,0,1,0,1,0,0,1,1,1,1,1,1,1,0,10,Cybersecurity,1,1,0,0,0,1,0,0,Full cloud (SaaS),>$20K,27473,Outcome-based,Procurement/Finance,6-12 months,1,0,1,1,1,1,0,0,1,1,0,1,0,0,0,2,8,Boeing wide (B777/B787),LinkedIn/social media,5,1,3,5,4,1,0,0,1,1,0,0,0,Satisfied but expensive,8,0,0,0,1,1,0,0,0,3x in 12 months,Component lifespan extension
UAE-0160,Tech_Forward_Carrier,Hot,C-Suite,Low-cost carrier,81-200,11-20 years,Abu Dhabi,Predictive (some AI),6-10,$2M-$10M,6900941,1,1,0,1,1,1,0,0,1,1,1,0,1,0,0,5,Legacy integration,1,0,0,1,1,0,0,0,Full cloud (SaaS),>$20K,31416,Per-aircraft/year,C-Suite,1-3 months,1,1,1,0,1,1,0,0,1,0,0,1,0,1,0,2,6,Airbus wide (A330/A350/A380),LinkedIn/social media,5,3,2,5,5,1,0,0,0,0,1,0,0,Dissatisfied - hard to integrate,9,0,0,1,1,1,1,0,0,2x,AOG reduction %
UAE-0161,Tech_Forward_Carrier,Warm,MRO Engineer/Technician,Low-cost carrier,31-80,20+ years,Dubai,Reactive,10+,$500K-$2M,1557493,0,1,1,0,0,1,0,1,1,0,1,0,1,0,0,9,Cybersecurity,1,1,0,1,0,0,0,0,On-premise,>$20K,28380,Outcome-based,C-Suite,6-12 months,1,0,1,0,0,1,0,0,0,1,1,0,1,0,0,2,6,Airbus narrow (A320),Aviation publication,4,3,2,4,4,1,0,1,0,1,0,0,0,No platform,7,1,0,0,1,1,0,1,0,2x,Component lifespan extension
UAE-0162,Tech_Forward_Carrier,Hot,C-Suite,Aircraft leasing,11-30,6-10 years,Sharjah/Northern Emirates,Predictive (some AI),0,<$500K,313564,1,1,0,1,0,1,1,0,1,1,0,0,1,1,0,8,Regulatory concerns,0,1,1,0,0,0,0,0,Full cloud (SaaS),<$1K,517,Outcome-based,IT/Digital lead,3-6 months,1,0,0,0,0,1,0,0,1,0,1,1,0,0,0,2,6,Business jet/helicopter,LinkedIn/social media,4,2,2,4,3,1,0,1,0,0,0,0,0,Dissatisfied - poor support,7,0,0,1,1,0,1,0,0,5x+,Component lifespan extension
UAE-0163,Tech_Forward_Carrier,Warm,MRO Engineer/Technician,Charter/private aviation,31-80,11-20 years,Other GCC,Predictive (some AI),1-2,$10M-$50M,23228758,1,0,0,0,0,0,0,0,0,1,1,0,1,0,0,9,No barriers,0,0,0,1,0,1,0,1,Full cloud (SaaS),<$1K,507,Per-aircraft/year,Joint committee,1-3 months,1,1,0,1,1,1,1,0,0,0,1,1,0,0,1,2,6,Boeing narrow (B737),LinkedIn/social media,4,2,3,3,4,0,0,1,0,1,1,0,0,Dissatisfied - poor accuracy,7,0,0,0,0,1,1,0,0,5x+,Cost saved per aircraft/yr
UAE-0164,Tech_Forward_Carrier,Warm,Director/VP Operations,Low-cost carrier,81-200,2-5 years,Dubai,Predictive (some AI),6-10,$10M-$50M,33021030,1,0,1,1,0,1,0,0,0,1,1,1,0,1,0,9,Legacy integration,1,1,1,0,0,0,0,0,Full cloud (SaaS),<$1K,432,Fixed monthly SaaS,C-Suite,3-6 months,0,1,1,1,1,0,0,0,0,0,0,0,0,0,1,4,5,Airbus wide (A330/A350/A380),Aviation publication,5,2,4,4,4,0,1,1,0,1,0,0,0,Dissatisfied - hard to integrate,5,1,0,0,1,1,1,0,0,5x+,Dispatch reliability %
UAE-0165,Tech_Forward_Carrier,Warm,Director/VP Operations,Defence/government,31-80,11-20 years,Dubai,Predictive (some AI),1-2,$2M-$10M,4377174,0,1,1,0,1,1,0,1,0,1,0,0,0,0,0,7,Legacy integration,1,0,0,1,1,0,0,0,On-premise,$8K-$20K,14673,Outcome-based,C-Suite,3-6 months,1,1,1,1,0,1,1,0,1,1,0,0,1,0,0,5,4,Airbus narrow (A320),LinkedIn/social media,5,1,3,5,5,0,0,1,1,0,0,0,0,Dissatisfied - poor accuracy,7,0,1,1,1,1,0,0,0,2x,Cost saved per aircraft/yr
UAE-0166,Tech_Forward_Carrier,Hot,Procurement/Finance,Low-cost carrier,31-80,11-20 years,Abu Dhabi,Scheduled/calendar,3-5,>$50M,64974087,1,1,1,0,0,1,0,1,0,1,0,0,1,0,0,6,Regulatory concerns,1,0,0,0,0,0,0,0,Full cloud (SaaS),$1K-$3K,1741,Hardware lease + software,C-Suite,<1 month,1,0,0,0,1,1,1,1,1,0,1,1,0,0,0,2,7,Boeing wide (B777/B787),Industry event,4,2,2,4,4,1,1,1,0,0,1,0,0,Satisfied but expensive,8,1,1,0,0,0,0,0,0,1.5x,Cost saved per aircraft/yr
UAE-0167,Tech_Forward_Carrier,Warm,Fleet/Maintenance Manager,Low-cost carrier,31-80,11-20 years,Abu Dhabi,Predictive (some AI),0,$2M-$10M,5018640,1,1,0,1,0,1,1,1,1,1,1,0,0,0,0,10,Legacy integration,1,0,1,0,0,0,0,0,Full cloud (SaaS),<$1K,491,Fixed monthly SaaS,C-Suite,>12 months,1,0,0,1,1,1,1,0,0,1,0,0,0,1,1,5,7,Airbus narrow (A320),Word of mouth,4,2,3,4,4,1,0,1,0,0,1,0,0,No platform,6,0,0,0,1,0,1,1,0,3x in 12 months,Component lifespan extension
UAE-0168,Tech_Forward_Carrier,Hot,Director/VP Operations,Independent MRO,81-200,6-10 years,Other GCC,Predictive (some AI),1-2,$10M-$50M,30488518,1,1,1,0,0,0,0,0,1,1,1,0,1,0,0,8,No barriers,1,1,1,0,0,0,0,0,Full cloud (SaaS),$3K-$8K,5293,Per-aircraft/year,C-Suite,<1 month,0,0,0,1,1,1,0,0,1,1,0,1,0,0,0,3,6,Boeing narrow (B737),Industry event,4,2,3,4,5,1,0,1,0,0,1,0,0,Dissatisfied - hard to integrate,6,0,1,0,0,1,1,0,0,2x,AOG reduction %
UAE-0169,Tech_Forward_Carrier,Hot,Fleet/Maintenance Manager,Commercial airline (full-service),81-200,6-10 years,Other GCC,Scheduled/calendar,1-2,$10M-$50M,34362557,1,1,0,1,0,0,0,0,1,0,1,1,1,1,0,9,Legacy integration,0,0,1,1,0,0,1,0,Hybrid,>$20K,24743,Pay-per-insight,Head of Maintenance/CAMO,3-6 months,1,0,0,1,1,0,1,0,1,1,1,0,0,0,0,5,6,Business jet/helicopter,Email invite,5,3,2,5,4,1,1,0,1,0,0,0,0,Dissatisfied - poor accuracy,8,0,1,0,1,1,0,0,0,2x,Cost saved per aircraft/yr
UAE-0170,Tech_Forward_Carrier,Hot,C-Suite,Commercial airline (full-service),11-30,2-5 years,Dubai,Full predictive + digital twin,3-5,$2M-$10M,6234289,0,1,0,1,0,1,1,1,0,1,0,0,1,1,0,8,Legacy integration,1,1,1,0,0,0,0,0,Full cloud (SaaS),$8K-$20K,16043,Per-aircraft/year,C-Suite,1-3 months,1,1,1,1,0,1,0,1,0,0,0,0,0,0,1,4,6,Airbus narrow (A320),Email invite,5,1,3,5,3,1,0,1,0,1,1,0,0,Dissatisfied - poor accuracy,7,0,0,0,1,0,1,1,0,Strategic value,AOG reduction %
UAE-0171,Tech_Forward_Carrier,Hot,Director/VP Operations,Low-cost carrier,11-30,11-20 years,Abu Dhabi,Full predictive + digital twin,3-5,$10M-$50M,25024328,0,0,1,1,0,1,0,1,1,1,0,0,0,0,0,8,No barriers,0,0,1,0,0,0,1,1,Full cloud (SaaS),$3K-$8K,5195,Fixed monthly SaaS,Joint committee,6-12 months,1,0,1,1,0,1,0,0,1,0,1,1,0,0,0,4,10,Airbus wide (A330/A350/A380),Aviation publication,5,1,2,3,3,1,0,1,1,0,0,0,1,Dissatisfied - poor support,9,0,0,1,0,1,0,0,0,1.5x,Cost saved per aircraft/yr
UAE-0172,Tech_Forward_Carrier,Exploring,Director/VP Operations,Commercial airline (full-service),81-200,11-20 years,Dubai,Full predictive + digital twin,6-10,>$50M,93175306,1,1,0,0,0,0,1,0,0,1,1,1,1,1,0,5,Cybersecurity,1,1,1,0,0,0,0,0,Full cloud (SaaS),>$20K,25013,Hardware lease + software,IT/Digital lead,1-3 months,1,0,1,0,0,1,1,0,1,0,1,1,0,0,0,6,4,Airbus narrow (A320),LinkedIn/social media,4,2,2,4,4,1,1,0,0,1,0,0,0,Dissatisfied - poor accuracy,7,0,0,1,1,1,1,1,1,3x in 12 months,Audit pass rate
UAE-0173,Tech_Forward_Carrier,Warm,C-Suite,Commercial airline (full-service),11-30,6-10 years,Outside GCC,Condition-based,3-5,$2M-$10M,5607252,1,1,1,1,0,0,0,0,0,1,0,1,1,1,0,8,Legacy integration,0,1,0,0,1,0,1,0,Hybrid,$3K-$8K,5412,Pay-per-insight,IT/Digital lead,<1 month,1,0,1,1,1,0,0,1,0,1,0,1,1,0,0,4,6,Boeing wide (B777/B787),Email invite,5,2,2,5,4,0,0,0,0,1,0,0,1,Satisfied but expensive,9,1,0,0,1,1,0,0,1,3x in 12 months,AOG reduction %
UAE-0174,Tech_Forward_Carrier,Hot,Director/VP Operations,Commercial airline (full-service),31-80,<2 years,Abu Dhabi,Condition-based,10+,$2M-$10M,6332677,1,1,0,1,0,1,0,1,0,1,1,0,1,1,0,8,Cybersecurity,1,1,1,0,0,0,0,0,Full cloud (SaaS),$3K-$8K,5943,Pay-per-insight,Procurement/Finance,6-12 months,1,0,1,1,1,1,1,1,0,1,0,0,0,0,0,1,7,Airbus narrow (A320),LinkedIn/social media,3,2,4,5,4,1,1,0,0,1,0,0,0,Dissatisfied - hard to integrate,8,0,1,0,1,0,0,1,0,3x in 12 months,Component lifespan extension
UAE-0175,Tech_Forward_Carrier,Not Interested,Fleet/Maintenance Manager,Low-cost carrier,81-200,20+ years,Dubai,Condition-based,3-5,$500K-$2M,912301,1,0,1,0,0,1,1,1,0,0,0,0,0,0,1,10,Lack data expertise,1,0,1,0,1,0,0,0,Full cloud (SaaS),$3K-$8K,4720,Fixed monthly SaaS,C-Suite,3-6 months,1,1,1,0,1,0,0,0,0,1,1,1,0,0,0,7,1,Airbus narrow (A320),Aviation publication,4,1,3,4,4,1,0,0,0,0,0,0,0,Dissatisfied - hard to integrate,10,1,1,0,1,1,1,0,0,1.5x,Dispatch reliability %
UAE-0176,Tech_Forward_Carrier,Hot,MRO Engineer/Technician,Commercial airline (full-service),11-30,11-20 years,Outside GCC,Condition-based,3-5,$10M-$50M,25862769,1,1,0,0,0,0,0,1,1,0,0,1,1,0,0,5,Regulatory concerns,1,1,1,0,0,0,0,0,Full cloud (SaaS),$8K-$20K,13279,Per-aircraft/year,Head of Maintenance/CAMO,3-6 months,1,1,0,1,0,0,0,1,1,1,0,1,0,0,0,4,10,Boeing wide (B777/B787),LinkedIn/social media,3,2,2,4,5,1,0,0,0,0,0,0,0,Satisfied but expensive,5,0,1,1,1,1,1,1,0,3x in 12 months,Cost saved per aircraft/yr
UAE-0177,Tech_Forward_Carrier,Hot,Fleet/Maintenance Manager,Commercial airline (full-service),81-200,11-20 years,Other GCC,Condition-based,1-2,$10M-$50M,31141828,0,0,0,0,1,1,0,0,0,1,1,1,1,1,0,9,Legacy integration,1,1,1,0,0,0,0,0,Hybrid,$8K-$20K,16736,Outcome-based,C-Suite,<1 month,1,1,1,1,1,1,1,0,0,1,1,1,0,0,0,3,8,Airbus narrow (A320),Word of mouth,4,2,2,5,4,1,1,1,1,0,0,0,0,Satisfied but expensive,8,0,0,0,0,0,1,1,0,3x in 12 months,Component lifespan extension
UAE-0178,Tech_Forward_Carrier,Warm,Fleet/Maintenance Manager,Commercial airline (full-service),31-80,2-5 years,Sharjah/Northern Emirates,Condition-based,1-2,$2M-$10M,5973663,1,1,1,1,1,0,0,0,0,1,0,1,1,0,0,10,Lack data expertise,1,0,0,1,0,0,0,0,Hybrid,$8K-$20K,13870,Pay-per-insight,Head of Maintenance/CAMO,<1 month,1,0,1,1,0,0,1,1,1,1,0,1,0,0,0,2,8,Boeing narrow (B737),Email invite,4,1,2,5,3,0,1,0,1,1,1,0,0,Dissatisfied - poor accuracy,10,0,0,0,1,0,0,1,0,3x in 12 months,Dispatch reliability %
UAE-0179,Tech_Forward_Carrier,Exploring,Director/VP Operations,Defence/government,81-200,20+ years,Abu Dhabi,Full predictive + digital twin,6-10,>$50M,86880639,1,1,1,1,0,0,0,0,0,1,1,0,1,0,0,6,Cybersecurity,1,1,1,0,0,0,0,0,Hybrid,$3K-$8K,5445,Fixed monthly SaaS,Procurement/Finance,3-6 months,1,1,1,0,1,1,0,0,1,0,1,1,0,0,0,6,5,Airbus narrow (A320),LinkedIn/social media,5,2,3,4,4,0,1,1,0,0,1,0,0,Dissatisfied - poor accuracy,7,0,0,0,1,0,1,0,1,5x+,Unscheduled maintenance reduction
UAE-0180,Tech_Forward_Carrier,Hot,MRO Engineer/Technician,Charter/private aviation,81-200,11-20 years,Dubai,Full predictive + digital twin,1-2,$500K-$2M,1462581,1,1,0,1,0,1,0,0,0,1,0,1,0,1,0,9,Cybersecurity,0,1,1,1,0,0,0,0,Hybrid,$8K-$20K,6590,Per-aircraft/year,IT/Digital lead,1-3 months,0,1,1,1,0,0,0,1,1,1,1,0,0,0,0,4,8,Airbus wide (A330/A350/A380),LinkedIn/social media,4,2,3,5,3,0,0,0,0,1,1,0,0,Dissatisfied - poor accuracy,8,1,0,0,0,1,1,0,0,3x in 12 months,Cost saved per aircraft/yr
UAE-0181,Tech_Forward_Carrier,Hot,C-Suite,Commercial airline (full-service),31-80,11-20 years,Sharjah/Northern Emirates,Scheduled/calendar,1-2,$2M-$10M,5125508,1,1,1,1,0,0,0,0,0,0,1,1,1,0,0,7,No barriers,1,1,1,0,0,0,0,0,Full cloud (SaaS),$1K-$3K,1774,Pay-per-insight,C-Suite,<1 month,1,1,0,1,1,0,1,0,0,0,1,1,0,1,0,4,9,Boeing narrow (B737),Industry event,5,2,3,4,4,0,1,1,0,0,1,0,0,Dissatisfied - hard to integrate,9,1,0,0,1,1,1,1,0,ROI not primary,Unscheduled maintenance reduction
UAE-0182,Tech_Forward_Carrier,Hot,C-Suite,Aircraft leasing,31-80,11-20 years,Other GCC,Predictive (some AI),0,$2M-$10M,6678862,0,0,0,0,1,0,1,0,1,1,1,1,0,1,0,10,Regulatory concerns,1,1,0,0,1,0,0,0,No preference,$3K-$8K,6201,Per-aircraft/year,Joint committee,3-6 months,1,0,1,1,1,0,1,0,1,1,0,1,0,0,0,3,9,Airbus wide (A330/A350/A380),LinkedIn/social media,4,1,2,4,4,0,0,1,0,0,0,0,0,Dissatisfied - poor accuracy,7,0,0,0,1,0,1,0,0,3x in 12 months,Cost saved per aircraft/yr
UAE-0183,Tech_Forward_Carrier,Warm,Director/VP Operations,Commercial airline (full-service),81-200,20+ years,Sharjah/Northern Emirates,Condition-based,3-5,>$50M,66085275,1,0,1,1,0,1,0,0,1,1,1,0,0,0,1,8,Lack data expertise,0,0,1,0,0,1,0,1,Full cloud (SaaS),$8K-$20K,9228,Outcome-based,IT/Digital lead,3-6 months,1,1,1,1,0,1,0,1,1,1,0,0,0,1,0,5,6,Airbus wide (A330/A350/A380),LinkedIn/social media,4,2,3,3,3,1,0,1,0,1,0,0,0,Dissatisfied - hard to integrate,6,0,1,0,1,1,0,0,0,3x in 12 months,Component lifespan extension
UAE-0184,Tech_Forward_Carrier,Hot,C-Suite,Defence/government,31-80,11-20 years,Dubai,Full predictive + digital twin,1-2,$2M-$10M,5154087,1,1,1,1,1,1,0,0,1,1,1,1,0,1,0,9,Regulatory concerns,1,1,1,0,0,0,0,0,Full cloud (SaaS),$3K-$8K,5308,Per-aircraft/year,Joint committee,3-6 months,1,0,1,1,1,0,1,1,1,1,1,0,0,0,0,2,5,Boeing wide (B777/B787),LinkedIn/social media,5,1,3,4,5,0,0,0,0,0,1,0,0,No platform,5,1,1,1,1,0,1,1,0,3x in 12 months,Dispatch reliability %
UAE-0185,Tech_Forward_Carrier,Exploring,IT/Digital Lead,Defence/government,31-80,11-20 years,Dubai,Full predictive + digital twin,0,$10M-$50M,16412195,1,1,0,1,1,0,1,0,1,1,1,1,1,1,0,6,Cybersecurity,0,0,1,1,0,0,1,0,Full cloud (SaaS),$8K-$20K,18537,Fixed monthly SaaS,C-Suite,6-12 months,1,1,1,1,0,1,0,1,1,0,0,1,1,0,0,8,4,Airbus narrow (A320),LinkedIn/social media,4,2,2,5,4,1,1,0,0,0,1,0,0,Satisfied but expensive,9,1,0,0,1,1,1,0,0,3x in 12 months,Cost saved per aircraft/yr
UAE-0186,Tech_Forward_Carrier,Warm,Director/VP Operations,Low-cost carrier,200+,20+ years,Dubai,Predictive (some AI),3-5,>$50M,106046175,0,1,1,0,0,0,1,0,1,1,1,1,1,1,0,9,Lack data expertise,1,1,1,0,0,0,0,0,Full cloud (SaaS),$3K-$8K,4996,Fixed monthly SaaS,Head of Maintenance/CAMO,1-3 months,1,1,1,0,1,1,1,0,0,0,1,1,0,1,0,4,4,Airbus wide (A330/A350/A380),Word of mouth,4,2,2,4,3,1,0,0,0,0,0,0,0,No platform,9,1,0,1,0,1,1,0,0,1.5x,Cost saved per aircraft/yr
UAE-0187,Tech_Forward_Carrier,Warm,Director/VP Operations,Low-cost carrier,31-80,2-5 years,Abu Dhabi,Condition-based,1-2,$2M-$10M,6000186,0,1,0,0,0,1,0,0,1,1,1,0,1,1,0,8,High upfront cost,1,1,1,0,0,0,0,0,Hybrid,$1K-$3K,1881,Per-aircraft/year,Head of Maintenance/CAMO,6-12 months,1,1,0,1,1,1,1,0,0,1,1,1,0,0,0,5,7,Boeing wide (B777/B787),Aviation publication,4,1,2,3,3,1,0,0,0,0,0,0,0,No platform,7,0,0,0,0,1,0,0,0,Strategic value,Cost saved per aircraft/yr
UAE-0188,Tech_Forward_Carrier,Not Interested,Procurement/Finance,Commercial airline (full-service),31-80,20+ years,Dubai,Full predictive + digital twin,1-2,$10M-$50M,33934751,1,0,1,1,1,0,1,0,1,1,1,1,1,0,0,6,Regulatory concerns,0,1,0,1,1,0,0,0,Full cloud (SaaS),$8K-$20K,14487,Per-aircraft/year,Joint committee,3-6 months,1,0,1,1,1,1,1,1,1,1,0,1,0,0,0,9,1,Regional/turboprop,Email invite,4,2,3,4,2,0,0,1,1,1,0,0,0,No platform,7,1,0,1,0,1,1,0,0,3x in 12 months,Unscheduled maintenance reduction
UAE-0189,Tech_Forward_Carrier,Hot,Fleet/Maintenance Manager,Low-cost carrier,200+,2-5 years,Abu Dhabi,Predictive (some AI),1-2,>$50M,91005916,1,1,0,1,0,0,1,0,0,1,0,0,1,0,0,10,Legacy integration,1,1,1,0,0,0,0,0,Full cloud (SaaS),$3K-$8K,6455,Fixed monthly SaaS,C-Suite,3-6 months,1,1,1,1,1,0,0,0,1,1,1,0,0,0,0,5,8,Boeing wide (B777/B787),LinkedIn/social media,4,1,2,5,5,1,1,1,1,1,1,0,0,Satisfied but expensive,7,0,0,1,0,1,1,0,0,3x in 12 months,Cost saved per aircraft/yr
UAE-0190,Tech_Forward_Carrier,Exploring,Director/VP Operations,Charter/private aviation,1-10,20+ years,Outside GCC,Predictive (some AI),1-2,$10M-$50M,27974148,1,0,1,0,0,0,0,1,0,1,0,0,1,1,0,6,Cybersecurity,1,1,1,0,0,0,0,0,No preference,$1K-$3K,2216,Per-aircraft/year,Head of Maintenance/CAMO,6-12 months,1,1,0,1,1,0,1,1,1,0,0,1,0,0,0,4,1,Boeing narrow (B737),LinkedIn/social media,4,1,2,4,4,1,0,0,0,0,1,0,0,Satisfied but expensive,9,1,0,1,0,1,1,0,0,5x+,AOG reduction %
UAE-0191,Tech_Forward_Carrier,Exploring,Director/VP Operations,Low-cost carrier,31-80,20+ years,Other GCC,Predictive (some AI),1-2,$2M-$10M,6294070,1,0,1,0,1,1,1,0,1,1,1,1,1,1,0,6,No barriers,1,1,0,1,0,0,0,0,Full cloud (SaaS),$1K-$3K,2223,Fixed monthly SaaS,Joint committee,1-3 months,1,1,1,0,0,0,1,1,0,0,0,0,1,1,1,4,5,Boeing narrow (B737),Email invite,4,2,2,3,5,1,1,0,1,1,0,0,0,Satisfied but expensive,8,0,0,0,0,0,0,0,1,2x,Cost saved per aircraft/yr
UAE-0192,Tech_Forward_Carrier,Warm,Fleet/Maintenance Manager,Defence/government,81-200,6-10 years,Dubai,Predictive (some AI),3-5,$2M-$10M,5188153,1,0,1,1,0,0,0,1,0,1,1,0,1,0,0,7,Legacy integration,1,1,1,0,0,0,0,0,Full cloud (SaaS),>$20K,33672,Outcome-based,Joint committee,<1 month,0,1,1,1,1,0,0,0,1,0,1,0,1,0,0,3,8,Airbus narrow (A320),Email invite,4,2,2,5,4,1,1,0,1,1,1,0,0,Dissatisfied - poor accuracy,7,1,0,1,1,1,1,0,0,5x+,Unscheduled maintenance reduction
UAE-0193,Tech_Forward_Carrier,Exploring,C-Suite,Independent MRO,31-80,2-5 years,Dubai,Condition-based,6-10,$500K-$2M,1257672,1,0,1,1,0,0,0,0,0,1,1,0,1,0,0,5,No barriers,1,1,0,1,0,0,0,0,No preference,$8K-$20K,15866,Fixed monthly SaaS,Head of Maintenance/CAMO,1-3 months,1,1,1,1,1,0,1,1,1,1,0,1,0,0,0,5,4,Airbus narrow (A320),Aviation publication,4,1,2,5,5,0,0,0,1,0,1,0,0,Satisfied but expensive,7,0,1,1,0,1,1,0,0,3x in 12 months,Component lifespan extension
UAE-0194,Tech_Forward_Carrier,Hot,Fleet/Maintenance Manager,Independent MRO,11-30,6-10 years,Sharjah/Northern Emirates,Predictive (some AI),10+,$500K-$2M,1200707,1,1,1,1,0,1,0,1,1,0,0,0,1,1,0,9,No barriers,1,1,0,0,1,0,0,0,Hybrid,>$20K,30757,Hardware lease + software,Head of Maintenance/CAMO,1-3 months,1,1,1,1,0,1,1,0,0,0,1,0,0,1,1,1,9,Airbus narrow (A320),Email invite,5,2,3,4,4,0,0,0,1,1,1,0,0,Dissatisfied - poor support,8,0,0,1,1,1,1,0,0,ROI not primary,Audit pass rate
UAE-0195,Tech_Forward_Carrier,Hot,Director/VP Operations,Low-cost carrier,11-30,20+ years,Sharjah/Northern Emirates,Predictive (some AI),10+,$500K-$2M,1183617,1,1,1,1,1,1,0,0,1,1,1,0,1,0,0,8,Regulatory concerns,1,0,0,0,0,0,0,0,No preference,$3K-$8K,5600,Pay-per-insight,IT/Digital lead,3-6 months,1,1,1,1,0,1,0,0,1,0,0,1,1,0,0,5,6,Boeing wide (B777/B787),Industry event,3,2,3,4,4,0,1,0,0,0,0,0,0,Satisfied but expensive,7,0,1,0,1,1,0,1,0,Strategic value,Cost saved per aircraft/yr
UAE-0196,Tech_Forward_Carrier,Hot,C-Suite,Commercial airline (full-service),11-30,6-10 years,Other GCC,Predictive (some AI),10+,$2M-$10M,7340877,0,0,1,0,0,1,1,0,0,0,1,0,1,1,0,7,Cybersecurity,0,1,0,0,0,1,0,1,On-premise,<$1K,425,Pay-per-insight,Joint committee,3-6 months,1,1,0,0,1,0,1,0,1,1,1,0,0,0,0,3,6,Airbus wide (A330/A350/A380),Word of mouth,4,3,3,4,3,1,0,0,0,0,0,0,0,Dissatisfied - hard to integrate,6,0,1,1,1,1,1,0,0,1.5x,AOG reduction %
UAE-0197,Tech_Forward_Carrier,Hot,Director/VP Operations,Charter/private aviation,1-10,2-5 years,Sharjah/Northern Emirates,Predictive (some AI),6-10,$10M-$50M,28311616,0,0,0,0,1,0,0,0,0,1,1,1,0,1,0,8,Lack data expertise,0,0,0,1,1,0,0,1,Hybrid,>$20K,45836,Hardware lease + software,C-Suite,3-6 months,1,0,1,1,0,0,0,1,1,0,0,1,1,0,0,4,7,Airbus narrow (A320),Industry event,4,2,3,5,3,1,0,1,1,0,0,1,0,No platform,6,1,0,0,1,1,1,0,0,1.5x,Unscheduled maintenance reduction
UAE-0198,Tech_Forward_Carrier,Warm,C-Suite,Defence/government,31-80,<2 years,Dubai,Scheduled/calendar,3-5,<$500K,202840,0,1,1,0,0,0,1,1,0,1,0,0,1,0,0,8,Legacy integration,1,0,1,0,0,0,1,0,Full cloud (SaaS),$3K-$8K,5961,Fixed monthly SaaS,IT/Digital lead,3-6 months,1,1,0,1,0,1,0,1,1,1,1,0,0,0,0,6,6,Airbus narrow (A320),Industry event,4,2,2,5,3,1,1,0,0,0,0,0,0,Satisfied but expensive,8,1,1,0,1,0,0,0,1,5x+,Dispatch reliability %
UAE-0199,Tech_Forward_Carrier,Hot,Fleet/Maintenance Manager,Low-cost carrier,81-200,11-20 years,Abu Dhabi,Full predictive + digital twin,0,$10M-$50M,39106227,1,0,0,1,1,1,1,1,1,0,1,0,1,1,0,9,Regulatory concerns,0,1,0,1,0,0,1,0,Full cloud (SaaS),$1K-$3K,1931,Fixed monthly SaaS,C-Suite,<1 month,1,1,1,1,1,0,0,0,1,1,1,0,0,0,0,2,8,Airbus narrow (A320),LinkedIn/social media,5,1,4,3,4,0,1,0,0,0,0,0,0,Dissatisfied - poor support,7,0,0,1,1,1,0,0,0,2x,Component lifespan extension
UAE-0200,Tech_Forward_Carrier,Exploring,MRO Engineer/Technician,Commercial airline (full-service),31-80,6-10 years,Dubai,Condition-based,1-2,$10M-$50M,32648489,1,0,0,0,1,0,0,1,0,1,0,0,0,1,0,4,High upfront cost,1,1,0,1,0,0,0,0,Hybrid,$1K-$3K,2166,Fixed monthly SaaS,Procurement/Finance,1-3 months,1,1,1,1,1,0,0,0,1,0,1,1,0,0,0,9,2,Airbus wide (A330/A350/A380),Industry event,4,1,3,4,4,1,0,0,0,0,0,0,0,Dissatisfied - poor support,8,1,0,0,1,1,1,0,0,1.5x,AOG reduction %
UAE-0201,Tech_Forward_Carrier,Exploring,Procurement/Finance,Commercial airline (full-service),11-30,20+ years,Dubai,Condition-based,1-2,$10M-$50M,38119566,1,1,1,0,1,1,0,1,0,1,1,0,1,1,0,6,Lack data expertise,1,1,1,0,0,0,0,0,Full cloud (SaaS),$1K-$3K,2259,Per-aircraft/year,Joint committee,3-6 months,1,1,1,1,0,0,1,1,1,1,1,0,0,0,0,4,3,Airbus narrow (A320),Industry event,5,3,3,4,4,1,0,0,0,0,1,0,0,Dissatisfied - poor accuracy,5,0,1,0,1,1,0,1,1,2x,Audit pass rate
UAE-0202,Tech_Forward_Carrier,Warm,Fleet/Maintenance Manager,Low-cost carrier,81-200,2-5 years,Other GCC,Scheduled/calendar,0,$10M-$50M,32720318,1,0,1,1,1,0,1,0,1,1,1,0,0,1,0,10,No barriers,1,0,0,1,0,1,0,0,Hybrid,>$20K,25721,Hardware lease + software,Head of Maintenance/CAMO,1-3 months,0,0,0,1,1,1,0,0,1,1,1,0,0,0,0,4,6,Business jet/helicopter,Word of mouth,4,2,4,4,4,1,1,0,0,0,0,0,0,Dissatisfied - poor accuracy,6,0,0,0,1,0,0,0,0,ROI not primary,Dispatch reliability %
UAE-0203,Tech_Forward_Carrier,Warm,C-Suite,Charter/private aviation,81-200,20+ years,Dubai,Predictive (some AI),0,>$50M,83372159,1,0,1,1,0,1,0,0,1,0,0,0,0,1,0,8,Cybersecurity,1,0,0,1,0,0,1,0,Full cloud (SaaS),$8K-$20K,12363,Fixed monthly SaaS,IT/Digital lead,1-3 months,1,0,1,1,1,0,0,1,1,1,0,0,0,0,1,6,8,Boeing narrow (B737),Industry event,4,1,3,4,5,1,0,1,1,0,1,0,0,No platform,4,0,0,1,0,0,1,0,0,2x,Dispatch reliability %
UAE-0204,Tech_Forward_Carrier,Hot,Director/VP Operations,Low-cost carrier,31-80,11-20 years,Other GCC,Condition-based,1-2,$10M-$50M,34016688,1,0,0,0,0,1,1,0,1,0,0,1,1,0,0,7,No barriers,1,0,0,0,1,0,1,0,Full cloud (SaaS),$3K-$8K,6223,Outcome-based,Head of Maintenance/CAMO,>12 months,1,0,1,1,1,1,0,0,0,1,0,1,1,0,0,3,7,Boeing narrow (B737),LinkedIn/social media,4,2,3,5,5,0,1,0,1,0,1,0,0,Dissatisfied - poor accuracy,5,1,0,1,1,1,1,0,0,2x,Dispatch reliability %
UAE-0205,Tech_Forward_Carrier,Hot,MRO Engineer/Technician,Low-cost carrier,81-200,11-20 years,Abu Dhabi,Condition-based,1-2,$2M-$10M,7455491,1,0,0,0,0,0,0,0,0,1,0,0,1,0,0,9,Legacy integration,1,1,0,1,0,0,0,0,Full cloud (SaaS),>$20K,23470,Per-aircraft/year,C-Suite,>12 months,0,1,1,1,1,1,1,0,0,1,1,1,0,0,0,1,8,Airbus wide (A330/A350/A380),Email invite,5,2,4,3,4,1,1,0,0,1,0,1,0,Dissatisfied - poor accuracy,5,1,0,0,1,1,1,0,0,2x,Cost saved per aircraft/yr
UAE-0206,Tech_Forward_Carrier,Exploring,IT/Digital Lead,Charter/private aviation,31-80,11-20 years,Other GCC,Scheduled/calendar,3-5,$2M-$10M,6327268,0,0,1,0,1,1,0,0,1,1,0,0,0,0,0,7,Legacy integration,0,0,1,0,0,1,0,1,Full cloud (SaaS),$1K-$3K,1848,Hardware lease + software,Joint committee,<1 month,1,1,0,1,0,0,1,0,1,0,1,1,0,0,0,2,4,Airbus wide (A330/A350/A380),LinkedIn/social media,5,2,3,4,4,1,1,0,1,0,1,0,0,Dissatisfied - hard to integrate,9,0,1,1,0,0,0,0,1,1.5x,Dispatch reliability %
UAE-0207,Tech_Forward_Carrier,Exploring,MRO Engineer/Technician,Low-cost carrier,31-80,6-10 years,Abu Dhabi,Predictive (some AI),0,$2M-$10M,4399271,0,1,1,0,1,0,1,1,0,1,1,1,1,0,0,6,Legacy integration,0,1,0,1,1,0,0,0,Hybrid,$3K-$8K,5000,Per-aircraft/year,IT/Digital lead,1-3 months,1,1,1,0,0,0,1,1,1,0,1,1,0,0,0,6,4,Airbus narrow (A320),Word of mouth,4,1,3,4,3,1,0,0,1,0,0,0,0,Dissatisfied - poor accuracy,8,1,0,0,1,0,1,0,0,3x in 12 months,Cost saved per aircraft/yr
UAE-0208,Tech_Forward_Carrier,Warm,IT/Digital Lead,Low-cost carrier,81-200,<2 years,Sharjah/Northern Emirates,Predictive (some AI),3-5,$10M-$50M,24830426,1,0,0,0,0,0,0,1,1,1,1,1,0,1,0,9,No barriers,1,1,1,0,0,0,0,0,Full cloud (SaaS),$3K-$8K,5957,Outcome-based,IT/Digital lead,3-6 months,0,0,0,1,0,0,0,0,1,1,1,0,0,0,0,2,5,Boeing narrow (B737),Aviation publication,5,1,2,5,5,1,0,0,0,1,0,0,0,Dissatisfied - poor accuracy,7,0,0,1,0,0,1,0,0,1.5x,Dispatch reliability %
UAE-0209,Tech_Forward_Carrier,Warm,Procurement/Finance,Aircraft leasing,31-80,<2 years,Dubai,Predictive (some AI),3-5,$10M-$50M,27311204,1,1,0,1,0,0,0,0,1,1,1,1,1,0,0,10,Regulatory concerns,1,0,1,1,0,0,0,0,Full cloud (SaaS),$8K-$20K,18382,Per-aircraft/year,Joint committee,6-12 months,1,0,1,1,1,0,1,0,1,0,0,1,1,0,0,6,6,Airbus narrow (A320),Industry event,4,1,3,5,5,1,0,0,1,0,0,0,0,Satisfied but expensive,8,0,1,1,0,0,0,0,1,2x,Cost saved per aircraft/yr
UAE-0210,Tech_Forward_Carrier,Exploring,Procurement/Finance,Charter/private aviation,11-30,6-10 years,Other GCC,Predictive (some AI),3-5,$500K-$2M,968172,1,1,1,0,1,1,0,0,1,1,1,0,0,1,0,7,Legacy integration,1,1,0,0,0,0,0,1,Full cloud (SaaS),$8K-$20K,11484,Hardware lease + software,C-Suite,6-12 months,1,1,1,1,0,1,0,0,0,0,0,1,1,1,0,5,4,Airbus narrow (A320),Word of mouth,5,4,3,4,4,1,1,1,0,0,0,0,0,Dissatisfied - poor support,9,0,0,0,0,1,1,0,0,Strategic value,Dispatch reliability %
UAE-0211,Tech_Forward_Carrier,Hot,MRO Engineer/Technician,Low-cost carrier,31-80,11-20 years,Dubai,Condition-based,0,>$50M,71392489,1,0,1,0,0,0,1,1,1,1,0,1,1,1,0,10,High upfront cost,1,1,1,0,0,0,0,0,Full cloud (SaaS),$3K-$8K,5727,Fixed monthly SaaS,Head of Maintenance/CAMO,3-6 months,0,1,1,1,1,0,1,1,0,0,1,1,0,0,0,3,9,Airbus wide (A330/A350/A380),Email invite,4,2,2,4,3,1,0,0,0,1,0,0,0,Very satisfied,8,0,1,0,0,0,0,0,0,Strategic value,Cost saved per aircraft/yr
UAE-0212,Tech_Forward_Carrier,Hot,Director/VP Operations,Low-cost carrier,81-200,11-20 years,Other GCC,Full predictive + digital twin,3-5,>$50M,83763035,1,0,0,1,0,1,1,0,0,1,1,0,1,0,0,9,Legacy integration,1,1,0,0,1,0,0,0,On-premise,$3K-$8K,7157,Fixed monthly SaaS,Procurement/Finance,3-6 months,1,0,1,1,0,0,1,1,1,1,1,0,0,0,0,3,9,Airbus wide (A330/A350/A380),LinkedIn/social media,3,2,3,5,4,1,0,1,0,0,0,0,0,Dissatisfied - poor support,7,0,1,0,1,0,0,0,1,ROI not primary,AOG reduction %
UAE-0213,Tech_Forward_Carrier,Warm,C-Suite,Aircraft leasing,81-200,11-20 years,Abu Dhabi,Predictive (some AI),1-2,$2M-$10M,4633913,0,0,1,0,1,0,0,1,0,0,0,0,1,1,0,8,No barriers,1,0,0,0,1,1,0,0,Full cloud (SaaS),$8K-$20K,16243,Hardware lease + software,Joint committee,<1 month,1,1,0,1,1,1,1,1,1,0,0,1,0,1,0,5,7,Airbus wide (A330/A350/A380),Industry event,4,2,2,5,4,1,0,1,0,1,1,0,0,Satisfied but expensive,8,1,0,0,1,1,0,1,0,5x+,AOG reduction %
UAE-0214,Tech_Forward_Carrier,Hot,Director/VP Operations,Commercial airline (full-service),11-30,2-5 years,Sharjah/Northern Emirates,Predictive (some AI),3-5,$2M-$10M,5526568,0,0,0,1,0,0,1,0,1,1,1,0,1,0,0,6,Cybersecurity,1,0,1,1,0,0,0,0,Full cloud (SaaS),$3K-$8K,6586,Fixed monthly SaaS,IT/Digital lead,>12 months,1,1,1,0,1,0,1,0,0,0,1,0,0,0,1,2,7,Boeing narrow (B737),Word of mouth,5,2,3,5,4,1,0,0,1,1,0,0,0,Dissatisfied - poor accuracy,5,1,1,1,1,0,1,1,0,ROI not primary,Unscheduled maintenance reduction
UAE-0215,Tech_Forward_Carrier,Hot,Procurement/Finance,Aircraft leasing,31-80,6-10 years,Dubai,Condition-based,1-2,$500K-$2M,1477239,1,1,0,0,0,0,1,1,1,1,1,0,1,1,0,9,Cybersecurity,1,1,1,0,0,0,0,0,Hybrid,$3K-$8K,5134,Per-aircraft/year,Joint committee,3-6 months,1,0,1,1,1,0,0,1,1,1,1,0,0,0,0,3,6,Airbus wide (A330/A350/A380),LinkedIn/social media,2,2,2,2,2,1,0,0,0,1,1,0,0,Dissatisfied - hard to integrate,6,1,0,0,1,1,1,0,0,5x+,Dispatch reliability %
UAE-0216,Tech_Forward_Carrier,Hot,MRO Engineer/Technician,Commercial airline (full-service),81-200,20+ years,Sharjah/Northern Emirates,Predictive (some AI),0,$500K-$2M,1537573,1,1,1,1,1,1,0,1,1,1,1,0,1,0,0,8,Legacy integration,1,1,1,0,0,0,0,0,Full cloud (SaaS),<$1K,346,Fixed monthly SaaS,IT/Digital lead,6-12 months,1,1,0,0,1,1,1,1,0,1,0,1,0,0,1,1,10,Airbus narrow (A320),Aviation publication,4,1,3,5,5,1,1,1,0,0,0,0,0,Dissatisfied - hard to integrate,9,0,1,1,1,0,1,0,0,1.5x,Dispatch reliability %
UAE-0217,Tech_Forward_Carrier,Warm,IT/Digital Lead,Low-cost carrier,31-80,<2 years,Dubai,Full predictive + digital twin,0,$10M-$50M,28381041,1,0,1,0,1,0,0,0,1,1,0,0,1,1,0,7,Cybersecurity,0,1,1,1,0,0,0,0,Full cloud (SaaS),<$1K,462,Per-aircraft/year,Head of Maintenance/CAMO,1-3 months,1,1,1,1,0,0,0,0,0,0,1,1,0,0,1,5,5,Airbus wide (A330/A350/A380),Aviation publication,4,2,2,4,3,0,1,0,0,0,0,0,0,Very satisfied,7,1,0,1,0,0,1,0,0,Strategic value,Unscheduled maintenance reduction
UAE-0218,Tech_Forward_Carrier,Hot,C-Suite,Charter/private aviation,31-80,11-20 years,Other GCC,Full predictive + digital twin,1-2,$500K-$2M,1076706,1,0,0,0,0,0,0,0,1,0,0,0,0,0,0,10,Lack data expertise,1,1,0,1,0,0,0,0,Full cloud (SaaS),$3K-$8K,6524,Fixed monthly SaaS,C-Suite,6-12 months,1,1,1,1,1,0,0,1,1,1,1,0,0,0,0,1,7,Boeing narrow (B737),Word of mouth,3,1,2,3,3,0,0,0,0,1,0,0,0,Dissatisfied - hard to integrate,6,0,0,1,1,1,0,0,0,5x+,Cost saved per aircraft/yr
UAE-0219,Tech_Forward_Carrier,Hot,MRO Engineer/Technician,Commercial airline (full-service),81-200,2-5 years,Dubai,Full predictive + digital twin,3-5,$10M-$50M,30932702,1,1,1,0,0,0,0,0,1,1,0,0,0,1,0,9,Regulatory concerns,1,1,1,0,0,0,0,0,On-premise,$1K-$3K,1740,Fixed monthly SaaS,Joint committee,1-3 months,1,0,1,1,1,0,0,0,1,1,1,0,0,0,0,3,7,Airbus narrow (A320),Industry event,4,3,3,3,5,0,1,0,0,0,0,0,0,Dissatisfied - hard to integrate,9,0,0,0,1,0,1,0,0,ROI not primary,Dispatch reliability %
UAE-0220,Tech_Forward_Carrier,Hot,Fleet/Maintenance Manager,Charter/private aviation,200+,6-10 years,Outside GCC,Scheduled/calendar,1-2,>$50M,62082038,1,1,0,1,1,0,1,1,1,1,1,1,1,1,0,9,High upfront cost,1,1,1,0,0,0,0,0,Full cloud (SaaS),$3K-$8K,7022,Per-aircraft/year,Procurement/Finance,3-6 months,1,0,0,0,1,0,1,1,1,1,0,0,0,0,0,1,7,Boeing narrow (B737),Aviation publication,5,2,3,5,4,1,0,0,0,1,0,0,0,Dissatisfied - poor accuracy,5,0,0,1,0,1,1,0,0,3x in 12 months,AOG reduction %
UAE-0221,Tech_Forward_Carrier,Warm,C-Suite,Charter/private aviation,11-30,11-20 years,Abu Dhabi,Condition-based,3-5,$500K-$2M,1446372,1,1,1,1,0,1,0,0,0,0,1,1,1,0,0,10,Legacy integration,1,1,1,0,0,0,0,0,Full cloud (SaaS),$3K-$8K,5272,Per-aircraft/year,C-Suite,1-3 months,1,1,0,0,0,0,1,0,1,0,1,1,0,0,0,4,4,Airbus wide (A330/A350/A380),Email invite,5,2,2,5,4,1,0,0,0,0,1,0,0,Dissatisfied - poor support,8,1,1,0,1,0,0,0,0,2x,Cost saved per aircraft/yr
UAE-0222,Tech_Forward_Carrier,Warm,MRO Engineer/Technician,Low-cost carrier,31-80,11-20 years,Dubai,Scheduled/calendar,3-5,$2M-$10M,5082302,1,1,1,1,0,0,0,0,0,1,1,0,1,1,0,8,Lack data expertise,1,1,1,0,0,0,0,0,Full cloud (SaaS),<$1K,484,Hardware lease + software,Joint committee,<1 month,1,1,1,1,0,1,0,1,1,0,1,0,1,0,0,5,6,Business jet/helicopter,Industry event,4,2,2,3,5,1,1,0,1,0,0,0,0,Satisfied but expensive,9,0,0,1,1,0,1,0,1,3x in 12 months,Audit pass rate
UAE-0223,Tech_Forward_Carrier,Warm,Director/VP Operations,Commercial airline (full-service),31-80,6-10 years,Dubai,Predictive (some AI),3-5,$2M-$10M,4836963,0,1,0,0,1,0,0,1,1,1,1,1,1,0,0,9,No barriers,1,1,1,0,0,0,0,0,On-premise,$8K-$20K,12732,Fixed monthly SaaS,Head of Maintenance/CAMO,3-6 months,1,1,1,1,0,0,1,0,1,1,1,0,0,0,0,5,6,Airbus narrow (A320),Email invite,4,1,2,4,3,1,1,1,1,0,0,1,0,Dissatisfied - poor support,7,1,0,0,1,0,1,0,0,1.5x,Unscheduled maintenance reduction
UAE-0224,Tech_Forward_Carrier,Exploring,IT/Digital Lead,Charter/private aviation,31-80,11-20 years,Abu Dhabi,Predictive (some AI),1-2,$10M-$50M,26779080,0,1,1,1,0,0,1,1,0,1,1,1,1,0,0,7,Cybersecurity,1,1,0,0,0,0,1,0,Full cloud (SaaS),$3K-$8K,6972,Per-aircraft/year,IT/Digital lead,6-12 months,1,0,1,1,1,0,1,0,1,1,0,1,0,0,0,5,4,Airbus narrow (A320),Industry event,5,2,3,5,4,1,1,1,1,0,0,0,0,Satisfied but expensive,5,1,0,0,0,0,1,0,0,1.5x,Audit pass rate
UAE-0225,Tech_Forward_Carrier,Not Interested,C-Suite,Low-cost carrier,31-80,20+ years,Outside GCC,Predictive (some AI),10+,$2M-$10M,6782240,1,1,1,0,1,1,0,1,1,0,1,0,1,1,0,7,No barriers,1,1,0,0,0,0,1,0,Full cloud (SaaS),$3K-$8K,4744,Per-aircraft/year,Procurement/Finance,1-3 months,0,1,1,0,0,0,1,0,1,1,1,0,0,0,0,8,2,Airbus narrow (A320),Email invite,4,3,4,4,3,1,0,0,1,1,0,1,0,Dissatisfied - poor accuracy,8,1,1,0,0,0,1,0,1,1.5x,Dispatch reliability %
UAE-0226,Tech_Forward_Carrier,Hot,Procurement/Finance,Charter/private aviation,31-80,2-5 years,Dubai,Predictive (some AI),6-10,$2M-$10M,6649406,1,1,0,0,1,1,0,0,1,1,0,0,0,1,0,8,High upfront cost,1,0,1,1,0,0,0,0,On-premise,$3K-$8K,6938,Per-aircraft/year,Procurement/Finance,3-6 months,1,1,1,1,1,0,0,0,0,1,1,0,0,1,0,1,9,Airbus wide (A330/A350/A380),Email invite,4,3,4,4,4,1,0,1,0,1,0,0,0,No platform,9,0,0,0,1,1,0,0,1,Strategic value,Component lifespan extension
UAE-0227,Tech_Forward_Carrier,Hot,MRO Engineer/Technician,Commercial airline (full-service),31-80,6-10 years,Dubai,Full predictive + digital twin,1-2,$2M-$10M,5651582,1,0,1,1,0,0,1,0,0,1,1,0,1,0,0,8,Lack data expertise,1,0,1,0,1,0,0,0,Full cloud (SaaS),$8K-$20K,14063,Fixed monthly SaaS,C-Suite,6-12 months,1,1,1,0,1,0,1,0,1,0,1,0,0,1,0,1,8,Airbus narrow (A320),Industry event,4,1,4,3,5,0,0,0,0,0,1,0,0,Dissatisfied - poor accuracy,7,1,1,0,1,0,0,1,1,3x in 12 months,Component lifespan extension
UAE-0228,Tech_Forward_Carrier,Exploring,Fleet/Maintenance Manager,Charter/private aviation,81-200,6-10 years,Dubai,Predictive (some AI),1-2,>$50M,71852698,0,0,1,0,1,0,0,0,0,1,1,0,1,0,0,7,High upfront cost,0,1,1,1,0,0,0,0,Hybrid,$1K-$3K,2122,Per-aircraft/year,C-Suite,<1 month,1,1,1,1,0,1,0,0,1,1,0,1,0,0,0,7,5,Airbus narrow (A320),Industry event,4,1,2,4,5,1,0,0,0,0,1,0,0,Dissatisfied - poor support,9,1,0,0,0,0,1,0,0,5x+,AOG reduction %
UAE-0229,Tech_Forward_Carrier,Exploring,C-Suite,Commercial airline (full-service),31-80,<2 years,Dubai,Predictive (some AI),3-5,$500K-$2M,996673,1,1,1,0,0,0,0,0,0,1,0,1,1,1,0,4,Legacy integration,1,1,1,0,0,0,0,0,Full cloud (SaaS),$3K-$8K,5977,Outcome-based,Head of Maintenance/CAMO,1-3 months,0,0,1,0,1,1,1,1,1,1,1,0,0,0,0,7,5,Airbus wide (A330/A350/A380),Industry event,4,2,3,4,2,1,1,0,0,0,1,0,0,Dissatisfied - hard to integrate,7,0,0,0,0,0,1,1,1,5x+,Component lifespan extension
UAE-0230,Tech_Forward_Carrier,Hot,Procurement/Finance,Commercial airline (full-service),31-80,6-10 years,Outside GCC,Predictive (some AI),0,$10M-$50M,26168671,1,1,0,1,1,0,0,0,1,1,1,1,1,1,0,9,Cybersecurity,1,0,1,1,0,0,0,0,Full cloud (SaaS),$1K-$3K,3074,Pay-per-insight,C-Suite,6-12 months,0,1,0,1,0,0,1,1,0,1,0,0,0,1,0,3,8,Boeing wide (B777/B787),Word of mouth,5,2,3,5,5,1,1,1,1,0,1,1,0,No platform,6,0,0,0,1,0,1,1,0,Strategic value,Unscheduled maintenance reduction
UAE-0231,Tech_Forward_Carrier,Hot,Director/VP Operations,Charter/private aviation,81-200,2-5 years,Abu Dhabi,Predictive (some AI),6-10,>$50M,80328360,0,1,0,0,0,0,0,1,1,1,1,1,1,1,0,7,Legacy integration,1,1,1,0,0,0,0,0,Hybrid,$8K-$20K,15399,Fixed monthly SaaS,IT/Digital lead,1-3 months,1,1,0,1,0,0,0,1,1,0,1,1,0,0,0,1,7,Boeing narrow (B737),LinkedIn/social media,4,2,3,3,4,1,1,0,0,1,1,0,0,No platform,6,1,1,0,1,1,1,0,0,2x,Unscheduled maintenance reduction
UAE-0232,Tech_Forward_Carrier,Hot,IT/Digital Lead,Commercial airline (full-service),81-200,<2 years,Dubai,Full predictive + digital twin,1-2,$10M-$50M,24336727,1,1,0,0,0,0,1,1,0,1,1,1,1,0,0,8,Cybersecurity,0,0,1,0,0,0,0,1,Hybrid,>$20K,26445,Fixed monthly SaaS,IT/Digital lead,3-6 months,1,1,1,0,1,0,0,0,0,1,1,1,0,0,0,6,9,Airbus narrow (A320),Word of mouth,3,1,3,5,3,1,1,1,0,1,0,0,0,Dissatisfied - poor accuracy,4,0,1,0,0,1,1,0,0,3x in 12 months,Component lifespan extension
UAE-0233,Tech_Forward_Carrier,Warm,C-Suite,Low-cost carrier,31-80,20+ years,Abu Dhabi,Condition-based,1-2,$2M-$10M,7683868,1,0,1,0,0,0,0,1,1,1,1,0,1,1,0,9,Cybersecurity,1,1,1,0,0,0,0,0,Hybrid,$1K-$3K,1687,Outcome-based,Head of Maintenance/CAMO,<1 month,1,1,1,1,1,1,0,0,1,0,0,1,0,1,0,5,3,Airbus narrow (A320),Industry event,4,2,3,4,4,1,1,1,0,0,1,0,0,Dissatisfied - poor accuracy,6,0,1,1,1,0,1,1,0,1.5x,Component lifespan extension
UAE-0234,Tech_Forward_Carrier,Warm,Fleet/Maintenance Manager,Commercial airline (full-service),81-200,11-20 years,Other GCC,Condition-based,6-10,$2M-$10M,6229845,1,1,0,1,1,1,1,1,1,1,0,1,0,1,0,7,Legacy integration,1,0,1,1,0,0,0,0,On-premise,$8K-$20K,12971,Hardware lease + software,IT/Digital lead,3-6 months,1,1,1,0,1,0,1,1,0,1,0,0,0,1,1,3,7,Airbus narrow (A320),Industry event,5,2,3,3,4,0,1,1,0,0,1,0,0,No platform,7,0,0,0,0,0,1,0,0,1.5x,Cost saved per aircraft/yr
UAE-0235,Tech_Forward_Carrier,Hot,Director/VP Operations,Commercial airline (full-service),31-80,11-20 years,Dubai,Predictive (some AI),1-2,$2M-$10M,8358713,0,0,0,1,1,0,1,0,1,1,1,1,1,0,0,7,Regulatory concerns,1,1,1,0,0,0,0,0,Full cloud (SaaS),$1K-$3K,2527,Pay-per-insight,Joint committee,3-6 months,0,1,1,0,0,0,0,0,1,1,1,0,0,0,0,4,8,Airbus narrow (A320),LinkedIn/social media,5,2,3,4,5,1,1,1,0,0,0,0,0,Dissatisfied - poor accuracy,9,1,0,1,1,1,0,0,0,1.5x,Unscheduled maintenance reduction
UAE-0236,Tech_Forward_Carrier,Exploring,Director/VP Operations,Low-cost carrier,31-80,11-20 years,Dubai,Predictive (some AI),3-5,$10M-$50M,27184452,1,1,1,1,0,0,0,1,0,0,1,0,1,1,0,4,Legacy integration,0,1,0,0,0,0,1,1,Full cloud (SaaS),<$1K,481,Fixed monthly SaaS,Head of Maintenance/CAMO,3-6 months,0,1,0,0,0,1,1,1,0,1,1,0,0,1,0,5,4,Airbus narrow (A320),Email invite,5,1,2,4,5,1,0,0,1,0,0,0,0,Dissatisfied - poor accuracy,4,0,1,0,0,0,1,0,0,Strategic value,Unscheduled maintenance reduction
UAE-0237,Tech_Forward_Carrier,Hot,Fleet/Maintenance Manager,Commercial airline (full-service),81-200,2-5 years,Abu Dhabi,Condition-based,3-5,$2M-$10M,5453969,0,0,1,0,0,1,0,0,0,1,1,1,1,1,0,9,Regulatory concerns,1,1,0,1,0,0,0,0,Full cloud (SaaS),>$20K,34048,Pay-per-insight,IT/Digital lead,<1 month,1,1,1,1,0,1,1,0,0,0,1,1,0,0,1,2,6,Airbus narrow (A320),LinkedIn/social media,5,1,2,4,4,1,1,0,0,1,0,0,0,Dissatisfied - poor support,6,0,1,0,1,0,0,1,1,2x,Unscheduled maintenance reduction
UAE-0238,Tech_Forward_Carrier,Hot,MRO Engineer/Technician,Commercial airline (full-service),31-80,11-20 years,Outside GCC,Scheduled/calendar,0,$2M-$10M,4014990,0,0,1,0,0,0,0,1,0,0,1,1,1,1,0,10,Cybersecurity,1,0,1,1,0,0,0,0,Hybrid,>$20K,34425,Per-aircraft/year,Joint committee,3-6 months,1,1,1,1,0,1,0,1,1,0,1,1,0,0,0,4,7,Boeing narrow (B737),Email invite,4,2,3,5,3,1,1,0,0,0,0,0,1,No platform,7,1,1,0,0,1,1,1,0,2x,AOG reduction %
UAE-0239,Tech_Forward_Carrier,Warm,Fleet/Maintenance Manager,Commercial airline (full-service),81-200,20+ years,Outside GCC,Condition-based,10+,$10M-$50M,32057761,1,1,1,0,0,0,0,0,1,0,0,0,1,0,0,10,Regulatory concerns,0,1,0,1,0,0,0,0,Hybrid,$3K-$8K,6197,Outcome-based,Head of Maintenance/CAMO,>12 months,0,1,0,1,0,0,1,0,1,1,0,1,0,0,0,6,6,Boeing wide (B777/B787),LinkedIn/social media,5,2,2,5,4,0,0,0,0,1,0,0,0,Dissatisfied - hard to integrate,7,0,1,1,1,1,0,0,0,3x in 12 months,Cost saved per aircraft/yr
UAE-0240,Tech_Forward_Carrier,Hot,Fleet/Maintenance Manager,Commercial airline (full-service),31-80,6-10 years,Dubai,Predictive (some AI),3-5,$500K-$2M,1160095,0,1,1,1,0,0,1,1,1,0,0,0,1,1,0,9,Lack data expertise,1,0,1,1,0,0,0,0,On-premise,$1K-$3K,2166,Hardware lease + software,IT/Digital lead,1-3 months,1,1,1,1,1,1,1,1,1,0,1,0,1,0,0,3,8,Boeing narrow (B737),Email invite,1,1,1,1,1,1,0,0,0,0,1,0,0,Dissatisfied - poor support,8,1,0,0,1,0,0,1,0,3x in 12 months,AOG reduction %
UAE-0241,Tech_Forward_Carrier,Not Interested,C-Suite,Aircraft leasing,31-80,11-20 years,Abu Dhabi,Condition-based,3-5,$10M-$50M,38141878,0,0,0,0,1,1,1,0,1,1,0,0,0,0,0,6,Lack data expertise,1,1,1,0,0,0,0,0,On-premise,$3K-$8K,4660,Outcome-based,Head of Maintenance/CAMO,3-6 months,1,1,1,1,1,0,1,0,1,1,0,0,1,0,0,7,1,Airbus narrow (A320),Word of mouth,4,2,2,4,5,1,0,1,0,0,0,0,1,Dissatisfied - poor support,6,0,0,0,0,1,1,0,0,2x,Dispatch reliability %
UAE-0242,Tech_Forward_Carrier,Hot,Fleet/Maintenance Manager,Charter/private aviation,31-80,11-20 years,Dubai,Condition-based,0,$500K-$2M,1534865,1,1,1,0,0,0,0,0,1,1,1,1,0,1,0,9,Regulatory concerns,1,1,0,0,0,1,0,0,Hybrid,$3K-$8K,6520,Per-aircraft/year,Joint committee,3-6 months,1,1,0,0,1,0,1,0,0,1,1,0,0,0,1,2,9,Airbus narrow (A320),Industry event,3,2,3,5,3,1,0,0,0,0,0,0,0,Dissatisfied - hard to integrate,6,0,1,1,1,1,0,0,1,3x in 12 months,AOG reduction %
UAE-0243,Tech_Forward_Carrier,Warm,MRO Engineer/Technician,Commercial airline (full-service),200+,11-20 years,Dubai,Predictive (some AI),3-5,$10M-$50M,32687526,1,0,0,1,1,1,1,1,1,0,1,0,1,0,0,7,Cybersecurity,1,1,1,0,0,0,0,0,On-premise,$3K-$8K,5958,Per-aircraft/year,IT/Digital lead,6-12 months,0,1,1,0,0,0,0,1,1,1,1,0,0,0,0,2,7,Airbus wide (A330/A350/A380),Industry event,3,2,3,4,4,0,1,1,0,1,0,0,0,Satisfied but expensive,8,0,1,1,0,1,1,0,0,3x in 12 months,Dispatch reliability %
UAE-0244,Tech_Forward_Carrier,Exploring,Director/VP Operations,Independent MRO,81-200,<2 years,Other GCC,Full predictive + digital twin,3-5,$10M-$50M,27575211,0,0,1,0,0,1,0,1,0,1,0,1,1,0,0,5,No barriers,1,1,0,0,0,1,0,0,Full cloud (SaaS),$8K-$20K,9054,Fixed monthly SaaS,Procurement/Finance,3-6 months,1,0,1,1,0,0,1,1,1,1,0,1,0,0,0,7,2,Airbus narrow (A320),Industry event,4,2,3,4,4,1,0,0,0,0,0,1,0,Satisfied but expensive,8,0,0,0,1,0,1,0,0,1.5x,Component lifespan extension
UAE-0245,Tech_Forward_Carrier,Hot,Fleet/Maintenance Manager,Low-cost carrier,81-200,20+ years,Dubai,Scheduled/calendar,1-2,>$50M,78769402,0,1,1,1,0,0,0,0,0,1,1,1,1,0,0,9,No barriers,1,0,0,0,1,0,0,0,Full cloud (SaaS),>$20K,30365,Pay-per-insight,IT/Digital lead,1-3 months,1,1,0,1,0,0,1,1,1,1,0,1,0,0,0,1,9,Boeing wide (B777/B787),LinkedIn/social media,5,1,2,4,4,1,0,0,0,0,1,0,0,Satisfied but expensive,8,0,0,0,1,0,1,0,1,2x,AOG reduction %
UAE-0246,Tech_Forward_Carrier,Hot,MRO Engineer/Technician,Low-cost carrier,200+,<2 years,Sharjah/Northern Emirates,Full predictive + digital twin,1-2,>$50M,91102876,0,1,0,0,1,0,0,0,0,0,0,0,1,0,0,10,Regulatory concerns,1,1,0,0,1,0,0,0,No preference,$8K-$20K,10693,Fixed monthly SaaS,IT/Digital lead,1-3 months,1,0,1,1,1,0,0,1,0,1,0,0,0,1,1,4,10,Airbus narrow (A320),Aviation publication,4,3,4,5,4,1,1,0,1,0,0,0,0,Dissatisfied - poor accuracy,9,1,1,1,0,0,1,0,0,3x in 12 months,Unscheduled maintenance reduction
UAE-0247,Tech_Forward_Carrier,Hot,C-Suite,Low-cost carrier,81-200,20+ years,Abu Dhabi,Predictive (some AI),0,>$50M,76629988,1,1,1,1,0,0,0,1,1,1,1,0,1,1,0,9,Lack data expertise,1,1,0,1,0,0,0,0,Hybrid,$3K-$8K,5152,Fixed monthly SaaS,Head of Maintenance/CAMO,3-6 months,1,1,1,1,0,1,1,0,0,0,0,1,1,1,0,5,7,Airbus wide (A330/A350/A380),Word of mouth,5,2,2,5,3,1,1,1,1,0,0,1,0,Dissatisfied - hard to integrate,8,0,0,1,0,1,0,1,0,5x+,Cost saved per aircraft/yr
UAE-0248,Tech_Forward_Carrier,Hot,C-Suite,Independent MRO,81-200,11-20 years,Other GCC,Predictive (some AI),1-2,>$50M,84958854,1,1,0,1,1,0,1,1,1,1,0,1,0,1,0,8,No barriers,1,1,1,0,0,0,0,0,Full cloud (SaaS),>$20K,28622,Pay-per-insight,Procurement/Finance,<1 month,1,1,1,1,0,0,1,1,1,1,1,0,0,0,0,6,7,Boeing narrow (B737),LinkedIn/social media,3,3,4,4,5,0,0,0,1,0,0,0,0,No platform,9,1,0,0,1,0,1,1,0,1.5x,Cost saved per aircraft/yr
UAE-0249,Tech_Forward_Carrier,Hot,IT/Digital Lead,Low-cost carrier,1-10,11-20 years,Dubai,Reactive,0,$2M-$10M,5331764,0,1,1,1,0,1,0,1,1,1,1,1,0,0,0,8,Lack data expertise,1,0,1,0,0,1,0,0,Full cloud (SaaS),$3K-$8K,6718,Hardware lease + software,Joint committee,6-12 months,1,1,0,0,1,0,0,0,1,0,1,0,0,0,0,5,9,Regional/turboprop,Aviation publication,4,3,2,4,4,0,0,1,0,1,0,0,0,No platform,10,1,0,0,1,1,0,1,0,3x in 12 months,Audit pass rate
UAE-0250,Tech_Forward_Carrier,Hot,Fleet/Maintenance Manager,Charter/private aviation,81-200,2-5 years,Abu Dhabi,Predictive (some AI),3-5,>$50M,84607229,1,0,1,1,0,0,0,1,1,1,0,0,1,0,0,9,Cybersecurity,1,1,1,0,0,0,0,0,Full cloud (SaaS),>$20K,30334,Per-aircraft/year,IT/Digital lead,1-3 months,1,1,0,0,0,1,1,1,0,1,1,1,0,0,0,3,9,Airbus narrow (A320),LinkedIn/social media,2,2,3,3,4,1,0,0,1,0,0,0,0,Dissatisfied - poor support,7,1,1,1,0,1,1,0,0,3x in 12 months,Dispatch reliability %
UAE-0251,Tech_Forward_Carrier,Not Interested,MRO Engineer/Technician,Low-cost carrier,81-200,11-20 years,Abu Dhabi,Predictive (some AI),1-2,$10M-$50M,37899640,1,1,1,0,0,0,1,0,0,0,0,1,1,1,0,8,No barriers,1,1,1,0,0,0,0,0,Full cloud (SaaS),$3K-$8K,5038,Hardware lease + software,C-Suite,3-6 months,1,0,1,1,0,0,1,1,1,1,1,0,0,0,0,7,1,Airbus wide (A330/A350/A380),LinkedIn/social media,4,2,2,4,4,1,0,1,0,0,1,0,1,Dissatisfied - hard to integrate,8,0,0,1,0,1,0,0,1,2x,Audit pass rate
UAE-0252,Tech_Forward_Carrier,Hot,MRO Engineer/Technician,Aircraft leasing,81-200,20+ years,Dubai,Condition-based,3-5,$10M-$50M,26380579,0,1,1,0,0,0,1,0,1,1,1,0,1,1,0,10,No barriers,0,1,1,1,0,0,0,0,Full cloud (SaaS),$8K-$20K,12408,Pay-per-insight,C-Suite,<1 month,1,1,0,1,1,0,1,0,1,1,1,0,0,0,0,3,9,Boeing wide (B777/B787),Email invite,3,3,3,3,3,1,1,1,1,0,1,0,0,Dissatisfied - poor accuracy,6,0,1,0,1,0,1,0,0,2x,Dispatch reliability %
UAE-0253,Tech_Forward_Carrier,Warm,Director/VP Operations,Commercial airline (full-service),31-80,11-20 years,Abu Dhabi,Predictive (some AI),3-5,$2M-$10M,5840903,1,0,1,1,0,1,1,1,0,0,1,0,1,1,0,7,No barriers,1,0,1,0,0,0,1,0,Full cloud (SaaS),>$20K,25524,Pay-per-insight,IT/Digital lead,1-3 months,1,0,1,1,1,1,1,0,1,1,0,1,0,0,0,4,6,Airbus narrow (A320),Industry event,4,4,4,4,4,0,1,1,1,1,1,0,0,Very satisfied,5,1,1,0,1,1,0,0,0,2x,Cost saved per aircraft/yr
UAE-0254,Tech_Forward_Carrier,Warm,C-Suite,Charter/private aviation,11-30,20+ years,Abu Dhabi,Condition-based,1-2,$2M-$10M,5062160,1,1,1,0,1,1,0,0,1,1,1,1,0,0,0,8,Legacy integration,0,0,1,1,1,0,0,0,Full cloud (SaaS),$3K-$8K,5151,Per-aircraft/year,Head of Maintenance/CAMO,<1 month,0,1,1,1,1,1,1,1,1,0,0,1,0,0,1,3,4,Airbus wide (A330/A350/A380),LinkedIn/social media,4,2,3,4,4,1,0,1,0,0,0,0,0,Satisfied but expensive,6,0,0,1,1,1,1,0,0,ROI not primary,Dispatch reliability %
UAE-0255,Tech_Forward_Carrier,Hot,Procurement/Finance,Commercial airline (full-service),31-80,11-20 years,Other GCC,Predictive (some AI),0,$2M-$10M,5971704,1,1,1,0,1,0,0,1,0,1,1,0,0,1,0,7,Regulatory concerns,0,0,1,0,0,0,0,1,Full cloud (SaaS),$3K-$8K,6067,Hardware lease + software,Joint committee,6-12 months,1,0,1,1,0,0,0,1,1,1,0,0,0,0,0,1,8,Boeing narrow (B737),Email invite,4,2,4,5,3,1,0,0,0,0,1,1,0,Dissatisfied - hard to integrate,7,1,0,0,0,0,0,0,0,ROI not primary,Cost saved per aircraft/yr
UAE-0256,Tech_Forward_Carrier,Hot,Director/VP Operations,Commercial airline (full-service),81-200,11-20 years,Dubai,Predictive (some AI),3-5,>$50M,55017228,1,1,1,0,0,0,1,0,1,0,1,0,1,0,0,8,Legacy integration,0,0,1,0,1,1,0,0,On-premise,$3K-$8K,4675,Hardware lease + software,C-Suite,6-12 months,1,1,0,1,1,0,0,0,1,0,1,0,1,0,0,4,7,Airbus narrow (A320),Aviation publication,4,4,4,4,4,1,0,0,0,0,1,0,0,Very satisfied,9,1,0,0,0,0,0,1,0,ROI not primary,AOG reduction %
UAE-0257,Tech_Forward_Carrier,Warm,Fleet/Maintenance Manager,Commercial airline (full-service),31-80,11-20 years,Other GCC,Predictive (some AI),1-2,$2M-$10M,6433860,0,1,0,0,0,0,1,1,1,1,1,0,0,0,0,9,Legacy integration,1,0,1,1,0,0,0,0,Full cloud (SaaS),$1K-$3K,2141,Fixed monthly SaaS,Joint committee,<1 month,1,1,0,1,1,0,1,0,1,0,1,1,0,0,0,2,6,Boeing wide (B777/B787),LinkedIn/social media,5,2,2,4,5,1,1,1,1,0,1,1,0,No platform,9,0,0,0,1,0,0,0,0,2x,Audit pass rate
UAE-0258,Tech_Forward_Carrier,Not Interested,MRO Engineer/Technician,Charter/private aviation,31-80,2-5 years,Outside GCC,Reactive,0,$2M-$10M,5944196,1,0,1,1,0,0,0,0,1,1,0,0,1,0,0,7,Legacy integration,1,0,0,0,0,0,1,1,Full cloud (SaaS),$8K-$20K,13076,Fixed monthly SaaS,IT/Digital lead,1-3 months,1,1,0,1,0,0,0,0,0,1,1,1,0,0,0,5,1,Boeing narrow (B737),Aviation publication,5,2,2,4,5,0,0,0,0,0,0,0,1,Dissatisfied - poor accuracy,10,1,0,0,1,0,1,0,0,Strategic value,AOG reduction %
UAE-0259,Tech_Forward_Carrier,Hot,Director/VP Operations,Charter/private aviation,31-80,20+ years,Dubai,Predictive (some AI),3-5,$2M-$10M,7996902,1,0,1,0,0,0,1,1,1,1,1,1,1,0,0,8,No barriers,0,1,0,1,1,0,0,0,Full cloud (SaaS),$8K-$20K,14744,Pay-per-insight,Joint committee,1-3 months,1,1,1,0,0,0,1,0,1,1,0,1,0,0,0,1,10,Boeing narrow (B737),Email invite,3,2,2,4,3,1,0,0,0,0,1,0,0,Dissatisfied - hard to integrate,6,1,1,1,1,0,0,0,0,1.5x,Unscheduled maintenance reduction
UAE-0260,Tech_Forward_Carrier,Hot,Fleet/Maintenance Manager,Low-cost carrier,1-10,11-20 years,Dubai,Predictive (some AI),0,$2M-$10M,5514789,1,1,0,1,1,0,0,1,0,1,1,0,1,0,0,8,High upfront cost,1,1,1,0,0,0,0,0,Full cloud (SaaS),>$20K,26603,Per-aircraft/year,C-Suite,3-6 months,1,1,1,1,1,1,1,0,0,0,1,1,1,0,0,1,8,Boeing wide (B777/B787),Email invite,5,1,2,4,5,0,0,0,1,1,0,0,0,Very satisfied,8,1,1,1,0,0,0,0,0,Strategic value,AOG reduction %
UAE-0261,Tech_Forward_Carrier,Hot,C-Suite,Commercial airline (full-service),31-80,6-10 years,Abu Dhabi,Predictive (some AI),0,$10M-$50M,27609535,0,0,1,1,0,0,0,1,1,1,1,0,1,1,0,9,Legacy integration,1,1,0,0,1,0,0,0,Hybrid,$3K-$8K,4408,Per-aircraft/year,C-Suite,<1 month,1,1,1,0,1,0,1,0,1,1,0,1,0,0,0,4,9,Airbus wide (A330/A350/A380),Industry event,4,1,2,5,5,0,0,0,1,0,0,0,0,Satisfied but expensive,6,0,1,0,1,0,0,0,1,1.5x,AOG reduction %
UAE-0262,Tech_Forward_Carrier,Exploring,MRO Engineer/Technician,Low-cost carrier,1-10,6-10 years,Sharjah/Northern Emirates,Predictive (some AI),6-10,$500K-$2M,1335947,0,1,0,0,1,1,1,1,1,1,1,0,1,1,0,3,No barriers,1,1,1,0,0,0,0,0,Full cloud (SaaS),>$20K,25053,Fixed monthly SaaS,C-Suite,6-12 months,1,1,1,1,1,0,1,1,1,1,1,0,0,0,0,6,3,Boeing narrow (B737),Aviation publication,4,1,3,4,2,1,1,0,1,0,0,0,0,Dissatisfied - hard to integrate,4,0,1,0,0,0,1,0,0,5x+,Dispatch reliability %
UAE-0263,Tech_Forward_Carrier,Warm,Director/VP Operations,Low-cost carrier,81-200,6-10 years,Outside GCC,Full predictive + digital twin,6-10,>$50M,68172766,1,1,1,1,1,0,0,0,1,1,1,1,1,0,0,9,High upfront cost,1,0,1,0,0,1,0,0,Hybrid,>$20K,14152,Fixed monthly SaaS,Joint committee,1-3 months,1,0,1,1,1,1,1,1,1,0,0,1,0,0,0,4,5,Airbus wide (A330/A350/A380),LinkedIn/social media,5,2,3,4,3,1,1,1,0,0,0,0,0,Very satisfied,8,0,0,0,1,0,0,0,1,ROI not primary,AOG reduction %
UAE-0264,Tech_Forward_Carrier,Warm,Director/VP Operations,Commercial airline (full-service),31-80,6-10 years,Dubai,Condition-based,6-10,$2M-$10M,6193856,1,1,0,1,0,1,1,1,1,0,0,0,1,1,0,9,No barriers,1,0,0,1,1,0,0,0,Full cloud (SaaS),$8K-$20K,23894,Fixed monthly SaaS,C-Suite,1-3 months,1,1,1,1,1,1,0,0,1,0,1,0,0,1,0,1,8,Airbus narrow (A320),Word of mouth,4,2,2,4,4,1,0,1,0,0,0,0,0,No platform,8,0,0,1,0,0,1,1,1,3x in 12 months,Audit pass rate
UAE-0265,Tech_Forward_Carrier,Exploring,Fleet/Maintenance Manager,Independent MRO,1-10,11-20 years,Dubai,Reactive,1-2,$500K-$2M,965529,1,1,0,0,1,1,0,1,1,1,1,0,0,0,0,7,Legacy integration,0,1,0,1,0,0,1,0,Hybrid,$1K-$3K,1850,Fixed monthly SaaS,C-Suite,>12 months,0,1,1,0,0,1,0,1,1,1,0,0,0,0,1,4,3,Airbus narrow (A320),Aviation publication,5,1,3,4,5,1,0,0,0,0,1,0,0,Dissatisfied - poor support,8,1,1,1,0,1,1,1,1,5x+,Cost saved per aircraft/yr
UAE-0266,Tech_Forward_Carrier,Hot,C-Suite,Low-cost carrier,1-10,11-20 years,Dubai,Full predictive + digital twin,3-5,$2M-$10M,7663747,1,0,0,1,0,0,1,0,1,1,1,0,1,1,0,8,Cybersecurity,1,0,0,0,0,1,0,1,No preference,>$20K,38869,Hardware lease + software,C-Suite,6-12 months,1,0,1,1,0,1,0,1,0,1,0,1,1,0,0,3,10,Airbus wide (A330/A350/A380),LinkedIn/social media,4,2,2,4,4,0,0,1,0,0,1,0,0,Very satisfied,8,0,1,0,0,0,0,1,1,2x,Component lifespan extension
UAE-0267,Tech_Forward_Carrier,Hot,IT/Digital Lead,Low-cost carrier,11-30,2-5 years,Sharjah/Northern Emirates,Predictive (some AI),1-2,$500K-$2M,1228207,1,1,0,1,0,0,0,0,0,1,1,0,1,1,0,9,Legacy integration,0,1,0,1,1,0,0,0,Full cloud (SaaS),<$1K,642,Per-aircraft/year,Procurement/Finance,<1 month,0,1,0,0,1,1,1,0,0,0,1,0,1,1,0,4,9,Airbus narrow (A320),Word of mouth,4,1,3,5,5,0,1,0,0,0,0,0,0,Dissatisfied - hard to integrate,6,1,1,1,1,1,1,0,0,1.5x,Unscheduled maintenance reduction
UAE-0268,Tech_Forward_Carrier,Warm,C-Suite,Charter/private aviation,1-10,6-10 years,Other GCC,Predictive (some AI),0,$2M-$10M,5793406,1,1,0,1,0,0,1,0,1,1,0,0,0,0,0,7,Regulatory concerns,1,1,0,0,1,0,0,0,Hybrid,>$20K,34155,Per-aircraft/year,Procurement/Finance,6-12 months,1,1,0,0,0,0,1,1,0,1,1,0,0,0,0,6,5,Boeing wide (B777/B787),LinkedIn/social media,5,2,3,3,4,0,0,0,0,1,0,0,0,Satisfied but expensive,3,1,0,0,0,0,0,0,0,2x,Cost saved per aircraft/yr
UAE-0269,Tech_Forward_Carrier,Hot,Director/VP Operations,Low-cost carrier,81-200,11-20 years,Abu Dhabi,Condition-based,3-5,$2M-$10M,5831793,1,0,0,1,0,1,1,0,0,1,1,1,0,1,0,7,Legacy integration,1,0,1,1,0,0,0,0,Full cloud (SaaS),$1K-$3K,2434,Per-aircraft/year,Head of Maintenance/CAMO,6-12 months,1,1,0,1,1,1,1,0,1,0,0,1,1,0,0,4,9,Boeing narrow (B737),Industry event,5,1,4,5,4,0,0,0,0,0,1,0,0,Very satisfied,9,1,0,0,1,0,0,0,0,5x+,Cost saved per aircraft/yr
UAE-0270,Tech_Forward_Carrier,Warm,Fleet/Maintenance Manager,Low-cost carrier,31-80,6-10 years,Dubai,Condition-based,1-2,$10M-$50M,25021679,0,1,1,1,1,1,0,1,0,1,1,0,0,1,0,8,Regulatory concerns,1,1,1,0,0,0,0,0,Full cloud (SaaS),$8K-$20K,12466,Fixed monthly SaaS,Head of Maintenance/CAMO,3-6 months,0,1,1,1,0,1,1,0,0,0,1,0,1,1,0,4,5,Airbus wide (A330/A350/A380),Industry event,5,2,3,4,3,0,1,0,0,0,1,0,1,Dissatisfied - hard to integrate,8,0,0,0,1,0,0,0,0,2x,AOG reduction %
UAE-0271,Tech_Forward_Carrier,Hot,C-Suite,Commercial airline (full-service),31-80,11-20 years,Abu Dhabi,Full predictive + digital twin,1-2,$2M-$10M,4278970,1,1,1,0,1,0,0,1,1,1,1,0,1,1,0,8,Lack data expertise,0,1,1,0,0,0,0,1,On-premise,>$20K,21103,Fixed monthly SaaS,C-Suite,3-6 months,1,0,1,1,0,1,0,1,1,1,1,0,0,0,0,6,9,Airbus narrow (A320),LinkedIn/social media,4,3,2,5,4,1,0,0,0,1,0,0,0,Satisfied but expensive,8,0,1,0,0,1,0,0,0,5x+,AOG reduction %
UAE-0272,Tech_Forward_Carrier,Exploring,Director/VP Operations,Independent MRO,81-200,11-20 years,Outside GCC,Condition-based,0,$2M-$10M,7145118,0,1,0,1,1,1,0,1,1,1,0,0,1,1,0,7,Cybersecurity,1,1,1,0,0,0,0,0,Hybrid,$3K-$8K,5785,Per-aircraft/year,C-Suite,3-6 months,0,1,1,1,0,1,1,1,1,0,1,1,0,0,0,4,3,Airbus wide (A330/A350/A380),Industry event,4,2,2,5,5,1,0,0,0,0,0,0,0,Dissatisfied - hard to integrate,8,1,0,0,1,1,1,0,0,5x+,Unscheduled maintenance reduction
UAE-0273,Tech_Forward_Carrier,Hot,MRO Engineer/Technician,Commercial airline (full-service),81-200,2-5 years,Outside GCC,Full predictive + digital twin,1-2,$2M-$10M,6064833,0,0,0,0,0,1,1,1,1,1,1,0,1,1,0,8,High upfront cost,1,1,1,0,0,0,0,0,Full cloud (SaaS),>$20K,23202,Fixed monthly SaaS,Head of Maintenance/CAMO,1-3 months,1,0,1,1,1,0,0,0,1,1,0,1,0,0,0,3,8,Airbus narrow (A320),Industry event,3,2,2,3,3,1,0,1,0,0,0,0,0,Satisfied but expensive,7,0,1,0,1,0,0,0,0,3x in 12 months,Dispatch reliability %
UAE-0274,Tech_Forward_Carrier,Not Interested,MRO Engineer/Technician,Commercial airline (full-service),31-80,2-5 years,Abu Dhabi,Condition-based,1-2,$500K-$2M,1603941,0,1,1,0,0,0,0,1,0,1,1,1,1,1,0,7,Regulatory concerns,1,0,0,1,1,0,0,0,Full cloud (SaaS),$1K-$3K,1519,Outcome-based,Procurement/Finance,6-12 months,1,1,0,1,1,1,0,0,1,0,1,1,0,0,0,8,1,Boeing wide (B777/B787),Industry event,5,1,2,5,3,1,1,0,1,0,1,0,0,Dissatisfied - hard to integrate,5,1,0,0,1,1,0,0,0,ROI not primary,AOG reduction %
UAE-0275,Tech_Forward_Carrier,Hot,Director/VP Operations,Charter/private aviation,31-80,20+ years,Dubai,Full predictive + digital twin,3-5,$2M-$10M,5474760,0,0,1,0,0,0,0,0,1,1,1,1,1,0,0,10,Regulatory concerns,1,1,1,0,0,0,0,0,Full cloud (SaaS),$3K-$8K,3995,Hardware lease + software,Procurement/Finance,3-6 months,0,1,0,1,1,0,1,0,1,1,1,0,0,0,0,1,7,Airbus narrow (A320),Email invite,5,3,2,4,5,0,0,1,0,1,1,0,0,Dissatisfied - poor support,4,0,1,0,0,1,0,0,0,3x in 12 months,AOG reduction %
UAE-0276,Tech_Forward_Carrier,Warm,IT/Digital Lead,Low-cost carrier,11-30,20+ years,Other GCC,Condition-based,1-2,$500K-$2M,1177152,1,0,0,0,0,0,0,1,1,1,1,0,1,0,0,9,Regulatory concerns,1,1,0,0,1,0,0,0,Full cloud (SaaS),<$1K,540,Per-aircraft/year,C-Suite,3-6 months,1,1,1,1,1,1,1,1,0,0,1,1,1,0,0,4,6,Boeing wide (B777/B787),Email invite,2,1,3,4,4,0,1,0,0,0,1,0,0,Very satisfied,8,0,1,1,1,1,0,0,0,3x in 12 months,AOG reduction %
UAE-0277,Tech_Forward_Carrier,Exploring,Fleet/Maintenance Manager,Low-cost carrier,1-10,20+ years,Abu Dhabi,Condition-based,0,<$500K,237154,1,1,1,1,0,1,0,1,1,1,0,0,1,1,0,6,High upfront cost,0,1,1,1,0,0,0,0,Full cloud (SaaS),$1K-$3K,1653,Fixed monthly SaaS,Head of Maintenance/CAMO,1-3 months,0,0,1,1,1,1,1,0,1,1,1,0,0,0,0,6,5,Airbus narrow (A320),Email invite,4,1,3,5,3,0,0,0,1,0,0,0,0,Dissatisfied - poor support,9,1,1,0,1,0,1,0,1,3x in 12 months,Dispatch reliability %
UAE-0278,Tech_Forward_Carrier,Hot,C-Suite,Aircraft leasing,1-10,6-10 years,Abu Dhabi,Condition-based,6-10,$500K-$2M,1186952,0,1,1,1,1,0,1,0,1,1,1,1,1,1,0,9,High upfront cost,1,1,1,0,0,0,0,0,Hybrid,$8K-$20K,17017,Per-aircraft/year,IT/Digital lead,6-12 months,0,1,1,1,0,1,1,0,0,0,1,0,0,1,1,1,7,Airbus wide (A330/A350/A380),Word of mouth,4,1,4,4,4,1,1,0,0,1,0,1,0,Dissatisfied - poor accuracy,8,0,0,0,1,1,1,0,0,1.5x,Component lifespan extension
UAE-0279,Tech_Forward_Carrier,Hot,Fleet/Maintenance Manager,Commercial airline (full-service),31-80,11-20 years,Dubai,Predictive (some AI),3-5,$2M-$10M,4918065,1,1,0,0,1,0,1,1,1,0,0,0,0,0,0,8,Legacy integration,1,1,1,0,0,0,0,0,Full cloud (SaaS),$3K-$8K,5814,Fixed monthly SaaS,Procurement/Finance,3-6 months,1,0,1,1,1,0,1,0,1,1,0,1,0,0,0,2,8,Airbus narrow (A320),Word of mouth,4,1,3,5,4,1,0,0,0,0,0,1,0,Satisfied but expensive,8,1,1,0,0,0,0,1,0,5x+,Dispatch reliability %
UAE-0280,Tech_Forward_Carrier,Warm,Director/VP Operations,Low-cost carrier,81-200,11-20 years,Abu Dhabi,Condition-based,0,$2M-$10M,6623450,1,0,0,0,1,1,0,0,1,0,1,1,1,1,0,7,Cybersecurity,1,1,0,0,1,0,0,0,No preference,$8K-$20K,18290,Fixed monthly SaaS,Head of Maintenance/CAMO,3-6 months,1,1,1,1,1,0,0,0,1,1,0,1,0,0,0,5,8,Boeing narrow (B737),LinkedIn/social media,4,3,3,5,4,1,0,0,0,0,0,0,0,Dissatisfied - poor accuracy,7,0,1,0,0,1,1,1,0,3x in 12 months,Unscheduled maintenance reduction
UAE-0281,Tech_Forward_Carrier,Warm,IT/Digital Lead,Commercial airline (full-service),81-200,6-10 years,Other GCC,Full predictive + digital twin,3-5,>$50M,88505981,1,1,1,0,0,1,1,0,1,1,1,0,1,1,0,9,Legacy integration,0,0,1,1,1,0,0,0,Hybrid,>$20K,18085,Hardware lease + software,Joint committee,1-3 months,0,1,1,1,1,0,1,0,1,1,1,0,0,0,0,3,6,Airbus narrow (A320),Word of mouth,4,2,3,3,4,0,0,1,0,0,1,1,0,Very satisfied,5,0,0,0,0,0,1,0,0,2x,AOG reduction %
UAE-0282,Tech_Forward_Carrier,Exploring,Director/VP Operations,Charter/private aviation,81-200,6-10 years,Abu Dhabi,Full predictive + digital twin,1-2,<$500K,278489,1,0,1,0,0,1,0,1,1,1,1,0,0,1,0,6,Lack data expertise,0,1,1,0,0,1,0,0,Full cloud (SaaS),>$20K,30114,Fixed monthly SaaS,Head of Maintenance/CAMO,1-3 months,1,1,1,1,0,1,1,1,1,1,1,0,0,0,0,5,6,Boeing narrow (B737),LinkedIn/social media,5,2,2,5,4,0,0,1,0,0,0,0,0,Satisfied but expensive,9,0,0,0,0,1,1,0,0,5x+,Audit pass rate
UAE-0283,Tech_Forward_Carrier,Hot,Director/VP Operations,Commercial airline (full-service),31-80,11-20 years,Abu Dhabi,Full predictive + digital twin,6-10,$10M-$50M,37422664,1,1,1,0,1,1,0,0,1,1,1,0,0,0,0,10,No barriers,1,0,0,0,0,1,0,0,No preference,$8K-$20K,12161,Fixed monthly SaaS,Procurement/Finance,3-6 months,0,1,1,1,1,1,0,0,1,1,1,0,0,0,0,3,6,Boeing narrow (B737),LinkedIn/social media,5,2,1,3,4,1,0,1,0,1,0,0,1,No platform,7,1,1,0,0,0,1,0,0,1.5x,Unscheduled maintenance reduction
UAE-0284,Tech_Forward_Carrier,Warm,C-Suite,Independent MRO,81-200,11-20 years,Abu Dhabi,Condition-based,0,$2M-$10M,4911470,0,1,1,0,0,1,0,0,1,0,1,1,0,0,0,9,No barriers,1,0,1,1,0,0,0,0,Full cloud (SaaS),$8K-$20K,14633,Per-aircraft/year,Procurement/Finance,3-6 months,1,0,1,0,1,0,0,0,0,1,0,1,0,0,1,4,5,Boeing narrow (B737),LinkedIn/social media,5,3,2,4,4,0,1,0,1,0,0,0,0,Dissatisfied - poor support,7,0,0,0,0,1,1,0,0,2x,AOG reduction %
UAE-0285,Tech_Forward_Carrier,Hot,MRO Engineer/Technician,Commercial airline (full-service),81-200,6-10 years,Abu Dhabi,Reactive,1-2,$10M-$50M,29372712,1,1,0,1,1,1,0,0,0,1,1,0,0,0,0,9,No barriers,1,1,1,0,0,0,0,0,On-premise,$8K-$20K,9188,Fixed monthly SaaS,Head of Maintenance/CAMO,1-3 months,1,0,1,1,1,0,0,0,1,1,1,0,0,0,0,5,8,Regional/turboprop,Word of mouth,4,2,2,3,5,0,0,1,0,0,1,0,0,Satisfied but expensive,7,1,0,1,0,0,1,1,0,5x+,Dispatch reliability %
UAE-0286,Tech_Forward_Carrier,Exploring,Fleet/Maintenance Manager,Independent MRO,31-80,11-20 years,Abu Dhabi,Predictive (some AI),1-2,$2M-$10M,6398701,0,1,1,1,1,1,1,0,1,1,0,1,1,1,0,7,Legacy integration,0,1,1,0,1,0,0,0,Hybrid,$8K-$20K,11426,Fixed monthly SaaS,Head of Maintenance/CAMO,6-12 months,1,1,0,1,0,1,1,0,1,1,0,1,0,0,0,7,4,Boeing narrow (B737),LinkedIn/social media,3,3,3,3,3,1,1,0,1,1,1,0,0,No platform,8,0,0,1,0,1,1,0,0,3x in 12 months,Audit pass rate
UAE-0287,Tech_Forward_Carrier,Warm,MRO Engineer/Technician,Charter/private aviation,11-30,11-20 years,Dubai,Full predictive + digital twin,3-5,$2M-$10M,5363136,0,0,1,1,0,1,0,1,1,1,1,1,1,1,0,8,High upfront cost,1,1,1,0,0,0,0,0,On-premise,$3K-$8K,5390,Fixed monthly SaaS,Head of Maintenance/CAMO,1-3 months,1,1,0,0,1,0,0,0,0,0,1,0,1,0,0,3,7,Boeing narrow (B737),Email invite,4,1,2,4,3,1,1,0,0,0,1,0,0,Dissatisfied - poor support,5,0,0,1,0,1,1,0,0,2x,Cost saved per aircraft/yr
UAE-0288,Tech_Forward_Carrier,Warm,Director/VP Operations,Commercial airline (full-service),31-80,6-10 years,Dubai,Full predictive + digital twin,1-2,<$500K,254102,1,1,1,1,0,0,1,0,1,1,1,1,0,0,0,10,No barriers,1,0,1,1,0,0,0,0,Hybrid,$3K-$8K,5810,Per-aircraft/year,Head of Maintenance/CAMO,3-6 months,1,1,1,1,1,1,0,0,1,0,1,0,0,1,0,4,7,Boeing narrow (B737),Aviation publication,4,1,2,3,4,1,1,1,0,0,1,0,0,Dissatisfied - hard to integrate,8,1,1,0,0,0,1,0,0,ROI not primary,Unscheduled maintenance reduction
UAE-0289,Tech_Forward_Carrier,Warm,Director/VP Operations,Low-cost carrier,81-200,11-20 years,Sharjah/Northern Emirates,Condition-based,1-2,$10M-$50M,29565193,1,1,1,0,1,0,0,1,1,1,1,0,1,1,0,8,High upfront cost,1,0,1,1,0,0,0,0,Full cloud (SaaS),$8K-$20K,11616,Pay-per-insight,C-Suite,3-6 months,1,1,1,1,1,1,1,1,1,1,1,0,0,0,0,5,4,Airbus wide (A330/A350/A380),LinkedIn/social media,5,1,2,3,4,0,0,0,0,1,0,0,0,Very satisfied,9,0,0,0,1,0,0,0,0,2x,Cost saved per aircraft/yr
UAE-0290,Tech_Forward_Carrier,Exploring,Director/VP Operations,Commercial airline (full-service),31-80,11-20 years,Dubai,Predictive (some AI),1-2,$2M-$10M,6464065,1,0,1,1,1,0,0,0,0,1,1,1,1,0,0,7,Legacy integration,1,1,1,0,0,0,0,0,Full cloud (SaaS),$3K-$8K,6016,Hardware lease + software,Head of Maintenance/CAMO,<1 month,0,0,1,1,0,0,0,0,1,1,1,0,0,0,0,4,4,Airbus narrow (A320),Email invite,4,3,2,5,5,0,0,1,1,1,0,0,0,Very satisfied,10,0,1,0,1,1,1,0,0,3x in 12 months,Cost saved per aircraft/yr
UAE-0291,Tech_Forward_Carrier,Exploring,MRO Engineer/Technician,Charter/private aviation,31-80,6-10 years,Dubai,Full predictive + digital twin,3-5,$500K-$2M,1173183,1,0,1,1,0,0,1,0,1,1,0,0,0,1,0,7,Cybersecurity,1,1,0,0,1,0,0,0,Full cloud (SaaS),$8K-$20K,19749,Pay-per-insight,C-Suite,1-3 months,0,0,1,0,1,0,1,1,1,0,1,1,0,0,0,5,2,Boeing narrow (B737),Word of mouth,3,2,1,4,4,0,1,1,0,1,0,0,0,Dissatisfied - poor support,8,0,0,0,1,0,0,0,1,ROI not primary,AOG reduction %
UAE-0292,Tech_Forward_Carrier,Hot,IT/Digital Lead,Charter/private aviation,31-80,20+ years,Other GCC,Predictive (some AI),10+,$2M-$10M,6382900,1,1,1,1,0,0,1,0,1,1,0,0,0,0,0,9,No barriers,1,1,1,0,0,0,0,0,Full cloud (SaaS),>$20K,34445,Per-aircraft/year,Procurement/Finance,1-3 months,0,0,1,1,1,1,0,0,1,1,0,1,0,0,0,1,7,Boeing narrow (B737),Aviation publication,4,2,3,5,5,1,1,0,1,1,0,0,0,Dissatisfied - hard to integrate,6,0,0,1,1,0,1,0,0,2x,Unscheduled maintenance reduction
UAE-0293,Tech_Forward_Carrier,Exploring,Fleet/Maintenance Manager,Low-cost carrier,31-80,11-20 years,Abu Dhabi,Full predictive + digital twin,3-5,$2M-$10M,7500501,0,1,1,0,0,1,0,0,1,1,1,0,0,1,0,8,Legacy integration,1,1,0,0,0,0,1,0,Hybrid,$3K-$8K,6228,Pay-per-insight,IT/Digital lead,3-6 months,1,1,0,1,1,0,0,1,1,1,0,1,0,0,0,9,2,Airbus narrow (A320),LinkedIn/social media,4,1,3,4,5,1,0,0,0,0,1,0,0,No platform,9,1,0,1,1,1,0,0,0,1.5x,AOG reduction %
UAE-0294,Tech_Forward_Carrier,Warm,Fleet/Maintenance Manager,Independent MRO,31-80,11-20 years,Dubai,Predictive (some AI),1-2,$2M-$10M,6625682,1,1,1,0,0,1,0,0,1,1,1,0,1,1,0,9,No barriers,1,0,0,0,0,0,0,0,Full cloud (SaaS),<$1K,411,Per-aircraft/year,Procurement/Finance,1-3 months,0,1,1,1,0,1,1,0,1,1,0,0,0,1,0,3,8,Airbus narrow (A320),Email invite,5,2,2,3,3,0,0,0,0,0,0,1,0,Dissatisfied - poor accuracy,10,1,1,1,1,1,1,0,1,2x,Dispatch reliability %
UAE-0295,Tech_Forward_Carrier,Hot,C-Suite,Commercial airline (full-service),31-80,20+ years,Abu Dhabi,Predictive (some AI),3-5,$500K-$2M,1009914,1,1,1,0,0,1,0,1,1,1,1,0,0,1,0,9,High upfront cost,0,1,0,1,1,0,0,0,Full cloud (SaaS),<$1K,590,Fixed monthly SaaS,Procurement/Finance,3-6 months,1,1,1,1,0,1,1,0,1,1,0,1,0,0,0,1,8,Boeing narrow (B737),Email invite,5,2,5,3,5,1,0,0,0,0,1,0,0,Dissatisfied - hard to integrate,7,1,0,0,0,1,1,0,0,2x,Cost saved per aircraft/yr
UAE-0296,Tech_Forward_Carrier,Warm,IT/Digital Lead,Commercial airline (full-service),81-200,6-10 years,Sharjah/Northern Emirates,Predictive (some AI),0,$10M-$50M,33473640,1,0,0,1,0,0,0,0,1,1,1,1,1,1,0,9,Regulatory concerns,1,1,1,0,0,0,0,0,Full cloud (SaaS),$8K-$20K,12152,Per-aircraft/year,IT/Digital lead,>12 months,0,1,0,1,1,0,0,0,0,0,0,1,0,0,0,5,4,Boeing narrow (B737),Aviation publication,5,2,3,5,4,1,0,1,0,0,1,0,0,No platform,8,0,0,0,1,1,1,0,0,1.5x,Cost saved per aircraft/yr
UAE-0297,Tech_Forward_Carrier,Hot,Director/VP Operations,Low-cost carrier,200+,11-20 years,Abu Dhabi,Condition-based,3-5,$10M-$50M,26035192,1,1,1,0,0,0,0,1,1,1,0,1,0,0,0,8,Legacy integration,1,1,0,1,0,0,0,0,Full cloud (SaaS),$8K-$20K,16990,Hardware lease + software,Head of Maintenance/CAMO,1-3 months,1,1,1,0,1,0,0,1,1,1,1,0,0,0,0,5,8,Boeing narrow (B737),LinkedIn/social media,4,1,3,5,5,1,0,0,0,0,0,0,1,Dissatisfied - poor support,6,1,0,0,0,0,0,0,0,2x,Cost saved per aircraft/yr
UAE-0298,Tech_Forward_Carrier,Hot,IT/Digital Lead,Low-cost carrier,81-200,11-20 years,Other GCC,Predictive (some AI),6-10,$2M-$10M,5659792,1,0,0,0,0,0,1,0,1,1,1,0,1,0,0,9,High upfront cost,1,1,1,0,0,0,0,0,Hybrid,$1K-$3K,2232,Fixed monthly SaaS,Head of Maintenance/CAMO,3-6 months,1,1,1,0,1,0,1,0,1,1,1,0,0,0,0,2,7,Airbus narrow (A320),Email invite,5,2,2,5,5,1,0,0,0,0,0,0,0,Dissatisfied - hard to integrate,8,1,0,0,0,1,0,0,0,1.5x,AOG reduction %
UAE-0299,Tech_Forward_Carrier,Hot,Fleet/Maintenance Manager,Commercial airline (full-service),31-80,11-20 years,Other GCC,Condition-based,6-10,$2M-$10M,6071638,1,1,0,0,0,1,0,0,0,1,1,0,1,0,0,9,Cybersecurity,1,0,1,1,0,0,0,0,Full cloud (SaaS),$8K-$20K,11828,Per-aircraft/year,IT/Digital lead,6-12 months,1,1,1,1,1,0,1,1,1,0,1,1,0,0,0,3,5,Boeing narrow (B737),Aviation publication,5,1,4,4,4,1,1,0,0,0,0,0,0,Dissatisfied - poor accuracy,6,0,0,0,0,1,0,0,0,3x in 12 months,Dispatch reliability %
UAE-0300,Tech_Forward_Carrier,Hot,Director/VP Operations,Independent MRO,11-30,11-20 years,Abu Dhabi,Scheduled/calendar,10+,$2M-$10M,5740765,1,1,1,0,0,0,0,1,1,0,1,0,0,0,0,10,Regulatory concerns,0,1,0,1,1,0,0,0,Full cloud (SaaS),>$20K,15461,Fixed monthly SaaS,Joint committee,3-6 months,0,1,0,0,1,0,1,0,0,1,0,1,0,1,0,5,8,Airbus wide (A330/A350/A380),LinkedIn/social media,3,1,4,4,3,1,1,0,1,0,0,0,0,Satisfied but expensive,9,1,1,1,1,1,0,1,0,2x,Cost saved per aircraft/yr
UAE-0301,Tech_Forward_Carrier,Exploring,MRO Engineer/Technician,Independent MRO,81-200,2-5 years,Abu Dhabi,Predictive (some AI),0,$2M-$10M,6304697,1,0,1,0,1,0,1,0,1,1,0,1,0,0,0,5,High upfront cost,1,0,0,0,1,0,0,1,Full cloud (SaaS),$8K-$20K,14545,Fixed monthly SaaS,Joint committee,>12 months,1,0,1,1,1,1,0,1,1,1,1,0,0,0,0,4,5,Boeing narrow (B737),LinkedIn/social media,5,2,3,5,4,0,1,0,1,1,1,0,0,Dissatisfied - hard to integrate,6,0,1,1,0,1,1,0,0,3x in 12 months,Cost saved per aircraft/yr
UAE-0302,Tech_Forward_Carrier,Hot,Fleet/Maintenance Manager,Charter/private aviation,81-200,11-20 years,Dubai,Predictive (some AI),1-2,>$50M,80056581,1,1,1,1,1,1,0,1,1,0,1,0,1,1,0,10,Cybersecurity,1,1,1,0,0,0,0,0,Full cloud (SaaS),>$20K,22885,Hardware lease + software,IT/Digital lead,1-3 months,1,1,0,1,0,1,1,1,1,0,1,1,0,0,0,2,9,Airbus narrow (A320),Industry event,4,1,3,5,4,0,1,0,1,0,1,0,1,Dissatisfied - poor accuracy,6,1,0,0,1,0,1,0,0,5x+,AOG reduction %
UAE-0303,Tech_Forward_Carrier,Hot,MRO Engineer/Technician,Commercial airline (full-service),200+,6-10 years,Outside GCC,Condition-based,3-5,$2M-$10M,4605935,1,0,1,0,0,1,1,0,1,1,1,1,1,1,0,9,Regulatory concerns,0,0,1,0,1,0,0,1,Full cloud (SaaS),$3K-$8K,6592,Per-aircraft/year,Head of Maintenance/CAMO,6-12 months,1,1,1,1,1,1,1,0,0,1,1,1,0,0,0,3,8,Boeing wide (B777/B787),LinkedIn/social media,4,1,3,5,3,0,0,0,1,0,1,0,0,Dissatisfied - poor accuracy,10,1,0,0,1,1,0,0,0,2x,AOG reduction %
UAE-0304,Tech_Forward_Carrier,Warm,IT/Digital Lead,Low-cost carrier,81-200,6-10 years,Dubai,Condition-based,3-5,$10M-$50M,32583320,1,0,0,1,0,0,0,0,1,1,1,1,1,0,0,10,Legacy integration,1,0,1,0,0,1,0,0,Hybrid,$8K-$20K,10617,Outcome-based,C-Suite,<1 month,1,1,1,1,0,0,0,0,1,1,0,1,0,0,0,2,6,Boeing narrow (B737),LinkedIn/social media,5,3,3,4,3,0,1,0,1,0,0,0,0,Dissatisfied - poor support,9,0,1,1,0,0,1,1,0,3x in 12 months,AOG reduction %
UAE-0305,Tech_Forward_Carrier,Warm,MRO Engineer/Technician,Commercial airline (full-service),81-200,11-20 years,Dubai,Predictive (some AI),0,>$50M,64147063,1,1,1,1,0,0,0,0,1,0,1,1,0,0,0,10,Lack data expertise,1,0,1,1,0,0,0,0,Hybrid,$8K-$20K,13283,Pay-per-insight,Head of Maintenance/CAMO,1-3 months,0,1,1,1,0,0,0,0,1,1,1,0,0,0,0,7,7,Boeing narrow (B737),Word of mouth,4,1,2,5,4,1,1,0,0,0,0,0,0,Satisfied but expensive,6,1,0,1,0,1,1,0,1,3x in 12 months,Dispatch reliability %
UAE-0306,Tech_Forward_Carrier,Warm,Fleet/Maintenance Manager,Low-cost carrier,81-200,2-5 years,Dubai,Condition-based,1-2,$10M-$50M,29254658,1,0,0,1,0,0,1,1,1,0,1,0,0,0,0,9,Regulatory concerns,1,1,1,0,0,0,0,0,Hybrid,>$20K,17271,Fixed monthly SaaS,Head of Maintenance/CAMO,6-12 months,1,0,1,1,0,0,0,0,1,1,0,0,0,1,0,5,5,Regional/turboprop,Email invite,3,1,1,3,4,1,0,0,0,1,1,0,0,Very satisfied,10,1,0,0,1,0,0,1,0,2x,AOG reduction %
UAE-0307,Tech_Forward_Carrier,Warm,MRO Engineer/Technician,Charter/private aviation,11-30,11-20 years,Dubai,Condition-based,3-5,$2M-$10M,5526708,1,0,1,1,0,0,1,0,1,0,1,1,1,1,0,9,Regulatory concerns,1,1,0,0,0,0,0,1,Full cloud (SaaS),$1K-$3K,2144,Per-aircraft/year,IT/Digital lead,1-3 months,1,1,0,1,0,1,0,1,1,1,1,0,0,0,0,5,6,Airbus narrow (A320),Aviation publication,3,3,4,3,3,1,1,0,0,0,1,0,0,Dissatisfied - poor accuracy,7,1,1,0,1,1,1,1,0,3x in 12 months,Unscheduled maintenance reduction
UAE-0308,Tech_Forward_Carrier,Exploring,Director/VP Operations,Low-cost carrier,81-200,6-10 years,Abu Dhabi,Full predictive + digital twin,1-2,$10M-$50M,25659579,1,0,1,0,1,1,0,0,1,1,0,0,1,1,0,7,No barriers,0,1,1,1,0,0,0,0,Full cloud (SaaS),$3K-$8K,4779,Hardware lease + software,Head of Maintenance/CAMO,3-6 months,1,0,0,1,0,1,0,0,0,1,1,1,0,0,0,9,6,Boeing wide (B777/B787),LinkedIn/social media,4,3,3,4,3,0,1,0,0,0,0,0,0,Satisfied but expensive,7,0,1,0,1,1,0,1,0,3x in 12 months,AOG reduction %
UAE-0309,Tech_Forward_Carrier,Warm,Fleet/Maintenance Manager,Low-cost carrier,31-80,20+ years,Abu Dhabi,Condition-based,3-5,$2M-$10M,6775472,1,1,1,0,1,0,1,1,0,1,0,1,1,0,0,9,Lack data expertise,0,0,0,1,0,0,0,1,Hybrid,$1K-$3K,1432,Pay-per-insight,Joint committee,1-3 months,1,0,1,1,1,1,1,0,1,1,0,0,0,1,0,3,6,Boeing narrow (B737),Email invite,4,3,2,5,5,1,0,0,1,0,1,0,0,Dissatisfied - poor accuracy,10,0,1,1,1,0,1,0,1,2x,Cost saved per aircraft/yr
UAE-0310,Tech_Forward_Carrier,Not Interested,Director/VP Operations,Charter/private aviation,1-10,20+ years,Abu Dhabi,Predictive (some AI),0,<$500K,234835,1,0,0,0,1,0,1,0,1,1,0,0,0,0,0,7,Legacy integration,1,0,1,1,0,0,0,0,Full cloud (SaaS),$1K-$3K,2205,Pay-per-insight,Head of Maintenance/CAMO,1-3 months,1,1,1,1,1,1,1,1,0,1,0,1,1,0,0,8,1,Airbus narrow (A320),Word of mouth,5,1,3,4,4,1,0,0,1,1,1,0,0,Dissatisfied - poor accuracy,10,0,0,0,1,1,0,0,0,2x,Unscheduled maintenance reduction
UAE-0311,Tech_Forward_Carrier,Hot,Fleet/Maintenance Manager,Commercial airline (full-service),1-10,20+ years,Dubai,Condition-based,0,$500K-$2M,1123449,1,0,1,0,1,0,0,1,1,1,1,0,0,1,0,8,Legacy integration,1,1,1,0,0,0,0,0,Hybrid,>$20K,31105,Fixed monthly SaaS,C-Suite,1-3 months,1,1,0,1,1,1,1,0,1,1,0,0,0,1,0,1,7,Airbus narrow (A320),LinkedIn/social media,4,2,3,3,4,1,1,1,0,0,0,0,0,Satisfied but expensive,6,1,0,0,1,0,1,0,1,2x,AOG reduction %
UAE-0312,Tech_Forward_Carrier,Hot,Director/VP Operations,Low-cost carrier,31-80,6-10 years,Other GCC,Predictive (some AI),0,$500K-$2M,1235521,1,0,1,0,0,1,0,0,1,1,1,0,1,0,0,9,High upfront cost,1,0,1,0,1,0,0,0,No preference,$3K-$8K,5914,Pay-per-insight,IT/Digital lead,3-6 months,0,1,1,1,0,0,1,1,0,0,1,0,0,1,1,1,9,Airbus narrow (A320),Email invite,4,3,3,5,4,0,1,0,1,0,0,0,0,Dissatisfied - poor support,9,0,0,0,1,1,1,1,1,3x in 12 months,Component lifespan extension
UAE-0313,Tech_Forward_Carrier,Hot,MRO Engineer/Technician,Independent MRO,11-30,2-5 years,Sharjah/Northern Emirates,Condition-based,1-2,$500K-$2M,1347921,1,0,1,1,1,1,0,0,0,1,1,0,1,1,0,8,Lack data expertise,1,1,1,0,0,0,0,0,Full cloud (SaaS),$1K-$3K,2818,Outcome-based,C-Suite,1-3 months,1,1,1,1,0,0,1,0,1,1,0,1,0,0,0,4,9,Airbus narrow (A320),Industry event,3,1,3,4,4,0,0,0,0,1,0,0,0,Satisfied but expensive,8,0,1,0,1,0,0,0,0,3x in 12 months,AOG reduction %
UAE-0314,Tech_Forward_Carrier,Hot,Fleet/Maintenance Manager,Independent MRO,81-200,20+ years,Dubai,Predictive (some AI),1-2,$10M-$50M,37148821,0,0,0,1,0,0,0,1,1,0,0,0,0,0,0,9,Cybersecurity,1,0,1,1,0,0,0,0,On-premise,$8K-$20K,11124,Hardware lease + software,C-Suite,1-3 months,1,1,1,1,1,1,1,1,1,0,1,1,0,0,0,3,7,Airbus wide (A330/A350/A380),Word of mouth,4,2,2,3,4,1,1,1,0,0,1,0,0,Very satisfied,6,0,1,0,0,0,1,0,0,3x in 12 months,Cost saved per aircraft/yr
UAE-0315,Tech_Forward_Carrier,Exploring,Procurement/Finance,Charter/private aviation,81-200,<2 years,Other GCC,Full predictive + digital twin,3-5,$10M-$50M,16817480,0,1,0,1,0,0,1,0,1,1,1,0,0,0,0,8,Regulatory concerns,1,0,1,1,0,0,0,0,Full cloud (SaaS),$8K-$20K,16743,Pay-per-insight,C-Suite,1-3 months,1,1,0,0,0,1,1,1,1,0,1,0,0,0,0,5,4,Airbus wide (A330/A350/A380),Industry event,3,3,4,4,5,1,1,1,0,0,1,0,0,Dissatisfied - poor accuracy,8,0,1,0,1,0,1,0,0,3x in 12 months,Dispatch reliability %
UAE-0316,Tech_Forward_Carrier,Hot,IT/Digital Lead,Low-cost carrier,31-80,20+ years,Other GCC,Full predictive + digital twin,1-2,<$500K,199872,0,0,1,0,1,0,1,0,0,1,1,1,1,0,0,8,High upfront cost,1,1,1,0,0,0,0,0,Full cloud (SaaS),$8K-$20K,14332,Fixed monthly SaaS,IT/Digital lead,3-6 months,1,0,1,1,1,1,1,1,1,0,1,0,0,1,0,2,8,Airbus narrow (A320),Industry event,4,2,3,4,3,1,1,1,0,1,0,1,0,Dissatisfied - hard to integrate,5,1,1,1,0,1,1,1,0,1.5x,Component lifespan extension
UAE-0317,Tech_Forward_Carrier,Warm,C-Suite,Low-cost carrier,31-80,11-20 years,Sharjah/Northern Emirates,Condition-based,3-5,$2M-$10M,6880033,1,1,1,0,0,0,1,0,0,1,1,0,1,0,0,6,High upfront cost,0,1,0,1,0,1,0,0,Full cloud (SaaS),$3K-$8K,6642,Per-aircraft/year,Head of Maintenance/CAMO,1-3 months,1,1,1,1,0,0,1,1,1,0,1,0,0,1,0,7,6,Boeing narrow (B737),Industry event,2,2,2,4,4,1,1,0,0,1,0,0,1,Dissatisfied - poor support,10,1,1,0,1,0,1,0,0,2x,AOG reduction %
UAE-0318,Tech_Forward_Carrier,Hot,C-Suite,Commercial airline (full-service),31-80,20+ years,Dubai,Condition-based,0,$2M-$10M,6598434,0,1,1,0,0,0,0,0,0,1,0,1,0,0,0,7,Cybersecurity,1,0,0,1,0,0,1,0,Hybrid,$3K-$8K,3918,Outcome-based,C-Suite,3-6 months,1,1,1,1,0,0,1,1,1,1,0,0,1,0,0,2,8,Boeing narrow (B737),Industry event,5,1,3,5,5,1,0,0,0,0,0,0,0,Dissatisfied - poor accuracy,7,1,0,0,0,1,1,0,0,5x+,Cost saved per aircraft/yr
UAE-0319,Tech_Forward_Carrier,Exploring,Fleet/Maintenance Manager,Independent MRO,1-10,11-20 years,Dubai,Condition-based,3-5,<$500K,243131,1,0,0,1,0,0,0,1,0,1,0,1,1,1,0,6,Cybersecurity,1,1,1,0,0,0,0,0,Full cloud (SaaS),$8K-$20K,16975,Fixed monthly SaaS,C-Suite,3-6 months,0,1,1,1,1,0,0,0,0,0,0,0,0,1,1,5,4,Airbus wide (A330/A350/A380),Word of mouth,4,1,2,5,4,1,0,0,1,0,0,0,0,Satisfied but expensive,8,0,0,1,0,0,0,0,1,ROI not primary,AOG reduction %
UAE-0320,Tech_Forward_Carrier,Not Interested,Director/VP Operations,Commercial airline (full-service),81-200,6-10 years,Dubai,Predictive (some AI),1-2,$10M-$50M,27598798,1,0,0,0,0,1,1,0,0,0,1,1,1,1,0,7,Cybersecurity,0,1,1,0,1,0,0,0,Full cloud (SaaS),$8K-$20K,11790,Pay-per-insight,Joint committee,3-6 months,1,1,0,0,0,1,0,0,1,1,0,1,0,0,0,10,1,Boeing narrow (B737),LinkedIn/social media,5,2,2,5,5,1,1,1,0,0,0,1,0,No platform,4,1,0,1,1,0,0,1,0,3x in 12 months,AOG reduction %
UAE-0321,Tech_Forward_Carrier,Exploring,C-Suite,Low-cost carrier,31-80,2-5 years,Other GCC,Predictive (some AI),1-2,$2M-$10M,6452470,1,0,1,1,0,0,1,0,0,1,1,0,1,1,1,3,Regulatory concerns,1,1,0,0,1,0,0,0,Hybrid,$1K-$3K,1652,Hardware lease + software,Head of Maintenance/CAMO,6-12 months,1,1,1,1,1,0,0,1,1,1,0,0,1,0,0,8,3,Airbus wide (A330/A350/A380),Industry event,3,2,4,3,3,1,0,0,0,0,1,0,0,Satisfied but expensive,10,0,0,0,0,1,1,0,0,5x+,AOG reduction %
UAE-0322,Tech_Forward_Carrier,Exploring,Fleet/Maintenance Manager,Commercial airline (full-service),31-80,6-10 years,Abu Dhabi,Predictive (some AI),0,$10M-$50M,38359660,1,0,1,1,0,1,0,0,0,1,0,1,1,0,0,6,Legacy integration,1,1,1,0,0,0,0,0,Full cloud (SaaS),$3K-$8K,4273,Fixed monthly SaaS,IT/Digital lead,>12 months,1,1,0,0,0,1,0,1,0,1,1,1,0,0,0,9,6,Regional/turboprop,Email invite,5,1,2,4,4,0,1,1,0,1,1,0,0,Very satisfied,9,0,1,1,0,1,1,0,0,Strategic value,Cost saved per aircraft/yr
UAE-0323,Tech_Forward_Carrier,Exploring,Fleet/Maintenance Manager,Low-cost carrier,1-10,6-10 years,Dubai,Condition-based,0,<$500K,282978,0,1,0,1,0,0,1,1,1,0,1,0,1,0,0,5,No barriers,1,1,1,0,0,0,0,0,Hybrid,<$1K,623,Fixed monthly SaaS,Head of Maintenance/CAMO,1-3 months,1,0,1,1,1,1,1,0,1,0,0,1,0,0,0,6,5,Boeing narrow (B737),LinkedIn/social media,5,1,2,4,3,0,0,1,0,0,0,1,0,No platform,8,0,1,1,0,1,1,1,0,3x in 12 months,Cost saved per aircraft/yr
UAE-0324,Tech_Forward_Carrier,Warm,IT/Digital Lead,Low-cost carrier,81-200,2-5 years,Sharjah/Northern Emirates,Condition-based,0,$10M-$50M,41302004,0,1,0,1,0,0,1,1,1,1,1,1,1,1,0,6,Cybersecurity,1,1,1,0,0,0,0,0,Hybrid,$8K-$20K,13918,Fixed monthly SaaS,Joint committee,1-3 months,1,0,1,1,1,0,1,0,0,1,1,0,1,0,0,5,6,Airbus wide (A330/A350/A380),Email invite,4,1,3,4,2,1,0,1,0,0,0,0,0,Dissatisfied - poor accuracy,9,0,0,1,0,1,0,0,0,Strategic value,AOG reduction %
UAE-0325,Tech_Forward_Carrier,Warm,MRO Engineer/Technician,Low-cost carrier,31-80,20+ years,Dubai,Scheduled/calendar,0,$10M-$50M,34312736,1,0,1,1,0,1,1,0,1,1,1,0,1,1,0,9,Legacy integration,0,0,1,0,0,1,1,0,On-premise,$1K-$3K,2082,Hardware lease + software,Head of Maintenance/CAMO,1-3 months,1,1,1,0,1,1,0,1,1,1,1,0,0,0,0,6,6,Regional/turboprop,LinkedIn/social media,5,2,3,5,4,0,0,0,0,0,1,0,0,No platform,5,1,1,0,1,1,1,0,1,2x,Unscheduled maintenance reduction
UAE-0326,Tech_Forward_Carrier,Hot,Fleet/Maintenance Manager,Low-cost carrier,31-80,20+ years,Dubai,Scheduled/calendar,1-2,$2M-$10M,6258260,0,0,0,0,0,1,1,0,1,1,1,0,1,1,1,8,Legacy integration,1,1,1,0,0,0,0,0,Full cloud (SaaS),<$1K,442,Pay-per-insight,Joint committee,1-3 months,1,1,1,1,1,0,0,0,1,1,0,0,0,1,0,1,7,Boeing narrow (B737),Industry event,5,3,4,3,4,1,0,1,0,0,0,0,0,Dissatisfied - poor accuracy,5,0,0,1,0,1,1,0,1,2x,Cost saved per aircraft/yr
UAE-0327,Tech_Forward_Carrier,Warm,Director/VP Operations,Low-cost carrier,1-10,2-5 years,Sharjah/Northern Emirates,Condition-based,0,$2M-$10M,5373874,1,0,1,0,0,1,0,1,0,1,1,0,1,0,0,7,High upfront cost,1,1,1,0,0,0,0,0,Hybrid,>$20K,36130,Hardware lease + software,Joint committee,1-3 months,1,1,1,1,1,1,1,1,1,1,0,1,0,0,0,4,7,Airbus narrow (A320),Industry event,1,1,1,1,1,0,1,1,1,0,0,1,0,Dissatisfied - poor accuracy,6,0,0,0,1,1,1,0,1,Strategic value,AOG reduction %
UAE-0328,Tech_Forward_Carrier,Warm,Director/VP Operations,Independent MRO,31-80,11-20 years,Abu Dhabi,Full predictive + digital twin,3-5,$2M-$10M,6906420,1,1,1,0,0,0,1,0,1,1,0,1,1,0,0,9,Regulatory concerns,1,1,1,0,0,0,0,0,Full cloud (SaaS),$1K-$3K,1918,Fixed monthly SaaS,C-Suite,3-6 months,1,1,1,1,1,1,1,0,1,1,1,0,0,0,0,3,5,Boeing wide (B777/B787),Word of mouth,5,2,3,4,3,1,0,0,1,0,1,0,0,Very satisfied,9,0,0,1,1,1,0,0,0,3x in 12 months,Cost saved per aircraft/yr
UAE-0329,Tech_Forward_Carrier,Hot,MRO Engineer/Technician,Commercial airline (full-service),31-80,11-20 years,Other GCC,Full predictive + digital twin,6-10,$2M-$10M,4785381,1,1,1,0,0,0,0,1,1,1,1,1,1,0,0,8,Legacy integration,0,1,1,1,0,0,0,0,Hybrid,$8K-$20K,14085,Per-aircraft/year,Head of Maintenance/CAMO,1-3 months,1,1,1,1,1,1,1,0,1,1,1,0,0,0,0,3,8,Airbus narrow (A320),LinkedIn/social media,4,2,3,4,4,1,1,1,0,0,0,0,0,Satisfied but expensive,9,1,0,0,0,1,1,1,0,2x,Cost saved per aircraft/yr
UAE-0330,Tech_Forward_Carrier,Warm,Fleet/Maintenance Manager,Commercial airline (full-service),31-80,11-20 years,Dubai,Predictive (some AI),3-5,$10M-$50M,34025912,1,0,1,1,1,0,0,0,1,0,1,1,1,1,0,7,Legacy integration,1,0,0,1,0,0,1,0,Full cloud (SaaS),$3K-$8K,5847,Per-aircraft/year,IT/Digital lead,1-3 months,1,0,0,1,1,0,0,0,0,1,0,1,1,0,0,2,6,Airbus narrow (A320),Aviation publication,5,1,2,5,3,1,0,0,0,1,0,0,0,Dissatisfied - poor accuracy,6,0,1,0,1,0,0,0,1,ROI not primary,Cost saved per aircraft/yr
UAE-0331,Tech_Forward_Carrier,Hot,C-Suite,Independent MRO,81-200,11-20 years,Other GCC,Predictive (some AI),1-2,$10M-$50M,32683985,1,1,1,0,1,1,1,0,0,0,1,0,1,1,0,8,No barriers,0,1,1,0,0,0,0,1,Full cloud (SaaS),>$20K,26810,Fixed monthly SaaS,C-Suite,3-6 months,0,1,1,0,0,0,1,0,1,1,0,1,0,0,0,4,9,Boeing wide (B777/B787),Word of mouth,4,2,3,4,4,0,0,1,0,0,0,0,0,No platform,7,0,0,0,1,0,1,0,0,3x in 12 months,Cost saved per aircraft/yr
UAE-0332,Tech_Forward_Carrier,Hot,Director/VP Operations,Charter/private aviation,81-200,11-20 years,Dubai,Full predictive + digital twin,3-5,$10M-$50M,29178439,1,1,1,1,1,1,0,1,1,1,0,0,1,0,0,7,Cybersecurity,1,1,1,0,0,0,0,0,Hybrid,$1K-$3K,1987,Hardware lease + software,C-Suite,3-6 months,1,1,0,1,0,0,0,1,1,1,1,0,0,0,0,1,7,Airbus wide (A330/A350/A380),LinkedIn/social media,4,2,3,4,4,0,1,0,1,1,0,0,0,Dissatisfied - poor accuracy,8,1,0,0,0,1,0,0,0,3x in 12 months,Cost saved per aircraft/yr
UAE-0333,Tech_Forward_Carrier,Not Interested,MRO Engineer/Technician,Low-cost carrier,81-200,6-10 years,Other GCC,Predictive (some AI),1-2,$10M-$50M,32001482,0,1,0,0,0,0,0,0,0,1,0,0,1,1,0,5,Regulatory concerns,0,1,0,1,1,0,0,0,Full cloud (SaaS),<$1K,513,Outcome-based,Head of Maintenance/CAMO,3-6 months,1,0,0,1,0,0,0,1,0,1,0,1,1,0,0,8,2,Airbus narrow (A320),Industry event,3,2,4,4,3,0,1,1,1,0,0,0,0,Dissatisfied - hard to integrate,8,1,1,0,0,1,0,0,0,ROI not primary,AOG reduction %
UAE-0334,Tech_Forward_Carrier,Warm,Director/VP Operations,Charter/private aviation,200+,6-10 years,Dubai,Predictive (some AI),1-2,$10M-$50M,31405701,1,1,1,0,0,0,1,0,1,0,0,0,1,1,0,10,Regulatory concerns,1,0,0,1,1,0,0,0,On-premise,>$20K,21660,Fixed monthly SaaS,Joint committee,1-3 months,1,1,1,0,1,1,1,1,1,1,1,0,0,0,0,6,7,Airbus narrow (A320),Word of mouth,4,2,3,5,3,0,0,0,0,0,0,0,1,Dissatisfied - poor accuracy,9,1,0,1,1,0,0,0,0,2x,AOG reduction %
UAE-0335,Tech_Forward_Carrier,Hot,Procurement/Finance,Charter/private aviation,31-80,20+ years,Dubai,Scheduled/calendar,1-2,$10M-$50M,29708901,0,1,1,0,1,0,1,1,1,1,1,0,1,1,0,9,No barriers,1,0,0,0,0,0,0,0,Hybrid,$1K-$3K,2026,Per-aircraft/year,Joint committee,6-12 months,1,1,1,1,0,1,1,0,0,1,1,0,0,1,0,2,10,Airbus wide (A330/A350/A380),Industry event,4,1,2,4,5,0,0,0,0,0,1,0,0,Dissatisfied - hard to integrate,8,0,1,1,0,1,0,0,0,ROI not primary,Cost saved per aircraft/yr
UAE-0336,Tech_Forward_Carrier,Hot,IT/Digital Lead,Low-cost carrier,200+,2-5 years,Outside GCC,Condition-based,1-2,>$50M,65431478,0,0,1,1,0,0,0,1,0,1,0,1,1,1,0,10,Regulatory concerns,1,0,1,1,0,0,0,0,Full cloud (SaaS),$8K-$20K,14667,Fixed monthly SaaS,Joint committee,6-12 months,1,0,1,0,1,0,0,1,1,1,0,0,1,0,0,5,8,Airbus narrow (A320),Email invite,5,2,3,5,5,1,1,1,0,0,1,0,0,No platform,7,0,0,0,0,1,1,0,0,3x in 12 months,Unscheduled maintenance reduction
UAE-0337,Tech_Forward_Carrier,Warm,C-Suite,Commercial airline (full-service),81-200,11-20 years,Sharjah/Northern Emirates,Predictive (some AI),1-2,$500K-$2M,1142797,1,1,1,1,0,1,1,0,1,1,1,1,0,0,1,9,Regulatory concerns,0,0,1,0,0,1,0,0,Full cloud (SaaS),$3K-$8K,6423,Fixed monthly SaaS,C-Suite,6-12 months,1,1,1,1,0,1,1,0,0,0,1,1,0,1,0,4,7,Airbus wide (A330/A350/A380),Industry event,5,1,2,4,4,1,0,0,0,1,1,0,0,Dissatisfied - poor accuracy,7,0,0,0,0,1,0,0,0,1.5x,Dispatch reliability %
UAE-0338,Tech_Forward_Carrier,Exploring,IT/Digital Lead,Low-cost carrier,81-200,6-10 years,Abu Dhabi,Full predictive + digital twin,1-2,$2M-$10M,7216982,1,1,1,0,1,0,0,1,1,1,0,1,0,1,0,7,Legacy integration,1,1,0,1,0,0,0,0,Full cloud (SaaS),$3K-$8K,5539,Fixed monthly SaaS,Head of Maintenance/CAMO,3-6 months,1,0,1,1,0,0,1,0,0,0,1,1,0,1,0,4,2,Airbus narrow (A320),LinkedIn/social media,4,1,3,4,5,0,0,0,0,1,0,0,0,Satisfied but expensive,10,1,0,0,0,0,1,0,0,1.5x,Audit pass rate
UAE-0339,Tech_Forward_Carrier,Warm,MRO Engineer/Technician,Charter/private aviation,81-200,11-20 years,Sharjah/Northern Emirates,Condition-based,1-2,$2M-$10M,5836695,1,0,1,0,0,0,1,1,0,1,0,1,0,1,0,8,Cybersecurity,1,1,1,0,0,0,0,0,Full cloud (SaaS),$8K-$20K,16508,Per-aircraft/year,IT/Digital lead,3-6 months,1,0,0,1,1,1,1,0,1,1,0,1,0,0,0,7,4,Airbus narrow (A320),LinkedIn/social media,3,1,3,5,5,0,0,0,1,0,0,0,0,No platform,6,1,1,1,0,0,1,0,0,ROI not primary,AOG reduction %
UAE-0340,Tech_Forward_Carrier,Warm,MRO Engineer/Technician,Low-cost carrier,81-200,6-10 years,Dubai,Condition-based,1-2,$2M-$10M,3915470,1,0,1,1,0,0,1,0,0,1,1,1,1,0,0,10,Cybersecurity,1,1,0,1,0,0,0,0,Full cloud (SaaS),$8K-$20K,11912,Fixed monthly SaaS,Head of Maintenance/CAMO,1-3 months,1,0,1,1,0,1,0,0,0,1,1,1,0,0,0,1,6,Boeing narrow (B737),LinkedIn/social media,5,2,2,4,4,1,1,0,0,1,1,0,0,Dissatisfied - poor accuracy,5,0,0,0,1,1,0,1,0,Strategic value,AOG reduction %
UAE-0341,Tech_Forward_Carrier,Hot,Director/VP Operations,Aircraft leasing,11-30,20+ years,Sharjah/Northern Emirates,Predictive (some AI),10+,$10M-$50M,26783936,1,1,1,1,0,0,1,0,1,1,1,0,0,0,0,9,No barriers,1,1,1,0,0,0,0,0,Hybrid,$1K-$3K,2115,Fixed monthly SaaS,Head of Maintenance/CAMO,3-6 months,1,0,0,1,1,1,1,1,1,1,0,0,0,0,1,3,7,Boeing narrow (B737),LinkedIn/social media,4,1,3,5,3,0,1,0,0,0,0,0,0,Dissatisfied - poor accuracy,6,0,0,1,0,1,0,0,0,2x,AOG reduction %
UAE-0342,Tech_Forward_Carrier,Hot,MRO Engineer/Technician,Low-cost carrier,81-200,2-5 years,Abu Dhabi,Scheduled/calendar,3-5,$10M-$50M,31480980,1,0,1,1,0,0,0,0,1,1,1,0,1,1,0,10,No barriers,1,1,0,1,0,0,0,0,On-premise,$8K-$20K,12870,Fixed monthly SaaS,IT/Digital lead,3-6 months,1,0,0,1,1,0,1,0,1,0,0,1,0,0,1,2,5,Boeing narrow (B737),LinkedIn/social media,4,3,3,4,4,1,0,0,0,1,1,0,0,Dissatisfied - poor support,7,0,0,1,1,1,1,0,1,3x in 12 months,Cost saved per aircraft/yr
UAE-0343,Tech_Forward_Carrier,Exploring,C-Suite,Charter/private aviation,11-30,11-20 years,Abu Dhabi,Reactive,1-2,$500K-$2M,1097559,1,0,0,1,1,0,1,0,1,0,0,0,1,0,0,7,No barriers,1,0,1,1,0,0,0,0,Full cloud (SaaS),$1K-$3K,2081,Per-aircraft/year,Procurement/Finance,1-3 months,1,1,0,1,0,1,0,0,1,0,1,1,0,0,0,6,3,Boeing wide (B777/B787),Email invite,5,2,2,5,4,1,1,1,0,1,1,0,0,Dissatisfied - hard to integrate,6,0,0,0,0,0,1,1,0,5x+,Dispatch reliability %
UAE-0344,Tech_Forward_Carrier,Exploring,Director/VP Operations,Independent MRO,81-200,11-20 years,Abu Dhabi,Full predictive + digital twin,1-2,$10M-$50M,26581335,1,0,1,0,0,0,1,1,1,1,0,0,1,1,0,4,Legacy integration,1,1,0,1,0,0,0,0,Hybrid,$8K-$20K,15188,Hardware lease + software,Joint committee,1-3 months,1,1,0,1,0,0,0,0,1,0,0,0,0,1,1,3,2,Airbus narrow (A320),LinkedIn/social media,3,2,2,4,3,1,0,1,0,0,0,0,0,Dissatisfied - hard to integrate,6,0,0,1,1,0,1,0,0,2x,Cost saved per aircraft/yr
UAE-0345,Tech_Forward_Carrier,Hot,MRO Engineer/Technician,Low-cost carrier,11-30,20+ years,Dubai,Condition-based,3-5,$500K-$2M,1337069,1,0,0,0,0,0,1,0,1,1,0,1,0,0,0,8,Regulatory concerns,1,0,1,0,1,0,0,0,Full cloud (SaaS),$3K-$8K,5813,Hardware lease + software,Procurement/Finance,1-3 months,0,1,1,1,1,0,0,1,0,1,1,1,0,0,0,1,8,Airbus narrow (A320),Email invite,5,2,2,4,4,1,0,0,1,0,1,0,0,Dissatisfied - poor support,7,1,0,1,1,0,1,0,0,3x in 12 months,AOG reduction %
UAE-0346,Tech_Forward_Carrier,Hot,C-Suite,Low-cost carrier,1-10,<2 years,Dubai,Full predictive + digital twin,1-2,<$500K,237789,0,0,1,1,0,0,0,0,1,1,1,1,1,1,0,8,Regulatory concerns,1,1,0,0,0,1,0,0,Full cloud (SaaS),$1K-$3K,2076,Fixed monthly SaaS,Joint committee,6-12 months,1,1,1,1,0,0,1,0,1,0,0,1,1,0,0,1,7,Boeing wide (B777/B787),Aviation publication,3,1,2,4,3,0,0,0,0,0,0,1,0,Dissatisfied - hard to integrate,8,1,1,1,1,0,1,0,0,2x,Cost saved per aircraft/yr
UAE-0347,Tech_Forward_Carrier,Hot,C-Suite,Independent MRO,81-200,20+ years,Dubai,Full predictive + digital twin,1-2,$10M-$50M,30156211,1,1,1,1,1,0,0,1,0,1,1,1,1,0,0,6,Lack data expertise,1,0,1,0,0,1,0,0,Full cloud (SaaS),$3K-$8K,6148,Hardware lease + software,Head of Maintenance/CAMO,1-3 months,1,1,1,1,0,1,0,0,1,1,1,0,0,0,0,4,7,Boeing narrow (B737),LinkedIn/social media,4,1,3,3,3,1,0,0,0,0,1,0,0,Dissatisfied - hard to integrate,7,0,0,0,1,0,0,0,0,5x+,Dispatch reliability %
UAE-0348,Tech_Forward_Carrier,Hot,C-Suite,Independent MRO,81-200,11-20 years,Abu Dhabi,Condition-based,6-10,$10M-$50M,29443219,1,1,1,1,0,0,0,1,1,0,1,1,1,1,0,8,Legacy integration,0,1,1,0,0,0,0,1,On-premise,>$20K,22032,Per-aircraft/year,Head of Maintenance/CAMO,3-6 months,1,1,0,1,0,0,1,1,1,1,0,0,0,1,0,2,8,Airbus wide (A330/A350/A380),LinkedIn/social media,4,2,2,5,3,0,0,0,0,1,0,0,0,Dissatisfied - poor support,8,0,1,1,0,0,1,0,0,2x,Component lifespan extension
UAE-0349,Tech_Forward_Carrier,Hot,C-Suite,Commercial airline (full-service),31-80,2-5 years,Other GCC,Scheduled/calendar,0,$2M-$10M,7063701,1,0,1,1,0,0,0,0,1,1,1,0,1,1,0,9,High upfront cost,0,1,0,1,0,1,0,0,On-premise,$3K-$8K,5299,Pay-per-insight,Head of Maintenance/CAMO,1-3 months,1,0,1,1,1,0,1,0,1,1,1,0,0,0,0,2,9,Boeing narrow (B737),Email invite,3,1,2,5,4,1,1,1,0,0,1,0,0,Dissatisfied - hard to integrate,6,1,0,0,1,0,0,0,0,ROI not primary,Component lifespan extension
UAE-0350,Tech_Forward_Carrier,Hot,Procurement/Finance,Commercial airline (full-service),81-200,20+ years,Sharjah/Northern Emirates,Predictive (some AI),6-10,$10M-$50M,28603615,1,1,0,0,0,1,0,0,0,1,0,0,1,0,0,8,No barriers,1,0,1,1,0,0,0,0,Hybrid,$8K-$20K,12211,Outcome-based,Procurement/Finance,1-3 months,1,1,1,1,1,0,0,0,1,0,1,1,0,0,0,4,6,Boeing narrow (B737),Industry event,5,2,3,4,4,1,0,1,0,1,1,0,0,No platform,5,1,1,0,1,0,0,0,0,Strategic value,AOG reduction %
UAE-0351,Tech_Forward_Carrier,Not Interested,C-Suite,Commercial airline (full-service),11-30,20+ years,Sharjah/Northern Emirates,Scheduled/calendar,1-2,$500K-$2M,1151625,0,1,1,1,0,1,0,1,1,1,1,1,1,1,0,7,Regulatory concerns,1,1,1,0,0,0,0,0,Hybrid,$1K-$3K,2466,Fixed monthly SaaS,Joint committee,<1 month,1,0,0,1,1,0,0,1,0,1,1,0,0,1,0,6,1,Regional/turboprop,Industry event,4,1,3,4,4,1,0,0,0,1,1,0,0,Satisfied but expensive,7,1,0,1,0,0,0,0,0,2x,Dispatch reliability %
UAE-0352,Tech_Forward_Carrier,Hot,MRO Engineer/Technician,Charter/private aviation,81-200,6-10 years,Sharjah/Northern Emirates,Predictive (some AI),6-10,>$50M,66119941,1,0,0,0,0,1,1,0,0,1,1,0,1,1,0,8,Legacy integration,1,1,1,0,0,0,0,0,Full cloud (SaaS),$3K-$8K,5286,Per-aircraft/year,IT/Digital lead,1-3 months,1,0,0,1,1,1,1,0,0,1,1,1,0,0,0,2,7,Boeing wide (B777/B787),LinkedIn/social media,4,3,3,5,3,0,1,1,0,0,0,0,0,Dissatisfied - poor accuracy,8,1,0,1,1,1,0,0,0,3x in 12 months,Cost saved per aircraft/yr
UAE-0353,Tech_Forward_Carrier,Hot,Fleet/Maintenance Manager,Commercial airline (full-service),1-10,20+ years,Dubai,Full predictive + digital twin,1-2,<$500K,208848,1,1,0,0,0,1,1,0,0,1,1,0,0,0,0,7,Regulatory concerns,1,0,0,1,1,0,0,0,Full cloud (SaaS),$1K-$3K,1733,Per-aircraft/year,Head of Maintenance/CAMO,3-6 months,1,1,1,1,1,0,1,0,1,0,1,1,0,0,0,4,9,Regional/turboprop,Email invite,4,1,2,5,4,0,1,0,0,0,0,0,0,Satisfied but expensive,5,1,0,0,0,0,1,0,0,Strategic value,Audit pass rate
UAE-0354,Tech_Forward_Carrier,Hot,C-Suite,Commercial airline (full-service),31-80,11-20 years,Dubai,Condition-based,6-10,$2M-$10M,5198713,0,0,1,0,1,0,0,1,1,1,0,0,1,0,0,8,Cybersecurity,1,1,1,0,0,0,0,0,Full cloud (SaaS),$8K-$20K,15351,Per-aircraft/year,Head of Maintenance/CAMO,3-6 months,1,1,1,1,1,1,0,0,0,1,0,1,0,0,1,1,8,Airbus wide (A330/A350/A380),Email invite,4,2,3,5,3,1,0,0,0,0,0,0,0,Satisfied but expensive,4,1,0,1,0,1,1,0,0,3x in 12 months,Dispatch reliability %
UAE-0355,Tech_Forward_Carrier,Hot,Director/VP Operations,Independent MRO,11-30,6-10 years,Abu Dhabi,Condition-based,3-5,$2M-$10M,5646252,1,0,1,0,0,0,1,0,1,1,0,1,0,0,0,10,Regulatory concerns,1,1,0,1,0,0,0,0,Full cloud (SaaS),$8K-$20K,17511,Hardware lease + software,Joint committee,6-12 months,0,1,0,1,1,0,1,1,1,1,1,0,0,0,0,4,9,Airbus wide (A330/A350/A380),LinkedIn/social media,4,1,2,5,3,0,1,0,0,1,0,0,0,Dissatisfied - hard to integrate,10,0,1,1,0,0,0,0,1,2x,Cost saved per aircraft/yr
UAE-0356,Tech_Forward_Carrier,Hot,MRO Engineer/Technician,Independent MRO,31-80,20+ years,Abu Dhabi,Full predictive + digital twin,10+,$2M-$10M,5710174,0,1,0,0,0,0,0,1,0,1,0,0,1,1,0,10,Legacy integration,0,1,0,0,0,0,0,0,Hybrid,$8K-$20K,10454,Per-aircraft/year,Head of Maintenance/CAMO,3-6 months,1,0,1,1,0,1,0,0,1,0,1,0,0,0,1,4,7,Airbus narrow (A320),Industry event,3,2,3,4,3,1,0,0,0,0,1,0,1,Dissatisfied - hard to integrate,7,1,0,1,1,0,0,0,1,5x+,Cost saved per aircraft/yr
UAE-0357,Tech_Forward_Carrier,Hot,Procurement/Finance,Commercial airline (full-service),31-80,11-20 years,Dubai,Full predictive + digital twin,0,$10M-$50M,29606541,1,1,0,1,0,0,1,1,0,1,1,0,1,0,0,9,Legacy integration,1,1,1,0,0,0,0,0,Full cloud (SaaS),>$20K,32785,Pay-per-insight,C-Suite,3-6 months,1,1,0,0,1,0,1,1,1,1,0,1,0,0,0,3,10,Airbus narrow (A320),LinkedIn/social media,4,2,1,4,4,1,1,0,0,0,1,0,0,Dissatisfied - hard to integrate,9,1,0,1,0,1,1,0,0,3x in 12 months,AOG reduction %
UAE-0358,Tech_Forward_Carrier,Hot,C-Suite,Commercial airline (full-service),31-80,6-10 years,Dubai,Full predictive + digital twin,1-2,>$50M,80202940,1,1,1,1,0,1,0,1,1,1,1,0,1,0,0,7,No barriers,0,0,0,1,0,0,0,1,Full cloud (SaaS),$3K-$8K,5670,Per-aircraft/year,IT/Digital lead,3-6 months,1,1,0,0,0,0,1,0,1,0,1,0,1,0,0,4,10,Boeing narrow (B737),Industry event,5,2,3,5,5,1,0,0,1,0,1,0,0,Dissatisfied - poor accuracy,5,0,1,0,0,0,0,0,0,5x+,AOG reduction %
UAE-0359,Tech_Forward_Carrier,Exploring,C-Suite,Low-cost carrier,11-30,11-20 years,Other GCC,Full predictive + digital twin,3-5,$2M-$10M,5685504,1,1,1,0,0,0,1,0,1,1,0,0,1,1,0,5,High upfront cost,1,1,1,0,0,0,0,0,Hybrid,$3K-$8K,5875,Fixed monthly SaaS,Head of Maintenance/CAMO,6-12 months,1,1,0,1,0,1,0,1,1,0,0,1,0,1,0,8,3,Airbus narrow (A320),Aviation publication,3,2,3,5,4,1,0,1,0,1,0,0,0,No platform,7,0,1,1,1,0,0,0,1,2x,Unscheduled maintenance reduction
UAE-0360,Tech_Forward_Carrier,Hot,Fleet/Maintenance Manager,Low-cost carrier,200+,11-20 years,Abu Dhabi,Full predictive + digital twin,1-2,$500K-$2M,1010181,1,1,1,0,0,0,0,0,1,0,1,1,1,1,0,9,Cybersecurity,1,1,1,0,0,0,0,0,Full cloud (SaaS),$8K-$20K,11897,Fixed monthly SaaS,Head of Maintenance/CAMO,>12 months,1,1,1,1,1,1,0,0,1,0,0,0,0,0,0,6,9,Airbus narrow (A320),Industry event,4,1,2,4,5,0,1,1,0,0,1,0,1,Dissatisfied - hard to integrate,8,1,1,0,0,1,0,0,1,2x,AOG reduction %
UAE-0361,Tech_Forward_Carrier,Warm,Fleet/Maintenance Manager,Low-cost carrier,31-80,2-5 years,Other GCC,Condition-based,1-2,$2M-$10M,5341531,1,1,1,1,1,1,1,0,1,1,1,0,0,0,0,10,No barriers,1,1,0,0,0,0,1,0,On-premise,$1K-$3K,2017,Hardware lease + software,Joint committee,1-3 months,1,0,1,1,1,0,0,0,0,0,0,1,0,0,1,6,5,Regional/turboprop,Aviation publication,4,2,1,5,5,0,0,0,1,0,0,0,0,Satisfied but expensive,7,0,0,1,0,0,1,0,0,ROI not primary,Cost saved per aircraft/yr
UAE-0362,Tech_Forward_Carrier,Warm,MRO Engineer/Technician,Independent MRO,81-200,20+ years,Sharjah/Northern Emirates,Full predictive + digital twin,3-5,$2M-$10M,5007957,1,0,1,1,1,1,1,1,1,1,0,0,1,1,0,9,Regulatory concerns,1,1,1,0,0,0,0,0,Full cloud (SaaS),$3K-$8K,5585,Hardware lease + software,Procurement/Finance,6-12 months,1,1,1,1,1,1,0,1,0,0,0,1,1,0,1,5,6,Airbus wide (A330/A350/A380),Word of mouth,5,3,3,4,5,0,1,0,0,0,0,0,0,Dissatisfied - hard to integrate,10,1,0,0,1,1,1,0,1,Strategic value,Dispatch reliability %
UAE-0363,Tech_Forward_Carrier,Hot,MRO Engineer/Technician,Low-cost carrier,31-80,11-20 years,Outside GCC,Condition-based,0,$500K-$2M,1841010,1,1,1,0,0,0,1,0,1,1,1,0,0,0,0,7,Regulatory concerns,1,1,1,0,0,0,0,0,On-premise,>$20K,29224,Per-aircraft/year,Head of Maintenance/CAMO,1-3 months,1,0,1,1,1,1,1,1,1,0,0,1,1,0,0,1,9,Airbus narrow (A320),Word of mouth,4,3,2,3,4,1,0,1,0,1,0,0,0,Dissatisfied - poor support,4,1,0,0,1,1,0,1,0,3x in 12 months,AOG reduction %
UAE-0364,Tech_Forward_Carrier,Warm,IT/Digital Lead,Commercial airline (full-service),31-80,11-20 years,Dubai,Full predictive + digital twin,0,$2M-$10M,6675989,1,1,0,1,1,1,1,0,1,0,0,0,1,0,0,6,No barriers,1,1,1,0,0,0,0,0,Hybrid,$1K-$3K,2010,Per-aircraft/year,Procurement/Finance,<1 month,1,1,1,1,1,0,0,0,0,1,1,1,0,0,0,1,6,Airbus wide (A330/A350/A380),Industry event,5,2,2,4,4,1,0,1,1,0,1,0,0,Dissatisfied - poor support,8,0,1,1,1,1,0,0,0,5x+,Cost saved per aircraft/yr
UAE-0365,Tech_Forward_Carrier,Exploring,Procurement/Finance,Commercial airline (full-service),11-30,6-10 years,Abu Dhabi,Scheduled/calendar,1-2,$10M-$50M,23849137,0,1,0,0,1,1,0,1,1,1,1,0,1,0,0,7,Legacy integration,1,1,1,0,0,0,0,0,On-premise,$3K-$8K,2822,Hardware lease + software,Head of Maintenance/CAMO,1-3 months,1,0,1,1,1,0,1,0,1,1,1,0,0,0,0,5,3,Boeing wide (B777/B787),Aviation publication,2,2,2,2,2,1,1,0,0,0,0,0,0,Satisfied but expensive,7,0,1,1,1,0,0,0,0,5x+,Unscheduled maintenance reduction
UAE-0366,Tech_Forward_Carrier,Exploring,IT/Digital Lead,Low-cost carrier,81-200,20+ years,Dubai,Predictive (some AI),1-2,>$50M,68484853,0,1,1,0,1,0,1,1,1,0,1,1,0,0,0,5,Regulatory concerns,0,1,1,0,1,0,0,0,Full cloud (SaaS),$3K-$8K,6189,Fixed monthly SaaS,Head of Maintenance/CAMO,<1 month,1,0,0,0,1,1,0,0,1,1,1,0,0,0,0,5,4,Airbus wide (A330/A350/A380),Aviation publication,5,1,1,5,4,1,1,0,0,0,0,0,0,No platform,7,0,1,0,0,0,1,1,0,2x,AOG reduction %
UAE-0367,Tech_Forward_Carrier,Hot,C-Suite,Defence/government,31-80,2-5 years,Sharjah/Northern Emirates,Full predictive + digital twin,0,$10M-$50M,26484796,1,1,0,1,1,1,0,1,1,0,1,0,1,1,0,8,Legacy integration,1,1,1,0,0,0,0,0,Full cloud (SaaS),>$20K,36056,Per-aircraft/year,IT/Digital lead,6-12 months,1,1,1,1,1,1,1,1,1,1,1,0,0,0,0,4,9,Boeing narrow (B737),Industry event,3,1,1,4,5,0,0,1,0,0,1,0,0,No platform,8,1,0,1,0,1,1,0,0,Strategic value,AOG reduction %
UAE-0368,Tech_Forward_Carrier,Hot,IT/Digital Lead,Commercial airline (full-service),31-80,20+ years,Other GCC,Condition-based,1-2,$2M-$10M,5800638,1,1,0,1,0,0,0,1,0,1,0,0,1,0,0,8,Regulatory concerns,0,0,0,1,0,0,1,0,No preference,$1K-$3K,1752,Per-aircraft/year,C-Suite,3-6 months,1,0,1,0,1,0,1,0,0,1,1,0,0,1,0,3,9,Airbus wide (A330/A350/A380),Industry event,3,2,3,4,4,1,0,0,1,0,0,0,0,Dissatisfied - poor accuracy,10,1,0,0,0,1,1,1,0,Strategic value,Cost saved per aircraft/yr
UAE-0369,Tech_Forward_Carrier,Exploring,Director/VP Operations,Low-cost carrier,31-80,2-5 years,Other GCC,Full predictive + digital twin,1-2,$500K-$2M,1230435,0,1,1,1,0,0,0,0,1,1,1,1,1,0,0,6,High upfront cost,1,0,1,1,0,0,0,0,Hybrid,$3K-$8K,4769,Hardware lease + software,C-Suite,3-6 months,1,0,1,1,1,0,0,1,1,0,1,1,0,0,0,6,5,Boeing narrow (B737),Word of mouth,4,1,3,5,4,0,1,1,1,1,0,0,0,Satisfied but expensive,9,0,0,0,1,1,1,1,0,3x in 12 months,Dispatch reliability %
UAE-0370,Tech_Forward_Carrier,Hot,IT/Digital Lead,Charter/private aviation,31-80,11-20 years,Dubai,Predictive (some AI),10+,$10M-$50M,28933446,0,0,1,1,0,1,1,1,1,1,0,0,1,0,0,9,No barriers,1,1,1,0,0,0,0,0,Hybrid,<$1K,525,Fixed monthly SaaS,C-Suite,3-6 months,1,1,1,1,0,0,1,1,1,1,1,0,0,0,0,1,8,Boeing wide (B777/B787),Word of mouth,4,1,3,5,3,1,0,0,1,1,1,0,0,Dissatisfied - hard to integrate,9,1,1,1,0,0,0,0,0,3x in 12 months,AOG reduction %
UAE-0371,Tech_Forward_Carrier,Hot,C-Suite,Low-cost carrier,31-80,20+ years,Abu Dhabi,Full predictive + digital twin,0,$500K-$2M,1357251,1,0,0,1,0,1,0,0,0,1,0,0,1,0,0,8,High upfront cost,0,1,1,1,0,0,0,0,Full cloud (SaaS),$3K-$8K,3977,Pay-per-insight,IT/Digital lead,3-6 months,1,0,0,1,1,0,1,0,1,1,1,0,0,0,0,2,7,Airbus narrow (A320),LinkedIn/social media,4,2,1,4,4,1,0,0,0,1,1,0,0,Dissatisfied - hard to integrate,8,1,0,1,0,0,1,0,0,Strategic value,Unscheduled maintenance reduction
UAE-0372,Tech_Forward_Carrier,Hot,IT/Digital Lead,Defence/government,81-200,6-10 years,Dubai,Predictive (some AI),3-5,$2M-$10M,5371620,1,1,1,1,0,0,0,0,1,1,1,1,0,1,0,10,High upfront cost,1,1,0,1,0,0,0,0,No preference,$1K-$3K,1311,Outcome-based,IT/Digital lead,3-6 months,1,1,1,1,1,0,0,1,1,0,0,1,1,0,0,5,8,Boeing narrow (B737),Aviation publication,5,2,3,4,3,0,1,1,1,0,1,0,0,Dissatisfied - hard to integrate,9,1,0,0,1,0,1,0,0,ROI not primary,Dispatch reliability %
UAE-0373,Tech_Forward_Carrier,Hot,Fleet/Maintenance Manager,Charter/private aviation,31-80,6-10 years,Sharjah/Northern Emirates,Reactive,10+,$10M-$50M,29489337,1,1,1,0,1,1,0,1,0,0,0,0,0,0,1,10,Cybersecurity,1,1,0,0,0,0,0,1,Full cloud (SaaS),>$20K,34223,Per-aircraft/year,Joint committee,3-6 months,1,0,1,1,0,0,1,0,0,1,1,1,0,0,0,1,9,Boeing wide (B777/B787),LinkedIn/social media,4,2,3,3,3,1,1,0,0,0,1,0,1,Dissatisfied - hard to integrate,9,1,0,0,1,0,1,0,1,Strategic value,Unscheduled maintenance reduction
UAE-0374,Tech_Forward_Carrier,Hot,MRO Engineer/Technician,Commercial airline (full-service),11-30,6-10 years,Dubai,Reactive,3-5,$2M-$10M,6797572,1,0,1,0,0,1,0,0,1,1,0,1,0,0,0,8,Legacy integration,1,0,1,0,1,0,0,0,Hybrid,$3K-$8K,5740,Outcome-based,C-Suite,1-3 months,0,1,1,1,1,0,0,0,1,0,0,1,0,0,1,2,10,Airbus narrow (A320),LinkedIn/social media,4,2,3,4,5,1,0,1,1,1,0,0,0,Dissatisfied - poor support,5,1,0,0,0,1,0,0,0,Strategic value,AOG reduction %
UAE-0375,Tech_Forward_Carrier,Not Interested,Fleet/Maintenance Manager,Aircraft leasing,31-80,11-20 years,Dubai,Predictive (some AI),1-2,$500K-$2M,1555557,1,0,1,1,0,0,0,1,0,0,0,0,1,0,0,6,Legacy integration,0,1,1,0,0,1,0,0,No preference,$8K-$20K,13388,Outcome-based,IT/Digital lead,6-12 months,1,0,0,1,0,1,0,1,1,1,1,0,0,0,0,5,1,Boeing narrow (B737),LinkedIn/social media,3,1,2,5,4,1,0,0,0,1,0,0,0,No platform,8,0,0,0,0,0,1,0,0,2x,AOG reduction %
UAE-0376,Tech_Forward_Carrier,Exploring,Fleet/Maintenance Manager,Low-cost carrier,1-10,20+ years,Other GCC,Condition-based,3-5,$500K-$2M,1044590,0,0,0,1,1,0,0,0,1,1,1,0,1,1,0,5,Regulatory concerns,1,1,0,1,0,0,0,0,No preference,$8K-$20K,18532,Outcome-based,IT/Digital lead,1-3 months,1,1,0,1,0,1,1,0,1,1,0,0,1,0,0,5,6,Airbus narrow (A320),LinkedIn/social media,4,2,3,5,4,0,0,0,1,0,0,0,0,Dissatisfied - hard to integrate,7,0,1,0,1,0,0,0,1,5x+,Dispatch reliability %
UAE-0377,Tech_Forward_Carrier,Warm,Director/VP Operations,Low-cost carrier,31-80,11-20 years,Dubai,Predictive (some AI),1-2,$2M-$10M,5949671,0,1,1,1,0,0,0,0,0,1,0,0,1,0,0,9,No barriers,1,0,1,1,0,0,0,0,Full cloud (SaaS),$3K-$8K,6382,Fixed monthly SaaS,C-Suite,3-6 months,1,1,0,1,1,1,0,1,0,0,1,0,0,0,0,5,7,Airbus wide (A330/A350/A380),LinkedIn/social media,5,2,3,3,2,1,1,0,0,1,0,0,0,Very satisfied,8,1,1,1,1,1,0,0,1,2x,Cost saved per aircraft/yr
UAE-0378,Tech_Forward_Carrier,Hot,C-Suite,Defence/government,1-10,20+ years,Dubai,Predictive (some AI),1-2,<$500K,246444,1,1,0,0,0,0,0,1,1,1,1,0,1,0,0,8,Lack data expertise,0,0,1,1,1,0,0,0,No preference,$1K-$3K,2087,Pay-per-insight,IT/Digital lead,1-3 months,1,1,0,1,1,1,1,0,1,1,1,0,0,0,0,3,9,Airbus wide (A330/A350/A380),Industry event,4,1,3,4,4,0,1,0,1,1,1,0,0,Dissatisfied - hard to integrate,7,1,0,1,1,0,0,0,0,3x in 12 months,Unscheduled maintenance reduction
UAE-0379,Tech_Forward_Carrier,Hot,Procurement/Finance,Independent MRO,31-80,2-5 years,Sharjah/Northern Emirates,Condition-based,1-2,$2M-$10M,5415155,1,1,1,0,1,0,0,1,0,0,1,1,1,0,0,9,Regulatory concerns,1,1,1,0,0,0,0,0,Hybrid,$8K-$20K,14032,Hardware lease + software,IT/Digital lead,3-6 months,0,0,1,0,0,0,1,0,1,1,1,0,0,0,0,3,8,Boeing wide (B777/B787),Industry event,3,1,3,4,4,0,1,1,0,1,1,0,0,Dissatisfied - hard to integrate,9,0,0,0,0,1,1,1,0,ROI not primary,Dispatch reliability %
UAE-0380,Tech_Forward_Carrier,Hot,MRO Engineer/Technician,Defence/government,31-80,11-20 years,Dubai,Condition-based,1-2,$2M-$10M,5359224,1,1,0,1,1,0,0,0,1,1,0,1,1,0,0,7,No barriers,1,1,1,0,0,0,0,0,Full cloud (SaaS),$8K-$20K,13595,Pay-per-insight,Head of Maintenance/CAMO,1-3 months,1,0,1,1,1,0,1,0,0,1,1,1,0,0,0,2,7,Airbus narrow (A320),Industry event,4,2,2,5,5,0,0,0,1,0,1,0,0,Dissatisfied - hard to integrate,7,0,1,1,0,0,1,0,0,Strategic value,Cost saved per aircraft/yr
UAE-0381,Tech_Forward_Carrier,Hot,Director/VP Operations,Charter/private aviation,81-200,11-20 years,Dubai,Condition-based,0,$2M-$10M,6250513,1,0,1,0,1,0,0,1,0,0,0,0,0,0,1,9,High upfront cost,1,0,1,1,0,0,0,0,Full cloud (SaaS),$3K-$8K,4662,Per-aircraft/year,IT/Digital lead,3-6 months,1,0,1,1,1,0,1,0,1,0,0,1,1,0,0,2,7,Airbus narrow (A320),Aviation publication,4,3,2,4,4,1,1,0,1,1,0,0,0,Dissatisfied - poor accuracy,8,1,1,1,1,0,0,0,0,2x,AOG reduction %
UAE-0382,Tech_Forward_Carrier,Not Interested,Fleet/Maintenance Manager,Aircraft leasing,31-80,20+ years,Other GCC,Predictive (some AI),3-5,$2M-$10M,6237195,1,0,1,1,0,1,0,0,0,1,0,1,1,0,0,8,Cybersecurity,1,1,1,0,0,0,0,0,No preference,$8K-$20K,7885,Hardware lease + software,C-Suite,6-12 months,1,1,0,1,1,1,1,0,0,0,0,1,0,0,0,4,1,Boeing narrow (B737),LinkedIn/social media,5,1,1,5,4,1,1,0,0,0,0,1,0,Dissatisfied - poor accuracy,6,0,0,1,1,0,1,0,0,2x,Cost saved per aircraft/yr
UAE-0383,Tech_Forward_Carrier,Hot,MRO Engineer/Technician,Low-cost carrier,31-80,6-10 years,Abu Dhabi,Predictive (some AI),1-2,$500K-$2M,1065211,1,1,1,1,0,1,1,0,1,1,1,0,1,1,0,7,Legacy integration,1,1,0,1,0,0,0,0,Full cloud (SaaS),$3K-$8K,5609,Fixed monthly SaaS,Procurement/Finance,1-3 months,1,1,0,0,1,0,0,1,0,1,1,0,0,0,1,2,9,Boeing wide (B777/B787),LinkedIn/social media,2,1,2,4,4,0,1,0,0,0,0,0,0,Very satisfied,8,0,1,0,1,0,1,0,1,2x,AOG reduction %
UAE-0384,Tech_Forward_Carrier,Warm,MRO Engineer/Technician,Charter/private aviation,200+,11-20 years,Outside GCC,Full predictive + digital twin,0,$10M-$50M,21632984,1,1,1,0,1,1,0,1,1,0,1,0,1,0,0,9,Legacy integration,1,1,1,0,0,0,0,0,Full cloud (SaaS),$1K-$3K,2201,Per-aircraft/year,Joint committee,3-6 months,1,1,1,0,0,0,0,0,1,1,0,0,0,1,0,7,5,Airbus wide (A330/A350/A380),LinkedIn/social media,4,1,1,5,4,1,1,0,1,0,0,0,0,Dissatisfied - poor accuracy,9,1,0,0,1,0,1,1,0,ROI not primary,AOG reduction %
UAE-0385,Tech_Forward_Carrier,Exploring,Director/VP Operations,Charter/private aviation,1-10,6-10 years,Dubai,Condition-based,1-2,$2M-$10M,4763937,1,1,0,1,1,1,0,0,0,0,0,0,1,1,0,7,Regulatory concerns,1,0,1,0,0,1,0,0,Hybrid,>$20K,41599,Hardware lease + software,IT/Digital lead,3-6 months,1,1,1,1,0,1,0,0,1,1,1,0,0,0,0,7,4,Airbus narrow (A320),Email invite,4,1,3,4,4,0,1,1,0,0,0,0,0,Very satisfied,5,0,0,0,1,0,0,0,1,3x in 12 months,AOG reduction %
UAE-0386,Tech_Forward_Carrier,Warm,Director/VP Operations,Commercial airline (full-service),81-200,6-10 years,Dubai,Scheduled/calendar,1-2,$10M-$50M,24692431,0,1,0,1,0,0,1,0,0,1,1,1,1,1,0,10,No barriers,1,1,1,0,0,0,0,0,Full cloud (SaaS),$3K-$8K,5156,Fixed monthly SaaS,Head of Maintenance/CAMO,<1 month,0,1,1,0,1,1,0,0,1,1,1,0,0,0,0,7,6,Regional/turboprop,Word of mouth,3,2,2,5,4,1,1,0,1,0,0,0,0,Dissatisfied - hard to integrate,5,0,1,1,1,1,1,0,0,5x+,AOG reduction %
UAE-0387,Tech_Forward_Carrier,Warm,IT/Digital Lead,Commercial airline (full-service),31-80,20+ years,Abu Dhabi,Full predictive + digital twin,1-2,$500K-$2M,1280805,1,0,0,1,1,0,0,0,0,1,1,1,0,1,0,10,High upfront cost,1,0,1,0,1,0,0,0,Full cloud (SaaS),$3K-$8K,5988,Fixed monthly SaaS,Head of Maintenance/CAMO,3-6 months,0,1,1,0,1,0,0,0,1,0,1,0,0,1,0,4,7,Airbus narrow (A320),Word of mouth,4,2,2,4,5,1,0,0,1,0,0,0,0,Satisfied but expensive,6,1,0,0,1,1,1,0,1,3x in 12 months,Cost saved per aircraft/yr
UAE-0388,Tech_Forward_Carrier,Hot,MRO Engineer/Technician,Charter/private aviation,11-30,20+ years,Abu Dhabi,Scheduled/calendar,0,$2M-$10M,7282046,1,1,0,1,1,0,0,1,0,1,0,1,1,0,0,8,Regulatory concerns,1,0,1,1,0,0,0,0,Hybrid,<$1K,420,Fixed monthly SaaS,Head of Maintenance/CAMO,3-6 months,1,1,0,1,0,1,1,0,1,1,1,0,0,0,0,4,8,Airbus wide (A330/A350/A380),Industry event,5,2,2,5,4,0,1,1,0,0,0,0,0,Dissatisfied - hard to integrate,4,0,0,1,0,0,1,0,0,ROI not primary,Unscheduled maintenance reduction
UAE-0389,Tech_Forward_Carrier,Warm,Director/VP Operations,Independent MRO,11-30,11-20 years,Dubai,Scheduled/calendar,3-5,$500K-$2M,1039766,1,0,1,0,1,1,1,0,0,1,1,0,1,1,0,10,Cybersecurity,1,0,1,0,0,1,0,0,Full cloud (SaaS),>$20K,27334,Hardware lease + software,Head of Maintenance/CAMO,3-6 months,1,1,0,1,0,0,1,1,1,0,0,0,1,0,1,4,4,Airbus wide (A330/A350/A380),LinkedIn/social media,3,1,2,4,3,1,0,1,0,0,1,0,0,Satisfied but expensive,7,1,1,1,0,0,0,0,0,2x,Audit pass rate
UAE-0390,Tech_Forward_Carrier,Not Interested,Fleet/Maintenance Manager,Low-cost carrier,31-80,2-5 years,Dubai,Predictive (some AI),3-5,$10M-$50M,31637867,0,1,1,1,1,0,1,1,1,1,1,0,1,1,0,9,High upfront cost,1,1,1,0,0,0,0,0,Full cloud (SaaS),$3K-$8K,4003,Per-aircraft/year,Procurement/Finance,1-3 months,1,1,0,0,1,1,0,1,1,1,0,1,0,0,0,9,3,Boeing wide (B777/B787),Word of mouth,4,2,2,4,5,1,0,0,0,0,1,0,1,Dissatisfied - hard to integrate,8,0,0,1,1,0,0,0,0,ROI not primary,AOG reduction %
UAE-0391,Tech_Forward_Carrier,Warm,IT/Digital Lead,Commercial airline (full-service),81-200,6-10 years,Outside GCC,Condition-based,1-2,$500K-$2M,1345364,1,1,1,0,1,0,0,1,0,1,0,0,1,0,0,8,Regulatory concerns,1,0,0,0,0,1,0,0,Hybrid,>$20K,20520,Fixed monthly SaaS,Joint committee,3-6 months,0,0,0,1,1,1,0,1,1,1,1,0,0,0,0,4,8,Regional/turboprop,Industry event,3,1,3,4,3,1,0,1,0,1,0,1,0,Dissatisfied - hard to integrate,7,0,1,1,1,0,1,1,0,2x,AOG reduction %
UAE-0392,Tech_Forward_Carrier,Hot,MRO Engineer/Technician,Charter/private aviation,31-80,11-20 years,Abu Dhabi,Condition-based,3-5,$10M-$50M,23854721,1,0,0,1,1,0,0,0,1,0,1,0,1,0,0,7,Regulatory concerns,1,1,0,1,0,0,0,0,No preference,>$20K,31545,Per-aircraft/year,C-Suite,3-6 months,1,1,0,1,1,1,0,0,1,1,1,0,0,0,0,1,6,Airbus narrow (A320),Industry event,4,2,2,4,4,0,0,0,0,1,1,0,0,Very satisfied,5,1,0,1,1,1,1,1,0,2x,Cost saved per aircraft/yr
UAE-0393,Tech_Forward_Carrier,Hot,C-Suite,Commercial airline (full-service),11-30,6-10 years,Abu Dhabi,Predictive (some AI),3-5,$2M-$10M,6445235,0,1,1,1,1,0,0,0,1,1,1,0,1,1,0,9,Legacy integration,1,1,1,0,0,0,0,0,Hybrid,$8K-$20K,12968,Hardware lease + software,Head of Maintenance/CAMO,1-3 months,0,0,1,0,0,0,1,0,0,1,1,1,0,0,0,4,7,Airbus narrow (A320),Aviation publication,5,2,2,4,4,0,1,0,1,1,0,0,0,Satisfied but expensive,9,1,1,0,0,1,0,0,0,2x,Cost saved per aircraft/yr
UAE-0394,Tech_Forward_Carrier,Warm,Director/VP Operations,Charter/private aviation,81-200,11-20 years,Dubai,Full predictive + digital twin,0,$500K-$2M,1048122,1,0,1,0,1,0,1,1,0,1,0,0,1,1,0,8,Regulatory concerns,1,0,0,0,1,0,1,0,On-premise,$8K-$20K,16611,Per-aircraft/year,Joint committee,1-3 months,1,1,1,1,0,1,1,1,1,0,0,0,0,1,1,4,7,Airbus wide (A330/A350/A380),LinkedIn/social media,5,2,3,3,5,1,1,0,0,0,0,0,0,No platform,8,1,1,0,0,0,1,1,0,1.5x,Cost saved per aircraft/yr
UAE-0395,Tech_Forward_Carrier,Hot,Fleet/Maintenance Manager,Commercial airline (full-service),31-80,11-20 years,Abu Dhabi,Predictive (some AI),3-5,$10M-$50M,32128672,1,1,1,0,0,1,0,1,0,1,0,0,1,0,0,8,Cybersecurity,0,1,1,0,0,1,0,0,Hybrid,$1K-$3K,1402,Pay-per-insight,Procurement/Finance,3-6 months,0,0,1,1,1,0,1,1,1,1,0,1,0,0,0,3,5,Airbus narrow (A320),LinkedIn/social media,4,2,3,5,5,1,0,1,1,0,1,0,0,No platform,6,0,0,0,0,0,1,1,0,1.5x,Dispatch reliability %
UAE-0396,Tech_Forward_Carrier,Hot,Procurement/Finance,Commercial airline (full-service),31-80,6-10 years,Dubai,Predictive (some AI),0,$500K-$2M,1255121,1,1,1,0,1,1,0,1,0,1,0,0,1,1,0,8,Regulatory concerns,1,1,0,0,0,0,0,0,Full cloud (SaaS),<$1K,357,Per-aircraft/year,Joint committee,3-6 months,1,1,0,1,0,0,0,1,0,0,1,1,0,0,0,1,7,Airbus wide (A330/A350/A380),LinkedIn/social media,3,2,2,3,4,1,1,0,1,0,0,0,0,Very satisfied,8,1,0,0,1,1,0,0,0,Strategic value,Cost saved per aircraft/yr
UAE-0397,Tech_Forward_Carrier,Exploring,C-Suite,Independent MRO,1-10,<2 years,Dubai,Predictive (some AI),0,$500K-$2M,1292568,0,1,0,0,0,0,1,1,0,0,0,0,0,1,0,6,Regulatory concerns,1,1,1,0,0,0,0,0,Full cloud (SaaS),<$1K,553,Per-aircraft/year,Head of Maintenance/CAMO,6-12 months,1,1,1,1,1,0,1,0,1,1,0,1,0,0,0,7,4,Boeing narrow (B737),LinkedIn/social media,5,5,5,5,5,1,1,1,1,0,1,0,0,Satisfied but expensive,7,0,0,0,1,1,0,0,0,1.5x,Component lifespan extension
UAE-0398,Tech_Forward_Carrier,Warm,Procurement/Finance,Low-cost carrier,81-200,6-10 years,Sharjah/Northern Emirates,Predictive (some AI),1-2,$2M-$10M,6029166,1,1,1,1,0,0,1,0,1,0,1,0,1,0,0,8,No barriers,1,0,1,0,1,0,0,0,Full cloud (SaaS),$8K-$20K,14562,Per-aircraft/year,Head of Maintenance/CAMO,3-6 months,1,1,1,0,0,1,0,1,0,1,1,0,0,0,0,2,5,Boeing narrow (B737),LinkedIn/social media,3,2,3,5,2,1,0,1,1,0,1,0,1,Satisfied but expensive,10,1,0,0,0,0,0,0,0,2x,Unscheduled maintenance reduction
UAE-0399,Tech_Forward_Carrier,Hot,Director/VP Operations,Low-cost carrier,31-80,20+ years,Dubai,Condition-based,0,$2M-$10M,6265751,1,0,0,0,1,0,0,1,1,0,1,1,0,1,0,8,No barriers,1,1,0,1,0,0,0,0,Full cloud (SaaS),$8K-$20K,14395,Per-aircraft/year,Head of Maintenance/CAMO,3-6 months,0,1,1,1,1,0,1,0,1,0,1,1,0,0,0,3,7,Boeing narrow (B737),Industry event,4,1,2,4,3,1,1,0,1,1,0,0,0,Dissatisfied - hard to integrate,8,0,0,0,0,0,1,1,0,ROI not primary,Dispatch reliability %
UAE-0400,Tech_Forward_Carrier,Warm,C-Suite,Charter/private aviation,1-10,11-20 years,Outside GCC,Predictive (some AI),1-2,$10M-$50M,32633847,0,0,1,1,0,0,0,0,1,1,1,1,1,1,0,9,Regulatory concerns,1,1,0,1,0,0,0,0,On-premise,>$20K,40467,Fixed monthly SaaS,C-Suite,3-6 months,1,0,1,1,0,1,1,1,1,1,1,0,0,0,0,5,5,Airbus wide (A330/A350/A380),LinkedIn/social media,5,1,2,4,5,0,1,0,1,0,0,0,0,No platform,9,1,0,1,1,1,1,0,0,2x,Unscheduled maintenance reduction
UAE-0401,Tech_Forward_Carrier,Warm,MRO Engineer/Technician,Commercial airline (full-service),31-80,6-10 years,Sharjah/Northern Emirates,Predictive (some AI),3-5,$500K-$2M,1341369,0,1,1,0,0,0,0,0,1,1,1,1,0,1,0,10,Cybersecurity,0,1,1,1,0,0,0,0,Hybrid,$3K-$8K,4629,Outcome-based,C-Suite,1-3 months,1,0,0,1,0,0,1,0,1,0,1,1,0,0,0,5,6,Boeing wide (B777/B787),Word of mouth,5,2,2,5,5,1,0,1,0,0,0,0,0,Dissatisfied - hard to integrate,6,0,0,0,0,0,1,0,0,2x,AOG reduction %
UAE-0402,Tech_Forward_Carrier,Hot,IT/Digital Lead,Low-cost carrier,81-200,11-20 years,Abu Dhabi,Predictive (some AI),0,$2M-$10M,5945031,1,0,1,0,1,0,0,1,0,1,0,1,1,0,0,7,High upfront cost,0,1,1,0,0,1,0,0,Full cloud (SaaS),$3K-$8K,3026,Per-aircraft/year,Head of Maintenance/CAMO,<1 month,1,0,1,1,1,0,0,0,1,0,1,1,0,0,0,3,9,Airbus narrow (A320),Word of mouth,4,1,2,3,5,0,0,0,0,1,0,0,0,Dissatisfied - hard to integrate,6,1,0,1,1,1,1,1,0,5x+,Dispatch reliability %
UAE-0403,Tech_Forward_Carrier,Hot,IT/Digital Lead,Low-cost carrier,31-80,<2 years,Other GCC,Condition-based,1-2,$10M-$50M,35649316,1,1,1,0,1,1,1,1,1,0,1,1,1,0,0,10,High upfront cost,1,1,1,0,0,0,0,0,Full cloud (SaaS),$3K-$8K,4608,Pay-per-insight,Procurement/Finance,3-6 months,0,1,1,1,1,0,1,1,1,1,0,1,0,0,0,1,8,Regional/turboprop,Industry event,4,2,2,3,2,0,1,0,0,0,0,0,0,Dissatisfied - hard to integrate,8,1,1,0,1,1,0,1,0,ROI not primary,Unscheduled maintenance reduction
UAE-0404,Tech_Forward_Carrier,Hot,MRO Engineer/Technician,Defence/government,11-30,20+ years,Dubai,Full predictive + digital twin,1-2,$500K-$2M,1144707,1,1,1,0,1,1,0,0,0,0,0,0,0,0,1,8,Legacy integration,0,0,1,1,1,0,0,0,Hybrid,$1K-$3K,2250,Hardware lease + software,IT/Digital lead,1-3 months,1,1,1,1,0,0,1,1,1,0,1,1,0,0,0,4,8,Airbus narrow (A320),LinkedIn/social media,4,2,2,4,4,1,0,0,0,0,0,0,0,No platform,8,0,0,0,0,1,1,0,0,2x,AOG reduction %
UAE-0405,Tech_Forward_Carrier,Hot,MRO Engineer/Technician,Commercial airline (full-service),31-80,11-20 years,Abu Dhabi,Condition-based,0,$10M-$50M,21284612,1,1,1,0,1,1,0,1,1,0,1,0,1,1,0,8,Regulatory concerns,1,0,1,1,0,0,0,0,Hybrid,<$1K,420,Hardware lease + software,IT/Digital lead,1-3 months,1,1,1,1,0,0,1,0,1,1,0,1,0,0,0,3,9,Boeing narrow (B737),Industry event,5,1,2,5,4,0,0,0,1,0,0,0,0,Dissatisfied - poor accuracy,9,1,1,0,1,1,1,0,0,2x,Audit pass rate
UAE-0406,Tech_Forward_Carrier,Hot,Director/VP Operations,Commercial airline (full-service),81-200,20+ years,Dubai,Full predictive + digital twin,0,>$50M,78248190,1,1,0,0,1,0,0,0,1,1,0,1,1,1,0,7,No barriers,1,1,0,1,0,0,0,0,Full cloud (SaaS),$8K-$20K,10640,Pay-per-insight,C-Suite,<1 month,1,0,0,1,0,1,1,1,1,1,0,1,0,0,0,1,9,Airbus wide (A330/A350/A380),Word of mouth,5,3,3,5,4,1,0,0,1,0,1,0,1,Dissatisfied - poor accuracy,6,0,1,1,1,0,1,0,0,2x,Audit pass rate
UAE-0407,Tech_Forward_Carrier,Warm,Fleet/Maintenance Manager,Commercial airline (full-service),11-30,11-20 years,Sharjah/Northern Emirates,Reactive,0,<$500K,281877,0,1,1,0,0,0,1,0,0,1,1,0,0,1,0,9,Cybersecurity,0,1,0,1,0,0,0,0,Full cloud (SaaS),$3K-$8K,5606,Fixed monthly SaaS,C-Suite,6-12 months,1,1,1,0,0,0,1,0,1,0,0,1,1,0,0,5,6,Airbus narrow (A320),Industry event,5,3,3,5,4,0,0,0,1,0,0,0,0,No platform,7,1,1,1,0,0,0,1,0,Strategic value,Unscheduled maintenance reduction
UAE-0408,Tech_Forward_Carrier,Hot,Fleet/Maintenance Manager,Charter/private aviation,11-30,6-10 years,Dubai,Scheduled/calendar,1-2,$500K-$2M,1391855,1,1,1,1,1,1,1,0,1,0,1,0,1,1,0,7,Regulatory concerns,1,1,1,0,0,0,0,0,Hybrid,<$1K,594,Per-aircraft/year,C-Suite,3-6 months,0,0,1,1,1,1,0,1,1,0,1,0,0,0,1,1,8,Regional/turboprop,LinkedIn/social media,4,2,2,3,4,0,1,0,1,0,1,0,0,Dissatisfied - poor accuracy,6,1,0,1,0,1,1,0,0,5x+,Dispatch reliability %
UAE-0409,Tech_Forward_Carrier,Hot,Fleet/Maintenance Manager,Commercial airline (full-service),31-80,11-20 years,Abu Dhabi,Predictive (some AI),3-5,$2M-$10M,6793032,1,0,0,0,1,1,0,0,0,1,1,0,1,1,0,9,Legacy integration,0,1,1,0,0,0,1,0,On-premise,$3K-$8K,5891,Fixed monthly SaaS,Head of Maintenance/CAMO,>12 months,1,1,0,1,1,0,1,1,1,0,1,1,0,0,0,1,7,Airbus narrow (A320),LinkedIn/social media,4,2,4,4,5,1,0,0,0,1,1,0,0,Dissatisfied - poor support,4,0,1,1,1,1,0,0,0,1.5x,Audit pass rate
UAE-0410,Tech_Forward_Carrier,Hot,C-Suite,Commercial airline (full-service),200+,20+ years,Dubai,Full predictive + digital twin,3-5,>$50M,61565369,1,0,0,0,0,0,0,0,0,0,1,1,0,0,0,7,High upfront cost,1,0,1,0,1,0,0,0,Full cloud (SaaS),>$20K,21183,Fixed monthly SaaS,Head of Maintenance/CAMO,1-3 months,1,1,1,0,1,1,0,1,0,1,1,1,0,0,0,1,9,Airbus narrow (A320),Aviation publication,4,2,3,4,4,1,1,0,1,0,1,0,1,Dissatisfied - hard to integrate,7,0,1,1,0,0,1,0,0,2x,Cost saved per aircraft/yr
UAE-0411,Tech_Forward_Carrier,Not Interested,IT/Digital Lead,Low-cost carrier,31-80,20+ years,Dubai,Scheduled/calendar,1-2,$10M-$50M,24658529,0,1,0,1,0,1,0,0,1,1,1,1,1,0,0,7,High upfront cost,1,1,1,0,0,0,0,0,No preference,$3K-$8K,4916,Hardware lease + software,C-Suite,3-6 months,0,1,1,1,0,0,1,0,1,1,1,0,0,0,0,6,1,Airbus narrow (A320),LinkedIn/social media,4,2,3,5,3,0,0,1,1,0,0,0,0,Dissatisfied - hard to integrate,7,1,0,1,0,0,0,0,1,ROI not primary,Audit pass rate
UAE-0412,Tech_Forward_Carrier,Warm,Director/VP Operations,Commercial airline (full-service),200+,11-20 years,Abu Dhabi,Full predictive + digital twin,1-2,>$50M,87086246,1,1,1,1,0,0,0,1,1,1,1,1,1,1,0,9,Regulatory concerns,1,0,0,0,0,1,0,0,Full cloud (SaaS),>$20K,38458,Per-aircraft/year,C-Suite,3-6 months,1,1,1,1,0,1,0,0,1,0,0,0,1,0,1,6,7,Airbus narrow (A320),Industry event,3,2,2,4,4,0,0,0,0,1,0,0,0,Dissatisfied - poor accuracy,9,0,0,0,1,0,0,0,0,Strategic value,Component lifespan extension
UAE-0413,Tech_Forward_Carrier,Not Interested,Director/VP Operations,Commercial airline (full-service),31-80,2-5 years,Dubai,Predictive (some AI),3-5,$2M-$10M,6450748,0,0,1,1,0,1,1,1,0,1,1,0,1,1,0,5,Regulatory concerns,1,0,1,1,0,0,0,0,Full cloud (SaaS),$8K-$20K,15870,Fixed monthly SaaS,Head of Maintenance/CAMO,3-6 months,1,0,0,1,0,1,1,0,1,1,1,0,0,0,0,7,2,Regional/turboprop,Industry event,4,2,3,4,5,1,0,1,0,0,0,0,0,Satisfied but expensive,5,0,1,0,1,0,0,1,0,2x,Audit pass rate
UAE-0414,Tech_Forward_Carrier,Exploring,MRO Engineer/Technician,Commercial airline (full-service),81-200,6-10 years,Other GCC,Predictive (some AI),3-5,$10M-$50M,27310495,1,0,1,1,1,0,0,1,1,1,1,1,1,0,0,6,No barriers,1,1,1,0,0,0,0,0,On-premise,$8K-$20K,15472,Fixed monthly SaaS,IT/Digital lead,3-6 months,1,0,1,0,1,1,1,0,1,0,1,0,1,0,0,6,4,Airbus narrow (A320),Email invite,4,2,3,5,5,1,0,1,1,1,0,0,0,Satisfied but expensive,6,1,0,1,0,1,1,0,1,5x+,Cost saved per aircraft/yr
UAE-0415,Tech_Forward_Carrier,Warm,C-Suite,Commercial airline (full-service),1-10,11-20 years,Dubai,Predictive (some AI),1-2,<$500K,247022,0,1,1,0,0,0,1,1,1,0,1,1,1,1,0,8,Legacy integration,1,1,1,0,0,0,0,0,Full cloud (SaaS),>$20K,58287,Per-aircraft/year,C-Suite,6-12 months,1,0,1,1,1,0,1,0,1,1,1,0,0,0,0,5,5,Airbus wide (A330/A350/A380),Word of mouth,5,1,4,4,4,1,0,0,1,1,1,0,0,Satisfied but expensive,8,0,1,1,0,0,0,0,0,3x in 12 months,Dispatch reliability %
UAE-0416,Tech_Forward_Carrier,Hot,IT/Digital Lead,Low-cost carrier,81-200,6-10 years,Sharjah/Northern Emirates,Predictive (some AI),10+,$2M-$10M,5486423,0,1,0,1,0,0,0,0,0,1,1,0,0,0,0,10,No barriers,0,1,1,1,0,0,0,0,On-premise,$1K-$3K,1557,Pay-per-insight,C-Suite,6-12 months,1,0,1,1,0,1,1,0,0,1,1,0,1,0,0,5,8,Airbus narrow (A320),Industry event,3,3,3,3,3,0,1,1,0,0,0,0,0,Satisfied but expensive,7,1,0,0,1,1,0,0,1,2x,AOG reduction %
UAE-0417,Tech_Forward_Carrier,Exploring,MRO Engineer/Technician,Commercial airline (full-service),200+,20+ years,Outside GCC,Condition-based,6-10,$10M-$50M,24703670,0,0,1,1,0,0,1,0,0,1,1,1,0,0,0,8,Legacy integration,1,0,1,0,0,1,0,0,Hybrid,$8K-$20K,12572,Per-aircraft/year,Joint committee,1-3 months,1,1,0,0,1,0,1,1,0,1,1,1,0,0,0,7,4,Airbus narrow (A320),Industry event,4,2,3,4,5,1,1,0,0,0,0,0,0,Satisfied but expensive,9,0,0,0,1,0,0,0,0,5x+,Component lifespan extension
UAE-0418,Tech_Forward_Carrier,Exploring,C-Suite,Low-cost carrier,11-30,6-10 years,Abu Dhabi,Condition-based,1-2,$500K-$2M,1422296,1,0,1,1,0,0,0,0,1,1,1,0,1,0,0,5,Legacy integration,1,1,0,1,0,0,0,0,Full cloud (SaaS),$3K-$8K,4430,Fixed monthly SaaS,C-Suite,1-3 months,0,0,0,1,1,0,1,1,1,1,1,0,0,0,0,5,4,Airbus wide (A330/A350/A380),Email invite,5,1,2,4,4,0,0,1,0,1,0,0,0,Dissatisfied - hard to integrate,9,1,1,1,0,0,0,0,0,5x+,AOG reduction %
UAE-0419,Tech_Forward_Carrier,Hot,IT/Digital Lead,Aircraft leasing,1-10,11-20 years,Sharjah/Northern Emirates,Predictive (some AI),0,$2M-$10M,6379602,1,1,1,0,1,0,0,0,1,1,1,0,0,1,0,10,No barriers,0,0,0,0,1,0,0,1,On-premise,>$20K,44770,Hardware lease + software,IT/Digital lead,6-12 months,1,1,1,0,1,1,0,0,1,1,0,1,0,0,0,4,10,Airbus narrow (A320),Industry event,5,1,2,4,4,1,1,0,0,0,1,0,0,Dissatisfied - hard to integrate,8,0,0,0,0,1,1,0,0,Strategic value,Cost saved per aircraft/yr
UAE-0420,Tech_Forward_Carrier,Warm,MRO Engineer/Technician,Commercial airline (full-service),31-80,20+ years,Abu Dhabi,Predictive (some AI),0,$2M-$10M,5244996,1,1,1,1,0,1,0,1,1,1,1,0,1,1,0,9,Regulatory concerns,1,1,1,0,0,0,0,0,Full cloud (SaaS),>$20K,17819,Per-aircraft/year,Procurement/Finance,1-3 months,1,1,0,1,0,1,1,1,1,1,1,0,0,0,0,7,5,Boeing narrow (B737),Industry event,4,2,3,2,4,1,1,0,0,0,0,0,0,Dissatisfied - poor accuracy,7,1,0,0,1,0,1,0,0,2x,Cost saved per aircraft/yr
UAE-0421,Tech_Forward_Carrier,Hot,Director/VP Operations,Charter/private aviation,31-80,20+ years,Abu Dhabi,Predictive (some AI),10+,$2M-$10M,5591727,1,1,0,1,0,1,1,0,1,1,1,0,0,0,0,10,Cybersecurity,1,0,1,1,0,0,0,0,No preference,$3K-$8K,4621,Fixed monthly SaaS,Procurement/Finance,1-3 months,1,1,0,1,1,0,1,0,1,1,1,0,0,0,0,4,8,Airbus narrow (A320),Industry event,5,1,2,5,4,1,1,0,0,0,0,0,0,Dissatisfied - poor accuracy,5,0,0,0,1,0,0,0,0,5x+,Cost saved per aircraft/yr
UAE-0422,Tech_Forward_Carrier,Exploring,Director/VP Operations,Low-cost carrier,1-10,20+ years,Dubai,Full predictive + digital twin,0,<$500K,229776,0,0,1,1,0,1,0,1,1,1,1,0,1,0,0,6,Lack data expertise,1,1,0,1,0,0,0,0,Full cloud (SaaS),$1K-$3K,2301,Pay-per-insight,C-Suite,>12 months,1,0,1,1,1,1,1,0,1,1,1,0,0,0,0,5,1,Airbus wide (A330/A350/A380),Email invite,5,1,1,2,5,1,1,0,1,0,0,0,1,Satisfied but expensive,7,1,0,1,1,0,0,0,1,ROI not primary,AOG reduction %
UAE-0423,Tech_Forward_Carrier,Hot,MRO Engineer/Technician,Commercial airline (full-service),31-80,11-20 years,Other GCC,Full predictive + digital twin,6-10,$2M-$10M,5796909,0,1,1,1,1,1,1,0,1,0,0,1,0,1,0,10,Regulatory concerns,0,1,1,0,0,1,0,0,On-premise,$3K-$8K,6130,Hardware lease + software,C-Suite,1-3 months,1,1,0,1,1,1,1,0,1,1,1,0,0,0,0,5,6,Airbus wide (A330/A350/A380),Industry event,4,1,2,4,4,0,1,1,1,0,1,0,0,Satisfied but expensive,7,0,1,1,1,1,1,0,0,3x in 12 months,AOG reduction %
UAE-0424,Tech_Forward_Carrier,Warm,Fleet/Maintenance Manager,Commercial airline (full-service),81-200,6-10 years,Sharjah/Northern Emirates,Full predictive + digital twin,3-5,$10M-$50M,32805332,1,1,1,1,1,1,1,0,1,1,0,0,0,0,0,9,Cybersecurity,1,1,0,1,0,0,0,0,Hybrid,>$20K,38860,Hardware lease + software,Head of Maintenance/CAMO,3-6 months,1,1,1,1,1,0,1,1,1,1,0,0,0,0,0,4,5,Boeing narrow (B737),LinkedIn/social media,4,1,4,4,4,1,1,0,0,0,1,0,0,Very satisfied,7,0,1,1,1,1,0,0,0,2x,Dispatch reliability %
UAE-0425,Tech_Forward_Carrier,Hot,Fleet/Maintenance Manager,Low-cost carrier,81-200,<2 years,Other GCC,Full predictive + digital twin,0,$10M-$50M,33232878,1,1,1,0,1,0,1,0,1,1,0,1,0,0,0,8,Cybersecurity,0,0,0,0,0,1,0,0,Full cloud (SaaS),$8K-$20K,12382,Fixed monthly SaaS,Head of Maintenance/CAMO,1-3 months,1,1,1,1,0,0,1,0,1,1,1,0,0,0,0,5,7,Boeing narrow (B737),LinkedIn/social media,1,1,1,1,1,0,1,0,0,0,0,1,0,Dissatisfied - poor support,9,0,1,1,0,0,0,0,0,Strategic value,Cost saved per aircraft/yr
UAE-0426,Tech_Forward_Carrier,Hot,IT/Digital Lead,Low-cost carrier,81-200,20+ years,Outside GCC,Full predictive + digital twin,0,$2M-$10M,5133614,1,1,1,0,0,0,0,0,1,0,1,0,0,0,0,9,Cybersecurity,0,1,1,1,0,0,0,0,No preference,$3K-$8K,6594,Hardware lease + software,IT/Digital lead,<1 month,1,1,0,1,1,1,1,1,1,0,1,1,0,0,0,4,8,Airbus wide (A330/A350/A380),Email invite,4,1,4,4,3,0,0,1,0,0,0,0,0,Satisfied but expensive,8,0,0,0,0,0,1,1,0,2x,Cost saved per aircraft/yr
UAE-0427,Tech_Forward_Carrier,Warm,Director/VP Operations,Independent MRO,81-200,20+ years,Other GCC,Condition-based,1-2,>$50M,66043460,0,0,1,1,0,0,0,0,0,0,0,0,1,1,0,7,Legacy integration,1,0,0,1,1,0,0,0,Full cloud (SaaS),$8K-$20K,10362,Fixed monthly SaaS,Head of Maintenance/CAMO,>12 months,1,1,1,0,0,0,0,0,1,1,1,0,0,0,0,4,6,Airbus narrow (A320),LinkedIn/social media,4,2,3,4,4,1,1,0,0,0,0,0,0,Satisfied but expensive,8,1,0,0,1,1,0,0,1,5x+,Cost saved per aircraft/yr
UAE-0428,Tech_Forward_Carrier,Hot,Fleet/Maintenance Manager,Low-cost carrier,11-30,20+ years,Sharjah/Northern Emirates,Predictive (some AI),1-2,$500K-$2M,1488606,1,1,1,1,0,0,0,1,1,1,1,1,0,0,0,9,Regulatory concerns,1,1,1,0,0,0,0,0,Full cloud (SaaS),$8K-$20K,12817,Hardware lease + software,IT/Digital lead,1-3 months,1,0,1,1,0,1,0,0,1,1,0,1,0,0,0,1,6,Airbus narrow (A320),LinkedIn/social media,5,2,3,4,5,1,1,0,0,1,1,0,0,Satisfied but expensive,7,0,1,0,1,0,1,0,0,3x in 12 months,Cost saved per aircraft/yr
UAE-0429,Tech_Forward_Carrier,Hot,IT/Digital Lead,Commercial airline (full-service),11-30,2-5 years,Abu Dhabi,Full predictive + digital twin,3-5,$10M-$50M,34298711,0,1,1,1,0,1,0,0,1,0,1,0,1,1,0,8,Cybersecurity,1,1,1,0,0,0,0,0,Hybrid,$3K-$8K,4897,Hardware lease + software,IT/Digital lead,3-6 months,0,1,1,1,0,0,1,0,0,1,1,1,0,0,0,4,9,Airbus wide (A330/A350/A380),Email invite,4,2,2,5,5,1,1,1,1,0,1,0,0,Satisfied but expensive,8,1,0,1,1,1,1,0,0,ROI not primary,Cost saved per aircraft/yr
UAE-0430,Tech_Forward_Carrier,Hot,Director/VP Operations,Charter/private aviation,11-30,11-20 years,Abu Dhabi,Reactive,3-5,<$500K,254192,1,0,1,1,0,0,0,0,0,1,0,0,1,1,0,10,No barriers,1,0,1,0,0,1,0,0,Full cloud (SaaS),$8K-$20K,15305,Fixed monthly SaaS,C-Suite,6-12 months,1,1,1,1,1,1,0,0,1,1,0,0,1,0,0,3,8,Airbus wide (A330/A350/A380),Industry event,4,1,3,4,5,0,1,1,0,0,1,0,0,No platform,7,0,0,0,0,0,1,0,0,2x,Unscheduled maintenance reduction
UAE-0431,Tech_Forward_Carrier,Warm,Fleet/Maintenance Manager,Independent MRO,81-200,11-20 years,Dubai,Condition-based,1-2,>$50M,61624161,1,1,1,1,1,0,0,0,1,1,1,1,0,1,0,8,No barriers,0,0,1,1,0,1,0,0,Full cloud (SaaS),$3K-$8K,4464,Per-aircraft/year,Head of Maintenance/CAMO,>12 months,1,1,1,1,1,0,0,0,1,1,0,1,0,0,0,5,6,Regional/turboprop,Word of mouth,5,1,3,3,4,1,0,0,1,1,1,0,0,Very satisfied,8,1,1,1,1,1,0,0,0,2x,AOG reduction %
UAE-0432,Tech_Forward_Carrier,Hot,C-Suite,Commercial airline (full-service),11-30,20+ years,Other GCC,Full predictive + digital twin,1-2,$10M-$50M,32231122,1,1,1,0,1,1,1,0,0,1,1,1,0,0,0,9,High upfront cost,1,1,0,0,0,0,0,1,Hybrid,$8K-$20K,15045,Per-aircraft/year,Head of Maintenance/CAMO,1-3 months,1,1,0,0,1,1,1,0,1,1,0,1,0,0,0,5,8,Airbus wide (A330/A350/A380),LinkedIn/social media,4,1,2,4,5,0,0,0,0,0,0,0,1,Dissatisfied - poor accuracy,7,1,1,0,1,0,0,0,0,2x,Audit pass rate
UAE-0433,Tech_Forward_Carrier,Hot,C-Suite,Charter/private aviation,81-200,11-20 years,Dubai,Condition-based,1-2,$2M-$10M,5787675,1,0,1,1,1,1,0,1,0,1,1,1,0,0,0,8,Lack data expertise,0,1,0,0,1,0,0,1,Full cloud (SaaS),$1K-$3K,1807,Per-aircraft/year,IT/Digital lead,1-3 months,1,1,1,1,0,1,0,0,0,1,1,1,0,0,0,3,6,Airbus wide (A330/A350/A380),Word of mouth,5,1,3,3,4,1,0,0,0,0,0,0,0,Dissatisfied - poor support,8,1,0,0,0,1,0,0,0,5x+,AOG reduction %
UAE-0434,Tech_Forward_Carrier,Hot,IT/Digital Lead,Low-cost carrier,31-80,2-5 years,Other GCC,Condition-based,0,$2M-$10M,6345781,1,1,1,1,0,1,0,0,1,1,1,1,1,0,0,7,Legacy integration,1,1,1,0,0,0,0,0,Hybrid,>$20K,29257,Fixed monthly SaaS,Head of Maintenance/CAMO,1-3 months,1,0,0,1,0,1,0,0,0,1,0,1,1,0,0,1,8,Boeing narrow (B737),Industry event,5,2,3,4,4,0,0,1,0,0,0,0,0,Satisfied but expensive,7,0,1,1,0,0,1,0,0,5x+,AOG reduction %
UAE-0435,Tech_Forward_Carrier,Hot,Procurement/Finance,Low-cost carrier,200+,2-5 years,Dubai,Predictive (some AI),1-2,>$50M,48896449,1,1,0,0,0,1,0,1,0,1,1,1,0,1,0,9,Lack data expertise,1,0,1,1,0,0,0,0,On-premise,$8K-$20K,13938,Outcome-based,C-Suite,3-6 months,1,1,0,1,0,1,0,0,0,1,0,0,1,0,0,5,7,Airbus narrow (A320),Email invite,2,2,3,3,3,1,1,1,0,0,0,0,0,Dissatisfied - poor accuracy,10,0,1,1,1,1,0,0,1,5x+,Dispatch reliability %
UAE-0436,Tech_Forward_Carrier,Not Interested,C-Suite,Commercial airline (full-service),31-80,20+ years,Abu Dhabi,Full predictive + digital twin,3-5,$500K-$2M,1192698,1,1,0,0,0,0,0,0,1,1,0,0,1,1,0,7,Regulatory concerns,1,1,1,0,0,0,0,0,Full cloud (SaaS),$3K-$8K,4855,Pay-per-insight,C-Suite,1-3 months,1,1,1,1,1,0,1,0,0,0,0,0,1,1,0,4,1,Boeing narrow (B737),Industry event,4,2,2,4,4,0,0,0,0,1,0,0,0,Dissatisfied - hard to integrate,5,1,1,1,0,0,1,0,0,5x+,AOG reduction %
UAE-0437,Tech_Forward_Carrier,Exploring,IT/Digital Lead,Low-cost carrier,81-200,11-20 years,Abu Dhabi,Predictive (some AI),1-2,$500K-$2M,1341159,1,1,0,0,1,0,0,0,1,1,1,0,1,0,0,4,Cybersecurity,1,1,1,0,0,0,0,0,Hybrid,$8K-$20K,8833,Pay-per-insight,Head of Maintenance/CAMO,3-6 months,1,1,0,1,0,0,0,1,0,1,0,0,0,1,0,7,5,Boeing wide (B777/B787),LinkedIn/social media,4,1,2,4,3,0,1,0,1,1,1,0,0,Dissatisfied - poor accuracy,6,0,0,0,1,0,1,0,0,3x in 12 months,Cost saved per aircraft/yr
UAE-0438,Tech_Forward_Carrier,Warm,Fleet/Maintenance Manager,Commercial airline (full-service),200+,2-5 years,Dubai,Full predictive + digital twin,10+,$2M-$10M,6587097,1,1,1,1,1,1,0,0,1,1,1,1,1,1,0,10,High upfront cost,1,1,1,0,0,0,0,0,Full cloud (SaaS),>$20K,25886,Pay-per-insight,Procurement/Finance,3-6 months,1,0,1,0,0,1,0,0,0,1,1,0,1,0,0,6,4,Airbus wide (A330/A350/A380),LinkedIn/social media,5,1,3,4,5,0,1,1,0,0,1,0,0,No platform,6,0,0,1,0,1,1,1,0,1.5x,AOG reduction %
UAE-0439,Tech_Forward_Carrier,Hot,C-Suite,Low-cost carrier,81-200,2-5 years,Other GCC,Full predictive + digital twin,1-2,$500K-$2M,1367676,0,0,0,1,1,1,0,1,1,0,1,0,1,0,0,8,Cybersecurity,1,1,1,0,0,0,0,0,Full cloud (SaaS),$1K-$3K,1943,Pay-per-insight,Head of Maintenance/CAMO,3-6 months,1,0,0,0,0,1,1,1,1,0,1,0,1,0,0,2,7,Boeing narrow (B737),Word of mouth,4,2,3,4,5,1,0,0,0,0,0,0,0,Dissatisfied - poor support,9,0,1,0,1,1,0,0,0,2x,Dispatch reliability %
UAE-0440,Tech_Forward_Carrier,Exploring,C-Suite,Aircraft leasing,11-30,2-5 years,Dubai,Predictive (some AI),1-2,$2M-$10M,5054439,1,0,0,0,0,0,1,0,1,0,1,1,1,0,0,7,Cybersecurity,0,0,0,1,0,0,0,1,Full cloud (SaaS),$3K-$8K,4325,Per-aircraft/year,Head of Maintenance/CAMO,1-3 months,0,1,1,1,1,1,0,1,1,1,0,0,1,0,0,7,5,Boeing narrow (B737),Industry event,3,2,2,4,5,0,0,0,0,0,0,1,0,Dissatisfied - hard to integrate,6,1,0,1,1,0,1,1,0,5x+,Cost saved per aircraft/yr
UAE-0441,Budget_Regional_Operator,Warm,Fleet/Maintenance Manager,Commercial airline (full-service),11-30,11-20 years,Outside GCC,Condition-based,6-10,<$500K,219760,1,1,1,0,1,1,0,0,1,0,0,0,0,1,0,5,Regulatory concerns,1,0,0,0,1,0,0,0,No preference,>$20K,31455,Per-aircraft/year,IT/Digital lead,<1 month,0,0,0,1,0,0,0,1,0,0,1,1,0,0,0,4,8,Regional/turboprop,LinkedIn/social media,3,2,3,2,3,1,0,0,0,0,0,0,0,Satisfied but expensive,1,0,0,1,1,1,0,0,0,2x,Cost saved per aircraft/yr
UAE-0442,Budget_Regional_Operator,Warm,IT/Digital Lead,Low-cost carrier,1-10,11-20 years,Outside GCC,Scheduled/calendar,10+,<$500K,345587,1,1,1,1,1,1,1,1,1,0,1,0,1,0,0,5,Regulatory concerns,1,1,0,0,0,0,1,0,On-premise,$8K-$20K,14375,Per-aircraft/year,C-Suite,1-3 months,0,1,0,0,0,0,0,1,1,0,1,0,0,1,0,6,9,Airbus narrow (A320),LinkedIn/social media,3,4,4,3,3,0,0,0,1,0,0,0,0,Dissatisfied - hard to integrate,4,0,0,0,0,0,1,0,1,Strategic value,Cost saved per aircraft/yr
UAE-0443,Budget_Regional_Operator,Warm,MRO Engineer/Technician,Low-cost carrier,11-30,11-20 years,Dubai,Scheduled/calendar,0,$2M-$10M,5381687,0,1,0,0,0,0,0,1,1,0,0,0,0,0,0,3,High upfront cost,0,1,0,0,0,0,0,0,On-premise,$1K-$3K,1972,Pay-per-insight,C-Suite,<1 month,1,1,0,1,0,0,1,0,0,1,1,0,0,1,0,2,6,Airbus narrow (A320),LinkedIn/social media,2,2,2,2,2,1,0,0,0,0,0,0,1,Dissatisfied - poor accuracy,3,0,1,1,1,0,1,1,0,1.5x,Dispatch reliability %
UAE-0444,Budget_Regional_Operator,Not Interested,Fleet/Maintenance Manager,Commercial airline (full-service),81-200,11-20 years,Dubai,Scheduled/calendar,0,$10M-$50M,31047906,1,1,0,0,0,1,0,1,0,0,0,0,1,1,0,2,Lack data expertise,0,1,0,0,1,1,0,0,On-premise,$1K-$3K,1634,Hardware lease + software,C-Suite,1-3 months,0,1,0,0,0,1,0,1,1,1,0,1,0,0,0,5,2,Regional/turboprop,Aviation publication,1,1,1,1,1,1,0,0,0,0,0,0,0,No platform,6,0,0,0,0,1,0,0,0,3x in 12 months,Dispatch reliability %
UAE-0445,Budget_Regional_Operator,Not Interested,MRO Engineer/Technician,Low-cost carrier,31-80,6-10 years,Sharjah/Northern Emirates,Predictive (some AI),1-2,$500K-$2M,1368585,1,1,1,0,0,1,0,1,1,0,0,0,0,1,0,2,Lack data expertise,1,0,0,0,1,1,0,0,On-premise,$3K-$8K,4735,Per-aircraft/year,C-Suite,1-3 months,1,0,0,0,0,0,1,1,0,0,0,0,0,1,0,10,2,Business jet/helicopter,Email invite,3,3,3,2,3,1,0,0,0,0,1,1,1,Dissatisfied - poor support,3,1,0,0,0,1,1,0,1,5x+,Cost saved per aircraft/yr
UAE-0446,Budget_Regional_Operator,Hot,Fleet/Maintenance Manager,Charter/private aviation,1-10,20+ years,Other GCC,Condition-based,1-2,$500K-$2M,1248154,1,0,1,0,1,0,0,0,0,0,1,0,0,0,0,3,Legacy integration,1,0,0,0,0,1,0,1,Full cloud (SaaS),$1K-$3K,1596,Outcome-based,C-Suite,1-3 months,1,0,1,1,0,0,0,0,0,0,1,1,0,0,0,4,9,Regional/turboprop,Industry event,3,3,3,3,3,0,0,0,0,0,0,1,0,Dissatisfied - poor support,6,1,0,0,0,0,1,0,0,1.5x,AOG reduction %
UAE-0447,Budget_Regional_Operator,Exploring,IT/Digital Lead,Charter/private aviation,1-10,11-20 years,Abu Dhabi,Scheduled/calendar,1-2,<$500K,231380,1,0,1,1,1,1,0,0,0,0,0,0,0,1,0,1,Legacy integration,1,0,0,1,0,0,1,0,On-premise,$8K-$20K,14674,Per-aircraft/year,Head of Maintenance/CAMO,3-6 months,1,0,0,0,0,1,1,0,1,1,1,0,0,0,0,5,3,Boeing narrow (B737),Email invite,4,4,4,2,3,0,0,0,1,0,0,0,0,Dissatisfied - poor accuracy,7,0,1,0,0,1,0,0,0,ROI not primary,Component lifespan extension
UAE-0448,Budget_Regional_Operator,Hot,Fleet/Maintenance Manager,Low-cost carrier,11-30,11-20 years,Abu Dhabi,Scheduled/calendar,3-5,>$50M,70774121,1,1,1,1,0,0,0,0,0,0,0,0,0,1,0,6,Legacy integration,1,1,0,1,0,0,0,0,Full cloud (SaaS),$8K-$20K,17257,Per-aircraft/year,C-Suite,<1 month,0,0,0,1,0,0,1,1,0,1,1,1,0,0,0,5,8,Airbus narrow (A320),LinkedIn/social media,3,4,4,2,3,0,1,0,0,0,0,0,0,Dissatisfied - poor accuracy,5,0,1,1,0,0,1,0,0,Strategic value,Dispatch reliability %
UAE-0449,Budget_Regional_Operator,Warm,Procurement/Finance,Aircraft leasing,81-200,6-10 years,Other GCC,Condition-based,1-2,>$50M,60481184,1,0,0,0,0,1,0,0,1,0,0,1,1,0,0,5,High upfront cost,0,0,1,0,0,1,0,0,Full cloud (SaaS),$3K-$8K,6585,Hardware lease + software,IT/Digital lead,1-3 months,1,0,0,1,0,0,1,0,0,0,1,0,1,0,0,1,8,Regional/turboprop,Email invite,4,3,4,3,4,0,1,0,0,0,0,0,0,Satisfied but expensive,6,0,0,1,1,0,0,0,0,3x in 12 months,Component lifespan extension
UAE-0450,Budget_Regional_Operator,Exploring,Fleet/Maintenance Manager,Independent MRO,31-80,11-20 years,Abu Dhabi,Scheduled/calendar,0,$2M-$10M,4739936,1,1,0,0,0,0,0,1,0,0,0,0,1,1,0,3,Regulatory concerns,1,0,0,1,1,0,0,0,No preference,$3K-$8K,5296,Fixed monthly SaaS,Joint committee,<1 month,1,1,0,0,0,1,1,1,1,0,1,0,1,0,0,6,3,Regional/turboprop,LinkedIn/social media,4,4,3,2,3,1,0,0,0,0,1,0,0,No platform,6,1,0,0,0,0,1,0,0,3x in 12 months,Cost saved per aircraft/yr
UAE-0451,Budget_Regional_Operator,Warm,MRO Engineer/Technician,Low-cost carrier,11-30,2-5 years,Abu Dhabi,Reactive,6-10,$500K-$2M,1295038,1,0,1,1,0,0,1,1,0,1,1,0,1,0,1,6,High upfront cost,0,0,0,1,1,0,0,0,No preference,$8K-$20K,15990,Hardware lease + software,Procurement/Finance,1-3 months,1,0,0,0,0,0,1,1,1,0,1,1,0,0,0,6,6,Airbus narrow (A320),Word of mouth,5,5,5,5,5,1,0,0,0,1,0,1,1,No platform,5,0,0,0,1,1,1,0,0,2x,Unscheduled maintenance reduction
UAE-0452,Budget_Regional_Operator,Warm,MRO Engineer/Technician,Low-cost carrier,1-10,20+ years,Other GCC,Scheduled/calendar,0,<$500K,211382,1,0,0,0,0,1,0,0,0,0,0,0,1,0,0,5,Cybersecurity,0,1,0,1,0,1,0,0,Full cloud (SaaS),$1K-$3K,2111,Hardware lease + software,IT/Digital lead,1-3 months,0,1,0,1,0,0,0,1,1,1,1,0,0,0,0,4,6,Airbus narrow (A320),Email invite,1,1,1,1,1,0,0,0,0,0,0,1,0,Dissatisfied - poor accuracy,5,0,1,1,1,1,1,0,1,Strategic value,Dispatch reliability %
UAE-0453,Budget_Regional_Operator,Exploring,Fleet/Maintenance Manager,Commercial airline (full-service),31-80,20+ years,Abu Dhabi,Condition-based,1-2,$10M-$50M,25461980,1,0,1,1,1,0,0,0,0,1,0,0,0,1,0,1,High upfront cost,1,1,1,0,0,0,0,0,No preference,$3K-$8K,4042,Hardware lease + software,C-Suite,3-6 months,1,0,1,1,1,0,1,1,0,1,1,0,1,0,0,4,6,Airbus narrow (A320),Email invite,3,4,2,2,4,0,0,0,0,0,1,0,0,Very satisfied,5,0,0,0,0,0,0,1,0,3x in 12 months,Dispatch reliability %
UAE-0454,Budget_Regional_Operator,Exploring,MRO Engineer/Technician,Commercial airline (full-service),11-30,11-20 years,Dubai,Full predictive + digital twin,1-2,$500K-$2M,1222399,1,0,1,0,0,1,0,0,0,1,0,0,0,1,0,3,Regulatory concerns,1,1,1,0,0,0,0,0,Full cloud (SaaS),$3K-$8K,7119,Per-aircraft/year,IT/Digital lead,3-6 months,1,0,0,1,0,1,1,0,1,0,1,0,0,1,0,6,4,Boeing narrow (B737),Industry event,3,5,2,3,3,1,0,0,0,0,1,0,0,No platform,6,1,1,0,0,1,0,0,0,Strategic value,Unscheduled maintenance reduction
UAE-0455,Budget_Regional_Operator,Warm,Fleet/Maintenance Manager,Low-cost carrier,31-80,11-20 years,Sharjah/Northern Emirates,Predictive (some AI),10+,$2M-$10M,5408364,1,0,0,0,0,0,0,0,1,0,0,0,0,0,0,5,Regulatory concerns,1,0,0,1,0,0,0,0,Full cloud (SaaS),$8K-$20K,15792,Fixed monthly SaaS,Head of Maintenance/CAMO,3-6 months,0,0,0,1,0,0,0,0,0,0,1,0,1,0,1,9,7,Airbus wide (A330/A350/A380),LinkedIn/social media,2,3,3,2,3,0,0,1,0,0,1,1,0,Satisfied but expensive,6,0,0,0,0,1,1,0,1,3x in 12 months,AOG reduction %
UAE-0456,Budget_Regional_Operator,Warm,Fleet/Maintenance Manager,Low-cost carrier,1-10,20+ years,Dubai,Scheduled/calendar,0,$2M-$10M,4853191,1,0,1,0,1,0,0,1,1,1,0,0,0,0,0,6,High upfront cost,0,1,0,0,0,0,1,1,Hybrid,$8K-$20K,15229,Per-aircraft/year,Head of Maintenance/CAMO,<1 month,1,0,0,1,0,0,0,0,1,1,1,0,0,0,0,3,6,Boeing narrow (B737),Word of mouth,4,4,4,3,3,0,0,0,0,0,1,0,0,Satisfied but expensive,4,1,1,0,1,1,0,0,1,3x in 12 months,Cost saved per aircraft/yr
UAE-0457,Budget_Regional_Operator,Warm,Director/VP Operations,Low-cost carrier,31-80,6-10 years,Dubai,Condition-based,0,$500K-$2M,855359,1,1,1,1,1,0,0,1,0,0,1,0,1,0,1,7,Legacy integration,0,0,0,1,0,0,1,1,Full cloud (SaaS),$3K-$8K,5653,Hardware lease + software,Procurement/Finance,1-3 months,1,1,1,0,0,0,0,0,1,0,1,0,1,0,0,5,6,Airbus narrow (A320),LinkedIn/social media,2,3,3,4,2,0,1,0,0,0,0,1,0,No platform,3,1,1,0,1,0,1,0,0,5x+,Audit pass rate
UAE-0458,Budget_Regional_Operator,Exploring,Fleet/Maintenance Manager,Charter/private aviation,31-80,6-10 years,Abu Dhabi,Scheduled/calendar,3-5,<$500K,233490,1,1,1,0,0,1,0,0,0,1,0,0,1,1,1,4,High upfront cost,0,1,0,1,1,0,0,0,Full cloud (SaaS),$1K-$3K,2005,Fixed monthly SaaS,Head of Maintenance/CAMO,<1 month,1,0,1,0,0,0,1,0,1,1,0,1,0,0,0,4,6,Airbus narrow (A320),Word of mouth,3,4,4,4,5,1,0,0,0,0,0,1,0,Dissatisfied - hard to integrate,4,1,1,0,0,0,0,1,0,ROI not primary,Unscheduled maintenance reduction
UAE-0459,Budget_Regional_Operator,Warm,Fleet/Maintenance Manager,Independent MRO,11-30,6-10 years,Other GCC,Scheduled/calendar,1-2,$500K-$2M,1554478,1,1,1,0,0,0,1,1,0,0,0,0,1,1,1,5,High upfront cost,0,1,0,1,0,0,0,1,Full cloud (SaaS),<$1K,544,Pay-per-insight,Head of Maintenance/CAMO,3-6 months,0,0,0,0,0,1,0,1,1,1,1,0,0,0,0,2,6,Regional/turboprop,Word of mouth,2,4,5,1,3,1,0,1,0,0,0,0,1,Dissatisfied - hard to integrate,7,0,0,1,1,1,1,0,0,5x+,Cost saved per aircraft/yr
UAE-0460,Budget_Regional_Operator,Exploring,MRO Engineer/Technician,Low-cost carrier,1-10,11-20 years,Abu Dhabi,Scheduled/calendar,1-2,$10M-$50M,29159944,1,1,0,1,1,1,1,1,1,0,0,0,1,1,0,3,Legacy integration,1,1,1,0,0,0,0,0,Full cloud (SaaS),$3K-$8K,5847,Pay-per-insight,C-Suite,1-3 months,1,1,1,1,0,1,0,0,1,1,1,0,0,0,0,7,4,Boeing narrow (B737),LinkedIn/social media,2,3,4,3,3,0,0,0,0,1,0,0,1,Dissatisfied - hard to integrate,4,1,1,1,1,1,1,0,0,5x+,Dispatch reliability %
UAE-0461,Budget_Regional_Operator,Warm,MRO Engineer/Technician,Low-cost carrier,1-10,11-20 years,Abu Dhabi,Scheduled/calendar,1-2,$500K-$2M,1192777,1,0,0,0,0,0,0,1,0,1,0,0,1,0,0,6,Legacy integration,1,1,0,1,0,0,0,0,No preference,<$1K,469,Per-aircraft/year,C-Suite,<1 month,0,1,1,0,0,1,1,0,0,1,1,1,0,0,0,2,7,Airbus narrow (A320),Industry event,3,4,5,3,3,0,0,0,0,1,0,0,0,Dissatisfied - poor support,3,0,0,0,1,0,1,0,0,5x+,AOG reduction %
UAE-0462,Budget_Regional_Operator,Warm,Fleet/Maintenance Manager,Aircraft leasing,1-10,2-5 years,Abu Dhabi,Reactive,6-10,<$500K,241762,1,0,1,1,0,0,1,0,1,0,0,0,0,0,0,6,No barriers,1,1,0,0,1,0,0,0,Hybrid,$8K-$20K,10080,Fixed monthly SaaS,Head of Maintenance/CAMO,3-6 months,1,0,0,1,1,1,1,1,0,1,1,0,1,0,0,5,6,Regional/turboprop,Aviation publication,3,4,4,4,2,1,0,0,0,0,0,0,0,Dissatisfied - hard to integrate,5,1,1,0,0,0,0,0,0,2x,AOG reduction %
UAE-0463,Budget_Regional_Operator,Warm,Fleet/Maintenance Manager,Charter/private aviation,31-80,11-20 years,Abu Dhabi,Condition-based,3-5,$2M-$10M,6076020,1,0,1,1,1,1,0,1,1,1,0,0,0,1,0,4,Regulatory concerns,0,0,0,0,0,0,1,1,Hybrid,$1K-$3K,2344,Per-aircraft/year,Head of Maintenance/CAMO,6-12 months,1,0,0,0,1,1,1,1,0,1,0,1,1,0,0,8,6,Regional/turboprop,Industry event,1,1,1,1,1,0,0,0,0,0,0,1,1,Satisfied but expensive,3,1,0,0,0,1,0,0,0,3x in 12 months,Cost saved per aircraft/yr
UAE-0464,Budget_Regional_Operator,Exploring,Fleet/Maintenance Manager,Low-cost carrier,31-80,6-10 years,Other GCC,Condition-based,1-2,$10M-$50M,37668459,1,1,1,1,0,0,1,0,0,0,1,0,1,1,1,2,Lack data expertise,0,0,0,1,0,0,1,1,Hybrid,$3K-$8K,5157,Per-aircraft/year,Joint committee,6-12 months,1,1,1,1,0,1,1,1,1,1,1,0,0,0,0,7,3,Airbus narrow (A320),Email invite,2,4,5,3,3,0,1,0,0,0,0,0,0,Satisfied but expensive,5,1,1,1,0,1,1,0,1,2x,AOG reduction %
UAE-0465,Budget_Regional_Operator,Warm,Fleet/Maintenance Manager,Commercial airline (full-service),11-30,11-20 years,Dubai,Reactive,1-2,$500K-$2M,1325044,1,0,0,0,0,1,1,0,1,1,0,0,0,1,0,5,Legacy integration,1,0,0,1,0,1,0,0,On-premise,$3K-$8K,4480,Pay-per-insight,IT/Digital lead,6-12 months,1,0,0,1,1,0,1,1,1,0,1,1,0,0,0,5,5,Regional/turboprop,Industry event,3,3,5,3,2,0,0,0,0,0,1,0,0,Satisfied but expensive,5,1,0,1,1,0,1,0,1,3x in 12 months,Cost saved per aircraft/yr
UAE-0466,Budget_Regional_Operator,Warm,MRO Engineer/Technician,Commercial airline (full-service),11-30,11-20 years,Dubai,Scheduled/calendar,3-5,$10M-$50M,32337114,1,0,0,1,0,1,0,1,1,0,1,0,0,1,0,7,Regulatory concerns,1,0,0,1,0,0,1,0,No preference,$3K-$8K,4916,Per-aircraft/year,Joint committee,3-6 months,1,1,0,0,0,1,1,1,1,1,1,0,0,0,0,2,7,Boeing wide (B777/B787),Aviation publication,2,3,4,3,3,0,0,0,0,0,1,0,0,Dissatisfied - hard to integrate,4,0,0,0,0,0,1,0,0,2x,Dispatch reliability %
UAE-0467,Budget_Regional_Operator,Exploring,MRO Engineer/Technician,Charter/private aviation,11-30,6-10 years,Other GCC,Condition-based,1-2,$500K-$2M,1198675,1,1,1,0,1,1,1,1,1,0,0,0,0,1,0,2,Legacy integration,0,0,0,1,0,0,1,0,Full cloud (SaaS),$8K-$20K,14376,Hardware lease + software,IT/Digital lead,3-6 months,1,1,0,1,1,1,0,1,0,1,1,1,0,0,0,6,5,Airbus narrow (A320),Email invite,3,4,4,2,3,1,0,0,0,0,0,0,1,Dissatisfied - hard to integrate,6,1,0,0,1,1,1,0,0,5x+,Dispatch reliability %
UAE-0468,Budget_Regional_Operator,Warm,MRO Engineer/Technician,Low-cost carrier,11-30,11-20 years,Abu Dhabi,Predictive (some AI),10+,$2M-$10M,6656047,1,0,1,0,1,0,1,1,0,0,1,0,0,0,0,4,High upfront cost,1,0,0,1,0,1,0,0,Hybrid,$1K-$3K,1762,Hardware lease + software,C-Suite,3-6 months,1,1,1,0,0,0,1,0,1,1,0,0,0,1,0,4,7,Regional/turboprop,Industry event,4,3,4,3,3,0,0,0,0,0,0,0,1,Dissatisfied - poor support,5,1,0,1,1,0,1,0,0,ROI not primary,Audit pass rate
UAE-0469,Budget_Regional_Operator,Warm,Fleet/Maintenance Manager,Low-cost carrier,1-10,6-10 years,Dubai,Predictive (some AI),1-2,<$500K,277997,1,0,1,0,1,1,0,0,0,0,0,0,1,0,0,5,High upfront cost,1,1,1,0,0,0,0,0,Full cloud (SaaS),$1K-$3K,2819,Per-aircraft/year,Procurement/Finance,<1 month,1,1,1,0,0,0,0,1,0,0,1,0,1,1,0,3,7,Airbus narrow (A320),Word of mouth,2,3,4,3,5,0,0,0,0,0,1,0,1,Dissatisfied - hard to integrate,5,0,1,1,0,1,0,0,0,5x+,Cost saved per aircraft/yr
UAE-0470,Budget_Regional_Operator,Exploring,Fleet/Maintenance Manager,Commercial airline (full-service),1-10,6-10 years,Other GCC,Predictive (some AI),6-10,$500K-$2M,1038091,1,0,1,1,0,0,0,1,0,0,0,0,0,1,1,3,High upfront cost,1,1,0,0,1,0,0,0,Hybrid,$8K-$20K,8771,Pay-per-insight,IT/Digital lead,>12 months,1,1,0,1,0,0,1,1,0,0,1,0,0,1,0,6,4,Airbus narrow (A320),Word of mouth,3,4,3,3,2,1,0,0,0,0,0,0,0,Very satisfied,3,0,0,0,1,0,1,0,1,2x,Unscheduled maintenance reduction
UAE-0471,Budget_Regional_Operator,Exploring,Fleet/Maintenance Manager,Low-cost carrier,81-200,20+ years,Other GCC,Reactive,1-2,$10M-$50M,31394526,1,1,1,1,0,0,1,1,0,0,0,0,0,1,0,1,Regulatory concerns,0,0,1,0,0,0,0,0,Hybrid,$3K-$8K,5089,Hardware lease + software,Procurement/Finance,3-6 months,1,0,0,1,0,0,1,0,0,1,1,0,0,0,0,5,5,Boeing narrow (B737),LinkedIn/social media,4,3,3,3,3,0,0,0,0,0,1,0,0,Dissatisfied - poor support,5,0,0,0,1,1,1,0,1,3x in 12 months,AOG reduction %
UAE-0472,Budget_Regional_Operator,Warm,Fleet/Maintenance Manager,Low-cost carrier,1-10,<2 years,Abu Dhabi,Scheduled/calendar,10+,<$500K,233262,1,1,0,0,0,0,0,0,0,1,0,0,0,0,0,5,High upfront cost,1,1,0,1,0,0,0,0,On-premise,<$1K,533,Pay-per-insight,IT/Digital lead,3-6 months,1,0,1,0,0,0,0,0,1,1,0,1,0,0,0,6,3,Airbus narrow (A320),Aviation publication,3,4,3,4,3,0,0,0,0,0,0,1,0,Dissatisfied - poor support,5,0,0,0,1,1,1,1,0,5x+,Cost saved per aircraft/yr
UAE-0473,Budget_Regional_Operator,Not Interested,MRO Engineer/Technician,Low-cost carrier,11-30,11-20 years,Dubai,Reactive,1-2,<$500K,270850,1,1,1,1,1,0,0,1,1,0,0,0,0,0,0,2,Cybersecurity,1,1,0,1,0,0,0,0,Hybrid,$3K-$8K,3671,Pay-per-insight,C-Suite,3-6 months,1,1,0,0,0,1,1,1,0,1,1,0,0,0,0,7,3,Airbus narrow (A320),LinkedIn/social media,3,3,4,3,3,1,0,0,0,0,1,0,0,Satisfied but expensive,5,0,1,1,0,0,0,0,0,2x,Unscheduled maintenance reduction
UAE-0474,Budget_Regional_Operator,Warm,Fleet/Maintenance Manager,Low-cost carrier,11-30,11-20 years,Other GCC,Reactive,3-5,$2M-$10M,6693675,0,1,0,0,0,0,0,0,1,1,0,0,0,0,0,8,Regulatory concerns,0,1,1,1,0,0,0,0,Hybrid,$8K-$20K,16084,Per-aircraft/year,C-Suite,1-3 months,1,0,0,1,0,1,1,1,1,0,1,0,0,1,0,6,5,Boeing narrow (B737),Email invite,2,4,4,2,3,0,0,0,0,0,0,1,0,Very satisfied,6,1,0,0,1,1,1,0,0,2x,Dispatch reliability %
UAE-0475,Budget_Regional_Operator,Hot,Fleet/Maintenance Manager,Low-cost carrier,11-30,11-20 years,Abu Dhabi,Condition-based,1-2,$2M-$10M,6324354,1,1,1,0,0,1,0,0,0,0,0,0,0,1,0,5,Legacy integration,1,0,0,1,0,0,0,0,Full cloud (SaaS),$3K-$8K,5788,Pay-per-insight,Joint committee,3-6 months,1,1,0,0,0,1,1,0,1,1,1,0,0,0,0,2,7,Airbus wide (A330/A350/A380),Aviation publication,2,5,4,3,2,0,1,0,0,0,1,0,0,Dissatisfied - poor support,9,0,0,1,0,0,1,0,0,3x in 12 months,AOG reduction %
UAE-0476,Budget_Regional_Operator,Exploring,Director/VP Operations,Independent MRO,11-30,11-20 years,Other GCC,Condition-based,3-5,$500K-$2M,1048750,1,0,1,0,0,1,1,0,0,0,0,0,1,1,0,2,Legacy integration,1,1,0,0,0,1,0,0,On-premise,$3K-$8K,5911,Hardware lease + software,Procurement/Finance,3-6 months,0,1,0,0,0,1,0,0,0,0,1,0,1,0,0,7,5,Boeing wide (B777/B787),Email invite,4,4,3,3,3,0,0,1,0,0,1,0,1,Dissatisfied - hard to integrate,8,1,0,0,1,0,1,0,0,ROI not primary,Unscheduled maintenance reduction
UAE-0477,Budget_Regional_Operator,Exploring,MRO Engineer/Technician,Low-cost carrier,11-30,20+ years,Dubai,Scheduled/calendar,1-2,$500K-$2M,987911,1,1,1,0,0,0,1,1,1,0,0,0,1,0,0,4,Lack data expertise,1,0,0,1,0,0,0,0,Full cloud (SaaS),<$1K,516,Hardware lease + software,Head of Maintenance/CAMO,3-6 months,0,1,1,0,0,0,1,0,0,1,1,0,1,0,0,7,4,Boeing narrow (B737),Email invite,2,4,4,3,3,0,0,0,0,0,1,0,0,Dissatisfied - poor accuracy,4,1,0,1,1,1,1,0,0,1.5x,Cost saved per aircraft/yr
UAE-0478,Budget_Regional_Operator,Exploring,Director/VP Operations,Low-cost carrier,31-80,6-10 years,Dubai,Predictive (some AI),1-2,<$500K,191545,0,1,0,0,0,0,0,0,0,0,0,0,1,0,1,3,Lack data expertise,1,1,0,1,0,0,0,0,Full cloud (SaaS),<$1K,538,Hardware lease + software,IT/Digital lead,1-3 months,1,0,0,1,0,1,0,1,1,1,1,0,0,0,0,5,3,Boeing narrow (B737),Email invite,2,2,3,2,3,1,0,1,0,1,1,0,0,Satisfied but expensive,4,0,0,0,0,0,1,0,1,1.5x,Cost saved per aircraft/yr
UAE-0479,Budget_Regional_Operator,Exploring,Fleet/Maintenance Manager,Low-cost carrier,11-30,20+ years,Other GCC,Reactive,0,$500K-$2M,944936,0,0,1,0,0,0,1,0,0,1,1,0,0,0,0,5,Regulatory concerns,1,1,0,1,0,0,0,0,On-premise,<$1K,612,Per-aircraft/year,Joint committee,3-6 months,0,0,1,1,0,1,0,1,1,0,1,1,0,0,0,5,4,Regional/turboprop,LinkedIn/social media,3,3,3,3,3,0,0,1,0,0,0,0,0,Satisfied but expensive,3,0,0,0,1,0,1,0,0,1.5x,Cost saved per aircraft/yr
UAE-0480,Budget_Regional_Operator,Hot,Director/VP Operations,Defence/government,1-10,11-20 years,Abu Dhabi,Scheduled/calendar,3-5,<$500K,277155,1,0,0,1,0,1,1,1,1,0,0,0,1,1,0,6,Cybersecurity,0,0,0,1,1,0,0,1,Hybrid,$8K-$20K,20521,Pay-per-insight,C-Suite,1-3 months,1,0,1,1,0,0,0,0,1,1,1,0,0,0,0,1,9,Regional/turboprop,Word of mouth,3,4,3,2,2,0,1,0,0,0,0,1,1,Very satisfied,5,1,1,0,1,1,1,1,0,ROI not primary,AOG reduction %
UAE-0481,Budget_Regional_Operator,Warm,MRO Engineer/Technician,Low-cost carrier,1-10,11-20 years,Dubai,Predictive (some AI),3-5,$2M-$10M,5423026,1,1,1,1,1,0,1,1,0,0,0,0,0,1,1,6,Lack data expertise,1,1,0,1,0,0,0,0,Hybrid,>$20K,31300,Per-aircraft/year,Head of Maintenance/CAMO,3-6 months,0,1,1,1,0,1,0,1,0,1,1,0,0,1,0,5,8,Airbus wide (A330/A350/A380),Industry event,3,3,5,2,4,0,0,0,0,0,1,1,0,Satisfied but expensive,7,0,0,0,0,1,1,0,0,2x,Cost saved per aircraft/yr
UAE-0482,Budget_Regional_Operator,Exploring,IT/Digital Lead,Low-cost carrier,11-30,11-20 years,Dubai,Scheduled/calendar,6-10,$2M-$10M,6411019,0,1,0,1,1,0,0,0,0,1,0,0,0,0,0,1,High upfront cost,1,0,0,1,0,0,1,0,No preference,$3K-$8K,4590,Per-aircraft/year,Head of Maintenance/CAMO,3-6 months,1,0,0,0,0,1,1,0,1,0,1,0,0,0,1,8,4,Airbus narrow (A320),Word of mouth,3,4,4,3,3,0,0,0,0,0,0,0,1,Satisfied but expensive,5,0,0,0,0,1,0,0,0,2x,Cost saved per aircraft/yr
UAE-0483,Budget_Regional_Operator,Warm,Fleet/Maintenance Manager,Low-cost carrier,1-10,<2 years,Abu Dhabi,Scheduled/calendar,10+,$2M-$10M,6772108,1,0,1,1,1,0,1,0,0,1,0,0,1,0,0,5,Regulatory concerns,1,1,0,1,0,0,0,0,Hybrid,$3K-$8K,5245,Pay-per-insight,Head of Maintenance/CAMO,>12 months,0,0,1,0,1,0,1,0,1,0,1,1,0,0,0,6,6,Boeing wide (B777/B787),Email invite,2,3,3,3,4,0,0,0,0,0,1,0,0,Dissatisfied - poor support,4,1,1,1,0,1,0,0,0,3x in 12 months,Audit pass rate
UAE-0484,Budget_Regional_Operator,Exploring,Fleet/Maintenance Manager,Low-cost carrier,1-10,11-20 years,Abu Dhabi,Predictive (some AI),6-10,<$500K,257067,1,1,1,0,0,0,0,1,0,1,0,0,0,1,0,2,Regulatory concerns,0,0,0,0,1,0,0,0,No preference,>$20K,26688,Per-aircraft/year,IT/Digital lead,6-12 months,0,0,1,0,0,1,0,0,0,0,1,1,1,0,0,4,4,Boeing narrow (B737),Industry event,3,4,4,2,4,0,0,0,0,0,1,0,1,Satisfied but expensive,5,0,0,0,0,1,1,0,0,Strategic value,Component lifespan extension
UAE-0485,Budget_Regional_Operator,Exploring,Director/VP Operations,Charter/private aviation,1-10,6-10 years,Sharjah/Northern Emirates,Scheduled/calendar,3-5,$500K-$2M,1287198,1,0,1,0,0,1,1,0,0,0,0,0,1,0,0,2,Lack data expertise,1,1,0,1,0,0,0,0,Full cloud (SaaS),$3K-$8K,4987,Hardware lease + software,C-Suite,1-3 months,0,0,0,0,1,0,0,1,1,0,1,0,0,1,0,6,5,Airbus wide (A330/A350/A380),LinkedIn/social media,2,3,4,3,4,0,0,0,0,1,1,0,0,Dissatisfied - poor support,4,0,0,0,0,1,1,1,0,2x,Dispatch reliability %
UAE-0486,Budget_Regional_Operator,Exploring,Director/VP Operations,Low-cost carrier,11-30,6-10 years,Dubai,Reactive,10+,$2M-$10M,5551834,0,1,0,1,0,1,0,1,0,1,1,0,0,0,0,2,Cybersecurity,1,1,0,1,0,0,0,0,Hybrid,$8K-$20K,11980,Outcome-based,C-Suite,>12 months,1,0,1,1,0,0,1,1,1,0,1,0,0,1,0,5,5,Airbus narrow (A320),Aviation publication,1,1,1,1,1,0,0,0,0,0,1,0,0,Dissatisfied - poor accuracy,8,1,0,0,0,0,0,0,0,2x,Unscheduled maintenance reduction
UAE-0487,Budget_Regional_Operator,Warm,Fleet/Maintenance Manager,Commercial airline (full-service),200+,11-20 years,Dubai,Condition-based,1-2,>$50M,71908474,1,1,1,0,0,1,1,1,0,0,0,0,1,0,0,2,Legacy integration,1,0,1,0,1,0,0,0,On-premise,>$20K,17925,Fixed monthly SaaS,Head of Maintenance/CAMO,3-6 months,1,0,1,0,0,0,0,0,0,1,1,0,0,0,0,5,7,Boeing narrow (B737),Email invite,3,4,5,2,4,1,1,0,0,0,0,1,1,No platform,3,1,0,0,0,1,0,0,1,2x,AOG reduction %
UAE-0488,Budget_Regional_Operator,Warm,Director/VP Operations,Commercial airline (full-service),200+,11-20 years,Sharjah/Northern Emirates,Condition-based,6-10,$10M-$50M,25927734,0,0,1,0,0,0,0,0,1,1,1,0,1,1,0,3,High upfront cost,1,1,0,1,0,0,0,0,On-premise,$3K-$8K,5227,Per-aircraft/year,C-Suite,3-6 months,0,0,0,1,1,0,0,0,0,0,1,0,0,0,0,4,6,Airbus wide (A330/A350/A380),Email invite,3,3,4,2,4,1,0,1,0,0,1,0,0,Dissatisfied - poor support,5,0,0,0,0,0,1,1,1,Strategic value,Dispatch reliability %
UAE-0489,Budget_Regional_Operator,Exploring,Fleet/Maintenance Manager,Aircraft leasing,11-30,11-20 years,Dubai,Reactive,1-2,<$500K,231666,1,0,0,0,1,0,1,1,0,0,1,0,0,0,0,4,Lack data expertise,1,1,1,0,0,0,0,0,On-premise,$1K-$3K,1552,Per-aircraft/year,Head of Maintenance/CAMO,<1 month,1,0,0,1,0,0,1,0,0,0,1,1,0,1,0,4,3,Airbus narrow (A320),LinkedIn/social media,3,4,4,5,1,0,0,0,0,0,0,0,1,Dissatisfied - poor accuracy,6,0,1,0,1,0,1,1,0,3x in 12 months,Dispatch reliability %
UAE-0490,Budget_Regional_Operator,Exploring,Director/VP Operations,Low-cost carrier,11-30,20+ years,Other GCC,Condition-based,6-10,<$500K,229107,0,0,0,0,0,1,0,0,0,1,1,0,0,1,0,2,Regulatory concerns,1,1,0,1,0,0,0,0,Hybrid,$8K-$20K,12438,Fixed monthly SaaS,C-Suite,6-12 months,0,1,0,0,0,0,0,0,0,1,1,0,0,0,1,5,6,Airbus narrow (A320),Aviation publication,3,4,5,2,2,1,0,0,0,0,1,0,0,Dissatisfied - poor accuracy,2,0,0,0,0,0,0,0,1,Strategic value,Component lifespan extension
UAE-0491,Budget_Regional_Operator,Warm,Fleet/Maintenance Manager,Charter/private aviation,81-200,2-5 years,Dubai,Scheduled/calendar,6-10,$10M-$50M,26852634,0,1,1,1,1,1,1,0,0,1,1,0,1,1,0,5,High upfront cost,1,0,0,1,0,0,0,0,Full cloud (SaaS),>$20K,28518,Hardware lease + software,Procurement/Finance,1-3 months,1,0,0,0,0,1,0,0,1,0,0,0,0,0,0,5,4,Airbus narrow (A320),Industry event,3,4,4,1,3,1,0,0,0,0,0,0,0,Dissatisfied - poor support,3,1,0,0,0,0,1,0,0,5x+,Cost saved per aircraft/yr
UAE-0492,Budget_Regional_Operator,Warm,Director/VP Operations,Charter/private aviation,1-10,6-10 years,Abu Dhabi,Scheduled/calendar,1-2,$500K-$2M,1175501,0,0,0,1,0,1,0,1,0,0,1,0,0,0,0,5,High upfront cost,0,0,0,1,0,1,0,0,No preference,$3K-$8K,5590,Pay-per-insight,Procurement/Finance,1-3 months,1,0,0,1,0,0,1,1,0,1,0,0,0,1,1,3,6,Airbus narrow (A320),Industry event,2,4,4,4,3,0,0,0,0,1,0,0,0,Dissatisfied - poor support,4,0,1,0,1,1,0,0,0,2x,AOG reduction %
UAE-0493,Budget_Regional_Operator,Warm,IT/Digital Lead,Independent MRO,11-30,20+ years,Sharjah/Northern Emirates,Predictive (some AI),3-5,$2M-$10M,5312231,1,1,1,0,0,1,0,0,1,1,0,0,0,1,0,6,High upfront cost,0,0,0,0,1,1,0,0,Full cloud (SaaS),$8K-$20K,12212,Hardware lease + software,IT/Digital lead,1-3 months,1,0,1,0,0,0,1,1,1,0,1,1,0,0,0,5,6,Regional/turboprop,Aviation publication,5,5,5,5,5,0,0,0,0,0,1,0,0,Dissatisfied - poor accuracy,6,0,0,0,0,0,1,0,0,3x in 12 months,Dispatch reliability %
UAE-0494,Budget_Regional_Operator,Warm,Procurement/Finance,Commercial airline (full-service),1-10,11-20 years,Abu Dhabi,Full predictive + digital twin,10+,<$500K,246584,1,1,1,0,0,0,1,1,0,0,0,0,1,0,0,5,High upfront cost,1,1,0,1,0,0,0,0,Full cloud (SaaS),$8K-$20K,15652,Hardware lease + software,C-Suite,1-3 months,0,1,0,1,0,0,1,1,1,0,1,1,0,0,0,6,6,Business jet/helicopter,LinkedIn/social media,2,2,3,2,3,1,0,0,0,0,0,1,0,Dissatisfied - poor accuracy,4,1,0,0,0,0,0,1,0,Strategic value,AOG reduction %
UAE-0495,Budget_Regional_Operator,Warm,Director/VP Operations,Independent MRO,81-200,2-5 years,Outside GCC,Condition-based,6-10,>$50M,82739245,1,0,1,1,0,0,0,0,0,0,0,0,1,1,0,4,Lack data expertise,0,0,1,0,0,0,0,0,Hybrid,$3K-$8K,5443,Hardware lease + software,Head of Maintenance/CAMO,<1 month,1,1,0,0,1,1,0,1,0,1,1,1,0,0,0,6,6,Airbus narrow (A320),Industry event,3,3,3,2,3,0,0,1,0,0,0,0,0,Dissatisfied - poor accuracy,6,1,0,0,1,0,1,1,0,ROI not primary,Dispatch reliability %
UAE-0496,Budget_Regional_Operator,Warm,Fleet/Maintenance Manager,Commercial airline (full-service),200+,6-10 years,Dubai,Condition-based,6-10,>$50M,72503756,0,1,0,0,1,1,0,0,0,0,0,0,0,0,1,3,Lack data expertise,0,0,0,1,0,1,0,1,On-premise,$1K-$3K,2636,Fixed monthly SaaS,Joint committee,>12 months,0,0,1,1,0,0,1,1,0,1,1,0,0,0,1,5,4,Airbus narrow (A320),LinkedIn/social media,2,4,5,2,4,1,0,0,0,0,0,0,0,Satisfied but expensive,7,0,0,0,0,1,1,0,0,2x,Component lifespan extension
UAE-0497,Budget_Regional_Operator,Warm,C-Suite,Low-cost carrier,31-80,6-10 years,Dubai,Predictive (some AI),3-5,$10M-$50M,27171055,1,0,0,0,1,1,0,1,0,0,0,0,0,1,0,4,High upfront cost,1,0,1,0,1,0,0,0,On-premise,>$20K,22777,Pay-per-insight,C-Suite,<1 month,1,0,0,0,0,1,0,0,1,1,1,0,0,0,0,4,6,Boeing narrow (B737),LinkedIn/social media,3,4,3,1,3,0,0,0,0,0,1,0,0,Dissatisfied - poor accuracy,5,1,1,0,0,0,1,0,0,2x,Component lifespan extension
UAE-0498,Budget_Regional_Operator,Warm,Fleet/Maintenance Manager,Low-cost carrier,11-30,11-20 years,Abu Dhabi,Scheduled/calendar,3-5,<$500K,259353,1,1,1,1,0,1,0,0,0,0,0,0,1,0,0,4,Legacy integration,1,0,0,1,0,0,1,0,Full cloud (SaaS),$8K-$20K,14314,Per-aircraft/year,Head of Maintenance/CAMO,1-3 months,1,1,0,0,0,0,1,1,0,0,1,1,0,1,0,7,6,Airbus narrow (A320),Aviation publication,3,3,4,4,3,0,0,0,0,0,1,0,0,No platform,5,0,0,0,0,1,1,0,0,Strategic value,Cost saved per aircraft/yr
UAE-0499,Budget_Regional_Operator,Exploring,C-Suite,Low-cost carrier,11-30,11-20 years,Abu Dhabi,Condition-based,6-10,>$50M,69573972,1,0,1,0,0,1,0,0,0,0,0,1,0,0,0,4,Legacy integration,0,0,0,0,0,1,0,0,On-premise,$3K-$8K,7440,Per-aircraft/year,Joint committee,6-12 months,0,0,0,0,1,0,1,1,0,1,1,1,0,0,0,7,4,Boeing narrow (B737),Word of mouth,3,2,4,3,3,0,0,0,0,0,0,0,1,Dissatisfied - poor accuracy,4,1,0,0,0,0,0,0,0,Strategic value,Dispatch reliability %
UAE-0500,Budget_Regional_Operator,Warm,Fleet/Maintenance Manager,Charter/private aviation,31-80,11-20 years,Other GCC,Scheduled/calendar,6-10,$2M-$10M,5653988,1,1,1,0,0,1,0,0,1,1,0,1,0,0,1,4,High upfront cost,1,1,0,1,0,0,0,0,No preference,$3K-$8K,6511,Pay-per-insight,Procurement/Finance,3-6 months,1,0,0,1,1,0,1,1,0,0,1,0,0,1,1,4,9,Boeing narrow (B737),Word of mouth,3,3,4,2,1,0,0,0,0,0,1,0,1,Dissatisfied - poor accuracy,7,1,0,0,0,1,0,0,0,2x,Component lifespan extension
UAE-0501,Budget_Regional_Operator,Exploring,MRO Engineer/Technician,Independent MRO,11-30,11-20 years,Sharjah/Northern Emirates,Predictive (some AI),3-5,$2M-$10M,6632828,1,1,1,1,0,0,0,0,0,1,0,0,1,0,1,3,Lack data expertise,1,1,0,1,0,0,0,0,Full cloud (SaaS),$3K-$8K,5663,Hardware lease + software,Procurement/Finance,6-12 months,1,1,0,1,0,0,0,1,1,1,1,0,0,0,0,4,3,Boeing narrow (B737),Word of mouth,3,3,2,3,3,1,1,0,0,0,0,0,1,Dissatisfied - hard to integrate,5,1,0,0,0,0,1,0,0,2x,Cost saved per aircraft/yr
UAE-0502,Budget_Regional_Operator,Warm,Director/VP Operations,Independent MRO,31-80,20+ years,Other GCC,Scheduled/calendar,3-5,$500K-$2M,1386597,1,1,1,1,1,0,0,1,1,0,0,0,0,1,0,6,High upfront cost,1,0,0,0,0,0,1,0,Hybrid,$8K-$20K,14652,Per-aircraft/year,C-Suite,6-12 months,0,1,0,0,0,0,0,0,1,1,1,0,0,0,0,6,4,Airbus narrow (A320),Word of mouth,3,4,3,2,2,0,0,0,1,0,0,0,0,No platform,4,0,1,0,1,0,1,0,0,3x in 12 months,Cost saved per aircraft/yr
UAE-0503,Budget_Regional_Operator,Warm,MRO Engineer/Technician,Low-cost carrier,11-30,20+ years,Dubai,Scheduled/calendar,1-2,$500K-$2M,1391266,1,1,1,0,1,0,1,0,0,0,0,0,0,1,0,4,High upfront cost,1,0,0,0,1,0,0,1,Full cloud (SaaS),$1K-$3K,1691,Outcome-based,C-Suite,1-3 months,1,0,1,0,0,0,0,1,0,1,1,1,0,0,0,4,7,Boeing narrow (B737),Word of mouth,3,3,4,4,2,0,0,0,0,0,1,0,0,Dissatisfied - poor support,7,1,1,0,0,1,0,0,0,1.5x,AOG reduction %
UAE-0504,Budget_Regional_Operator,Exploring,MRO Engineer/Technician,Low-cost carrier,1-10,6-10 years,Dubai,Predictive (some AI),6-10,$2M-$10M,6189446,1,0,1,0,1,1,0,1,0,0,1,0,1,1,0,2,High upfront cost,1,0,0,1,1,0,0,0,Full cloud (SaaS),>$20K,33684,Fixed monthly SaaS,IT/Digital lead,1-3 months,1,0,0,1,0,1,1,0,0,0,1,0,0,0,0,4,4,Boeing narrow (B737),LinkedIn/social media,2,4,5,4,4,1,0,0,0,0,0,0,0,Satisfied but expensive,5,1,1,1,1,1,1,0,0,2x,Component lifespan extension
UAE-0505,Budget_Regional_Operator,Warm,Fleet/Maintenance Manager,Low-cost carrier,1-10,11-20 years,Dubai,Scheduled/calendar,10+,$500K-$2M,1181517,1,1,0,0,1,0,1,1,0,1,0,0,0,0,0,3,Lack data expertise,1,0,0,1,0,1,0,0,Hybrid,$3K-$8K,7515,Fixed monthly SaaS,C-Suite,1-3 months,0,0,1,1,0,1,1,1,1,0,1,1,0,0,0,5,5,Regional/turboprop,LinkedIn/social media,4,3,4,3,3,1,0,0,0,0,0,0,0,No platform,5,1,0,0,0,0,1,1,1,2x,Component lifespan extension
UAE-0506,Budget_Regional_Operator,Not Interested,Fleet/Maintenance Manager,Low-cost carrier,1-10,11-20 years,Dubai,Reactive,1-2,$2M-$10M,4694164,1,1,1,0,0,1,0,1,0,0,0,0,1,1,0,2,Lack data expertise,1,1,0,0,1,0,0,0,No preference,$1K-$3K,2377,Pay-per-insight,Joint committee,3-6 months,1,0,1,1,0,1,0,0,0,0,1,1,0,0,1,7,3,Boeing narrow (B737),Word of mouth,2,3,3,3,3,0,0,0,0,0,1,0,0,Dissatisfied - hard to integrate,6,0,0,0,0,1,1,0,0,2x,Cost saved per aircraft/yr
UAE-0507,Budget_Regional_Operator,Not Interested,MRO Engineer/Technician,Low-cost carrier,1-10,<2 years,Abu Dhabi,Scheduled/calendar,10+,<$500K,290789,1,0,0,1,1,1,1,1,0,1,0,0,0,0,0,3,Lack data expertise,1,1,0,1,0,0,0,0,Hybrid,$3K-$8K,5770,Fixed monthly SaaS,Head of Maintenance/CAMO,3-6 months,0,1,1,1,0,0,0,0,0,0,0,1,0,1,0,6,1,Airbus narrow (A320),Word of mouth,2,3,4,2,2,0,1,0,0,0,1,0,0,Satisfied but expensive,4,1,0,0,0,1,0,0,0,2x,Component lifespan extension
UAE-0508,Budget_Regional_Operator,Exploring,Fleet/Maintenance Manager,Low-cost carrier,1-10,11-20 years,Sharjah/Northern Emirates,Predictive (some AI),3-5,<$500K,257251,1,1,1,0,1,1,1,0,0,1,0,0,0,0,0,1,High upfront cost,1,1,0,1,0,0,0,0,Full cloud (SaaS),$8K-$20K,14039,Per-aircraft/year,Joint committee,3-6 months,1,0,1,0,0,1,1,0,1,1,1,0,0,0,0,9,5,Airbus narrow (A320),LinkedIn/social media,4,4,5,2,3,0,0,0,0,0,1,0,1,Dissatisfied - hard to integrate,1,0,1,1,0,1,0,0,0,5x+,Unscheduled maintenance reduction
UAE-0509,Budget_Regional_Operator,Warm,Fleet/Maintenance Manager,Independent MRO,200+,6-10 years,Dubai,Scheduled/calendar,3-5,$10M-$50M,35337654,1,1,0,1,1,0,0,0,0,1,0,0,0,1,0,7,No barriers,1,1,0,1,0,0,0,0,Full cloud (SaaS),$1K-$3K,1800,Per-aircraft/year,IT/Digital lead,6-12 months,0,0,0,0,1,0,1,1,0,0,0,0,0,1,0,4,5,Regional/turboprop,LinkedIn/social media,5,5,5,5,5,0,0,0,0,0,0,1,0,Dissatisfied - poor support,5,1,0,0,1,1,0,0,0,Strategic value,Cost saved per aircraft/yr
UAE-0510,Budget_Regional_Operator,Exploring,Director/VP Operations,Commercial airline (full-service),81-200,<2 years,Abu Dhabi,Scheduled/calendar,1-2,>$50M,80163682,1,1,1,0,1,1,1,0,1,0,0,0,1,1,0,2,High upfront cost,1,1,1,0,0,0,0,0,On-premise,<$1K,490,Per-aircraft/year,Head of Maintenance/CAMO,3-6 months,1,0,1,1,0,0,0,0,0,1,1,1,0,0,0,6,5,Regional/turboprop,LinkedIn/social media,3,4,3,3,4,0,1,0,0,0,1,0,0,No platform,5,0,1,0,1,1,1,0,0,5x+,AOG reduction %
UAE-0511,Budget_Regional_Operator,Warm,IT/Digital Lead,Charter/private aviation,81-200,20+ years,Dubai,Reactive,0,>$50M,82419729,1,1,1,0,0,1,0,1,1,1,0,0,1,0,0,7,Lack data expertise,1,0,0,0,0,1,0,1,Full cloud (SaaS),$3K-$8K,6528,Hardware lease + software,C-Suite,3-6 months,1,0,0,1,0,0,0,0,0,0,1,1,0,0,0,5,5,Boeing narrow (B737),Industry event,1,3,4,3,3,0,0,0,0,1,0,0,0,Very satisfied,5,1,0,0,0,0,1,0,0,2x,AOG reduction %
UAE-0512,Budget_Regional_Operator,Not Interested,C-Suite,Independent MRO,11-30,6-10 years,Abu Dhabi,Reactive,3-5,$500K-$2M,916362,1,0,1,1,0,0,0,0,1,0,0,0,1,0,1,1,High upfront cost,1,0,0,0,0,0,0,1,Hybrid,>$20K,30402,Fixed monthly SaaS,Head of Maintenance/CAMO,6-12 months,1,1,1,0,0,0,1,1,0,0,0,1,0,0,1,10,1,Airbus narrow (A320),LinkedIn/social media,3,4,3,3,2,0,0,0,0,0,0,0,1,Dissatisfied - hard to integrate,6,0,0,0,0,1,0,1,1,Strategic value,Unscheduled maintenance reduction
UAE-0513,Budget_Regional_Operator,Warm,Fleet/Maintenance Manager,Charter/private aviation,1-10,2-5 years,Other GCC,Reactive,1-2,$500K-$2M,1278388,1,1,1,1,0,0,0,1,0,1,0,0,0,0,0,5,Legacy integration,1,0,1,1,0,0,0,0,No preference,>$20K,40165,Hardware lease + software,Procurement/Finance,<1 month,1,1,0,0,0,1,0,1,0,1,1,0,0,0,1,6,9,Business jet/helicopter,Email invite,2,3,4,3,3,0,0,0,0,0,1,0,0,Dissatisfied - hard to integrate,1,0,0,0,1,0,1,1,0,3x in 12 months,AOG reduction %
UAE-0514,Budget_Regional_Operator,Exploring,MRO Engineer/Technician,Aircraft leasing,31-80,2-5 years,Abu Dhabi,Reactive,1-2,$500K-$2M,1504848,0,1,0,1,1,1,1,0,1,0,0,0,0,0,0,3,Regulatory concerns,0,1,1,0,1,0,0,0,Hybrid,$3K-$8K,3774,Per-aircraft/year,Procurement/Finance,3-6 months,1,0,0,0,1,0,1,0,0,0,1,1,0,1,0,5,6,Airbus narrow (A320),Aviation publication,4,4,4,3,3,0,1,0,0,0,0,0,0,Very satisfied,7,1,1,0,0,1,0,0,0,5x+,Cost saved per aircraft/yr
UAE-0515,Budget_Regional_Operator,Warm,Director/VP Operations,Defence/government,11-30,11-20 years,Dubai,Reactive,1-2,$500K-$2M,1085779,1,1,1,1,0,1,1,0,0,1,0,0,1,0,0,4,High upfront cost,1,1,0,0,0,1,0,0,Hybrid,<$1K,590,Outcome-based,C-Suite,6-12 months,0,0,0,0,0,1,1,0,1,0,0,1,1,0,0,4,8,Regional/turboprop,LinkedIn/social media,2,3,3,3,2,1,0,0,0,0,1,0,0,Satisfied but expensive,4,0,1,0,0,0,0,0,0,3x in 12 months,Cost saved per aircraft/yr
UAE-0516,Budget_Regional_Operator,Warm,Fleet/Maintenance Manager,Low-cost carrier,31-80,20+ years,Dubai,Reactive,3-5,$2M-$10M,4707371,0,1,0,0,0,1,0,0,0,0,0,0,0,0,1,6,High upfront cost,1,1,0,0,1,0,0,0,Full cloud (SaaS),$3K-$8K,6209,Hardware lease + software,Head of Maintenance/CAMO,3-6 months,0,0,0,0,0,0,1,0,1,0,1,0,0,0,0,2,8,Airbus narrow (A320),Industry event,5,4,3,5,2,0,0,0,0,1,0,0,0,Dissatisfied - hard to integrate,5,0,0,1,0,0,0,0,0,5x+,Audit pass rate
UAE-0517,Budget_Regional_Operator,Exploring,Director/VP Operations,Independent MRO,31-80,6-10 years,Dubai,Scheduled/calendar,10+,$2M-$10M,6161660,0,0,0,0,0,0,0,1,0,1,0,0,1,1,0,4,High upfront cost,0,0,1,0,1,0,0,1,No preference,$3K-$8K,5856,Pay-per-insight,C-Suite,3-6 months,1,1,1,0,0,1,0,1,1,1,1,0,0,0,0,5,3,Boeing narrow (B737),Industry event,3,3,4,2,2,0,0,0,0,0,1,1,0,Dissatisfied - hard to integrate,7,0,0,0,1,1,1,0,0,3x in 12 months,Dispatch reliability %
UAE-0518,Budget_Regional_Operator,Exploring,MRO Engineer/Technician,Low-cost carrier,1-10,20+ years,Other GCC,Scheduled/calendar,1-2,$500K-$2M,1156686,1,0,1,1,1,1,1,1,0,0,1,0,1,0,0,1,Cybersecurity,1,0,0,1,1,0,0,0,Hybrid,$8K-$20K,13575,Hardware lease + software,C-Suite,1-3 months,1,0,1,1,0,1,0,0,1,0,1,0,0,0,0,6,2,Airbus narrow (A320),LinkedIn/social media,3,3,5,3,3,0,0,0,0,1,1,0,0,Dissatisfied - poor accuracy,4,1,0,0,1,0,0,0,1,3x in 12 months,Dispatch reliability %
UAE-0519,Budget_Regional_Operator,Warm,Fleet/Maintenance Manager,Charter/private aviation,1-10,20+ years,Outside GCC,Predictive (some AI),3-5,<$500K,246063,0,0,1,1,0,0,0,1,1,0,0,0,0,0,0,6,Cybersecurity,0,0,0,0,1,0,0,0,Full cloud (SaaS),$3K-$8K,5474,Per-aircraft/year,Head of Maintenance/CAMO,<1 month,1,1,0,1,1,0,1,1,0,1,1,1,0,0,0,4,6,Boeing narrow (B737),Email invite,2,3,2,3,3,1,0,0,0,0,1,0,0,Dissatisfied - hard to integrate,4,0,1,0,0,0,1,1,0,ROI not primary,Cost saved per aircraft/yr
UAE-0520,Budget_Regional_Operator,Exploring,C-Suite,Charter/private aviation,11-30,20+ years,Abu Dhabi,Reactive,1-2,$500K-$2M,1606012,1,0,0,0,1,0,0,0,0,1,0,0,0,0,0,2,No barriers,1,1,0,0,0,0,1,0,Full cloud (SaaS),$1K-$3K,1626,Pay-per-insight,Head of Maintenance/CAMO,6-12 months,1,0,1,1,0,0,1,0,0,0,1,0,0,0,1,7,5,Regional/turboprop,Industry event,1,1,1,1,1,0,0,0,0,0,1,0,0,Dissatisfied - hard to integrate,2,0,0,0,0,1,0,0,0,Strategic value,Unscheduled maintenance reduction
UAE-0521,Budget_Regional_Operator,Not Interested,Director/VP Operations,Charter/private aviation,11-30,6-10 years,Dubai,Predictive (some AI),6-10,$500K-$2M,1168648,0,1,1,0,1,0,0,0,0,0,0,0,1,0,0,4,Lack data expertise,1,1,0,0,1,0,0,0,On-premise,$3K-$8K,4740,Outcome-based,IT/Digital lead,1-3 months,0,0,1,0,0,0,1,1,1,1,1,0,0,0,0,7,1,Airbus narrow (A320),LinkedIn/social media,2,2,4,3,3,0,1,1,0,0,1,0,1,Satisfied but expensive,5,0,1,1,0,0,0,0,0,2x,Cost saved per aircraft/yr
UAE-0522,Budget_Regional_Operator,Hot,Fleet/Maintenance Manager,Charter/private aviation,11-30,11-20 years,Dubai,Condition-based,1-2,$2M-$10M,6038736,1,1,1,0,0,0,0,0,0,0,0,0,1,1,0,6,Legacy integration,1,0,0,0,0,0,1,0,Hybrid,<$1K,482,Pay-per-insight,Joint committee,3-6 months,1,1,0,0,0,0,1,1,1,1,1,0,0,0,0,2,8,Airbus narrow (A320),LinkedIn/social media,3,4,3,3,3,0,0,0,0,0,0,1,0,Dissatisfied - poor accuracy,4,1,0,0,1,1,0,1,0,3x in 12 months,Cost saved per aircraft/yr
UAE-0523,Budget_Regional_Operator,Exploring,Fleet/Maintenance Manager,Charter/private aviation,1-10,20+ years,Sharjah/Northern Emirates,Condition-based,3-5,$2M-$10M,6018375,0,0,1,0,0,1,1,0,0,1,0,0,0,1,0,1,High upfront cost,1,1,0,0,0,0,0,0,Full cloud (SaaS),$8K-$20K,9541,Fixed monthly SaaS,Head of Maintenance/CAMO,1-3 months,0,1,1,1,1,0,1,1,1,0,0,1,0,1,0,7,4,Airbus narrow (A320),Industry event,3,3,3,3,2,0,1,0,0,0,1,0,0,No platform,7,0,1,1,1,1,1,0,0,1.5x,AOG reduction %
UAE-0524,Budget_Regional_Operator,Hot,MRO Engineer/Technician,Charter/private aviation,1-10,11-20 years,Abu Dhabi,Scheduled/calendar,0,$10M-$50M,23898133,1,0,0,0,1,0,0,0,1,0,0,0,0,0,0,5,Legacy integration,0,1,0,1,1,0,0,0,Hybrid,<$1K,406,Hardware lease + software,Joint committee,3-6 months,1,0,0,1,0,1,0,1,1,1,1,0,0,0,0,4,8,Boeing narrow (B737),Email invite,2,4,4,3,2,0,1,0,0,1,0,0,0,Very satisfied,3,1,1,1,1,0,0,0,0,5x+,Cost saved per aircraft/yr
UAE-0525,Budget_Regional_Operator,Exploring,MRO Engineer/Technician,Low-cost carrier,31-80,20+ years,Sharjah/Northern Emirates,Scheduled/calendar,10+,$10M-$50M,30482435,0,0,1,0,1,0,0,1,0,1,0,0,1,0,0,2,Lack data expertise,0,0,0,1,1,0,0,0,No preference,$8K-$20K,15578,Fixed monthly SaaS,Procurement/Finance,<1 month,1,0,0,1,1,0,1,1,1,0,1,0,1,0,0,6,4,Boeing narrow (B737),Email invite,2,5,4,3,2,0,1,0,0,0,0,0,1,No platform,5,1,1,0,0,1,1,0,0,1.5x,Unscheduled maintenance reduction
UAE-0526,Budget_Regional_Operator,Warm,Director/VP Operations,Charter/private aviation,200+,20+ years,Abu Dhabi,Scheduled/calendar,3-5,>$50M,60342996,1,1,1,0,0,1,1,0,1,0,0,0,0,1,0,5,Cybersecurity,1,1,0,0,1,0,0,0,Hybrid,$8K-$20K,13102,Per-aircraft/year,C-Suite,1-3 months,1,1,0,1,1,0,1,0,1,0,0,1,0,1,0,5,7,Boeing narrow (B737),Aviation publication,2,3,4,4,3,0,0,0,0,0,1,0,0,Dissatisfied - hard to integrate,6,1,0,0,1,0,1,1,0,3x in 12 months,AOG reduction %
UAE-0527,Budget_Regional_Operator,Warm,Fleet/Maintenance Manager,Low-cost carrier,11-30,11-20 years,Dubai,Scheduled/calendar,6-10,$10M-$50M,29518628,1,0,0,0,1,0,1,0,0,0,0,0,0,0,1,7,Lack data expertise,1,0,1,0,0,1,0,0,Full cloud (SaaS),$8K-$20K,9597,Fixed monthly SaaS,Head of Maintenance/CAMO,3-6 months,1,1,0,0,0,0,1,1,1,0,0,0,0,0,1,5,4,Airbus wide (A330/A350/A380),Email invite,1,4,4,3,3,0,0,0,0,0,0,0,1,Dissatisfied - poor support,10,1,0,1,1,0,1,0,0,5x+,Dispatch reliability %
UAE-0528,Budget_Regional_Operator,Warm,IT/Digital Lead,Low-cost carrier,31-80,20+ years,Other GCC,Scheduled/calendar,1-2,$2M-$10M,5767642,1,0,0,0,0,0,0,1,0,0,0,0,1,1,1,5,High upfront cost,1,0,0,0,0,1,0,0,No preference,>$20K,24727,Fixed monthly SaaS,Head of Maintenance/CAMO,<1 month,0,1,0,1,0,0,0,0,0,1,1,0,1,0,0,5,6,Airbus narrow (A320),Industry event,3,5,5,3,1,0,1,0,0,0,1,0,1,Dissatisfied - hard to integrate,4,0,1,0,0,1,0,1,0,1.5x,Component lifespan extension
UAE-0529,Budget_Regional_Operator,Exploring,IT/Digital Lead,Commercial airline (full-service),11-30,20+ years,Dubai,Scheduled/calendar,1-2,$500K-$2M,1756817,1,0,1,1,1,0,0,0,0,0,0,0,1,0,0,2,High upfront cost,1,1,1,0,0,0,0,0,On-premise,$3K-$8K,6592,Outcome-based,Head of Maintenance/CAMO,3-6 months,1,0,0,0,0,0,1,1,0,0,1,1,0,0,0,8,4,Boeing narrow (B737),LinkedIn/social media,2,2,4,2,3,0,0,1,0,0,0,1,0,Dissatisfied - poor accuracy,3,0,1,0,0,0,0,0,0,ROI not primary,AOG reduction %
UAE-0530,Budget_Regional_Operator,Exploring,MRO Engineer/Technician,Low-cost carrier,31-80,11-20 years,Dubai,Reactive,3-5,$2M-$10M,5761286,1,1,1,0,1,0,0,1,1,0,0,0,0,0,0,2,High upfront cost,1,1,0,1,0,0,0,0,Full cloud (SaaS),>$20K,29353,Outcome-based,Head of Maintenance/CAMO,6-12 months,1,1,1,1,0,1,1,0,0,0,1,1,0,1,0,4,6,Airbus narrow (A320),Aviation publication,2,2,4,3,3,0,1,1,0,0,1,1,0,Dissatisfied - hard to integrate,7,1,0,0,0,1,0,0,1,1.5x,AOG reduction %
UAE-0531,Budget_Regional_Operator,Exploring,MRO Engineer/Technician,Independent MRO,81-200,20+ years,Abu Dhabi,Scheduled/calendar,0,$10M-$50M,28935980,1,1,1,1,0,0,0,1,0,0,0,0,0,0,1,2,High upfront cost,1,0,0,1,0,0,0,1,On-premise,$8K-$20K,11219,Per-aircraft/year,C-Suite,3-6 months,1,1,0,0,0,0,0,0,1,0,0,1,0,1,0,7,4,Regional/turboprop,Industry event,3,2,5,2,3,1,0,0,0,0,0,1,0,Dissatisfied - hard to integrate,6,1,0,1,1,0,1,0,1,3x in 12 months,AOG reduction %
UAE-0532,Budget_Regional_Operator,Warm,MRO Engineer/Technician,Charter/private aviation,1-10,11-20 years,Other GCC,Full predictive + digital twin,3-5,<$500K,205129,1,1,1,0,1,0,0,0,0,0,0,0,1,0,0,3,Legacy integration,1,1,0,0,0,0,0,0,Full cloud (SaaS),<$1K,308,Fixed monthly SaaS,C-Suite,>12 months,0,0,0,0,0,1,0,0,1,0,1,1,0,0,0,6,5,Airbus narrow (A320),Industry event,5,3,3,2,3,0,0,0,0,0,1,0,0,Dissatisfied - hard to integrate,4,1,1,0,1,0,1,0,1,3x in 12 months,Cost saved per aircraft/yr
UAE-0533,Budget_Regional_Operator,Exploring,MRO Engineer/Technician,Low-cost carrier,200+,20+ years,Sharjah/Northern Emirates,Scheduled/calendar,1-2,>$50M,81888737,1,0,1,1,1,0,1,1,0,0,0,0,0,1,0,1,High upfront cost,0,0,0,1,0,0,1,0,On-premise,$8K-$20K,10518,Fixed monthly SaaS,IT/Digital lead,1-3 months,0,0,1,1,0,0,1,1,1,1,1,0,0,0,0,3,1,Airbus narrow (A320),Word of mouth,2,3,3,4,4,0,0,0,1,0,0,1,0,Dissatisfied - poor accuracy,4,0,1,0,0,1,1,1,1,3x in 12 months,Dispatch reliability %
UAE-0534,Budget_Regional_Operator,Exploring,MRO Engineer/Technician,Commercial airline (full-service),81-200,6-10 years,Abu Dhabi,Reactive,3-5,>$50M,54818387,0,1,1,1,1,0,0,1,0,0,0,0,0,1,0,2,Lack data expertise,1,1,1,0,0,0,0,0,Hybrid,$8K-$20K,12488,Per-aircraft/year,Head of Maintenance/CAMO,3-6 months,1,0,1,0,0,1,0,0,1,0,0,1,1,0,0,5,3,Airbus narrow (A320),Industry event,2,3,3,3,3,0,0,0,0,0,1,0,0,Dissatisfied - hard to integrate,4,0,1,0,0,0,0,0,0,1.5x,Unscheduled maintenance reduction
UAE-0535,Budget_Regional_Operator,Warm,MRO Engineer/Technician,Defence/government,11-30,20+ years,Abu Dhabi,Predictive (some AI),0,$500K-$2M,1488324,1,0,1,0,0,0,1,0,0,0,0,0,0,1,0,4,No barriers,0,1,0,1,1,0,0,0,Hybrid,$8K-$20K,9923,Fixed monthly SaaS,Head of Maintenance/CAMO,1-3 months,1,0,0,1,0,1,0,0,0,1,0,0,0,0,1,5,5,Boeing narrow (B737),Aviation publication,3,2,5,3,2,0,0,0,0,0,1,0,0,No platform,3,0,0,0,1,1,0,1,0,2x,AOG reduction %
UAE-0536,Budget_Regional_Operator,Not Interested,MRO Engineer/Technician,Aircraft leasing,1-10,20+ years,Abu Dhabi,Scheduled/calendar,3-5,<$500K,312709,1,0,1,0,1,0,0,0,0,0,0,0,1,0,0,1,Lack data expertise,1,0,0,1,0,1,0,0,On-premise,$3K-$8K,4674,Per-aircraft/year,IT/Digital lead,<1 month,1,0,0,1,1,0,0,1,1,0,1,1,0,0,0,4,1,Boeing narrow (B737),Industry event,3,4,3,2,3,0,0,0,0,0,0,1,0,Very satisfied,7,1,0,0,0,1,0,0,0,2x,Audit pass rate
UAE-0537,Budget_Regional_Operator,Not Interested,Fleet/Maintenance Manager,Commercial airline (full-service),1-10,20+ years,Dubai,Predictive (some AI),1-2,$500K-$2M,955408,1,1,0,1,0,1,0,0,0,1,0,0,0,0,0,4,High upfront cost,1,0,0,0,1,0,1,0,Full cloud (SaaS),$1K-$3K,2013,Pay-per-insight,C-Suite,3-6 months,1,1,0,0,0,1,1,0,1,1,0,1,0,0,0,9,1,Boeing narrow (B737),Aviation publication,1,3,5,2,3,0,1,0,0,0,0,0,0,Dissatisfied - poor accuracy,5,1,0,0,0,1,1,0,0,5x+,Unscheduled maintenance reduction
UAE-0538,Budget_Regional_Operator,Warm,Fleet/Maintenance Manager,Low-cost carrier,11-30,6-10 years,Sharjah/Northern Emirates,Condition-based,3-5,$2M-$10M,3390437,0,1,1,1,0,0,1,0,0,0,0,0,1,0,0,7,High upfront cost,1,0,0,1,1,0,0,0,Hybrid,$1K-$3K,1675,Outcome-based,Head of Maintenance/CAMO,3-6 months,0,0,0,1,0,1,0,1,0,0,1,1,0,0,0,5,6,Airbus narrow (A320),Industry event,4,4,4,2,4,1,0,0,0,0,0,1,0,Dissatisfied - poor support,2,0,1,0,1,0,0,0,0,3x in 12 months,Dispatch reliability %
UAE-0539,Budget_Regional_Operator,Not Interested,MRO Engineer/Technician,Commercial airline (full-service),1-10,2-5 years,Dubai,Scheduled/calendar,3-5,$2M-$10M,6581301,0,1,0,1,0,0,0,1,0,1,0,0,0,0,0,1,Cybersecurity,1,0,0,0,1,0,0,0,Full cloud (SaaS),<$1K,612,Hardware lease + software,C-Suite,1-3 months,0,0,1,0,0,0,1,1,0,1,1,1,0,0,0,8,2,Airbus narrow (A320),LinkedIn/social media,3,2,3,3,3,1,0,0,0,0,0,0,0,Dissatisfied - hard to integrate,7,0,0,0,0,0,1,0,0,3x in 12 months,Cost saved per aircraft/yr
UAE-0540,Budget_Regional_Operator,Exploring,MRO Engineer/Technician,Charter/private aviation,81-200,2-5 years,Dubai,Predictive (some AI),6-10,>$50M,79536838,1,1,1,0,0,0,1,0,0,0,0,0,0,1,0,1,No barriers,0,1,0,1,1,0,0,0,Full cloud (SaaS),$8K-$20K,11993,Pay-per-insight,Head of Maintenance/CAMO,1-3 months,1,0,0,1,0,1,1,0,1,1,1,0,0,0,0,6,1,Boeing wide (B777/B787),Email invite,4,4,5,2,4,0,1,0,0,0,0,1,0,Dissatisfied - hard to integrate,8,0,0,0,0,1,0,0,1,ROI not primary,AOG reduction %
UAE-0541,Budget_Regional_Operator,Warm,IT/Digital Lead,Low-cost carrier,11-30,<2 years,Abu Dhabi,Scheduled/calendar,3-5,$2M-$10M,4811209,1,1,0,0,1,0,1,1,0,0,1,0,1,0,0,6,High upfront cost,1,1,0,0,0,0,1,0,Full cloud (SaaS),$3K-$8K,5501,Outcome-based,Head of Maintenance/CAMO,<1 month,0,0,1,1,0,0,0,1,0,0,1,0,0,1,0,2,7,Boeing narrow (B737),Industry event,3,3,5,2,2,0,0,0,0,0,1,0,0,No platform,5,1,1,0,0,1,0,0,0,3x in 12 months,Component lifespan extension
UAE-0542,Budget_Regional_Operator,Warm,C-Suite,Charter/private aviation,11-30,2-5 years,Outside GCC,Condition-based,6-10,$500K-$2M,1254759,1,1,0,1,1,0,0,0,0,0,0,0,1,0,0,4,Regulatory concerns,0,0,0,0,1,0,1,0,Hybrid,$3K-$8K,6301,Hardware lease + software,C-Suite,<1 month,0,0,1,0,1,1,0,0,1,1,1,0,0,0,0,5,7,Airbus narrow (A320),Industry event,3,4,3,4,2,1,0,0,0,1,1,0,1,Very satisfied,8,0,0,0,0,0,1,0,0,1.5x,Audit pass rate
UAE-0543,Budget_Regional_Operator,Warm,C-Suite,Low-cost carrier,1-10,11-20 years,Other GCC,Scheduled/calendar,3-5,$500K-$2M,1256541,0,1,0,0,1,1,0,1,0,1,0,0,1,0,1,3,High upfront cost,0,0,0,1,0,0,1,1,No preference,<$1K,623,Pay-per-insight,Head of Maintenance/CAMO,3-6 months,1,0,0,1,0,1,1,1,1,0,0,1,1,0,0,5,7,Boeing wide (B777/B787),Word of mouth,4,4,3,3,3,0,0,0,0,0,0,1,0,No platform,6,1,0,0,1,1,0,0,0,2x,Dispatch reliability %
UAE-0544,Budget_Regional_Operator,Warm,MRO Engineer/Technician,Aircraft leasing,11-30,11-20 years,Dubai,Scheduled/calendar,1-2,$2M-$10M,4061642,1,1,0,0,0,1,0,1,0,1,0,1,1,0,0,5,Lack data expertise,1,1,0,0,1,0,0,0,Full cloud (SaaS),>$20K,24781,Fixed monthly SaaS,Joint committee,1-3 months,1,0,0,1,0,0,0,1,0,1,1,1,0,0,0,7,7,Boeing wide (B777/B787),Industry event,3,4,3,4,4,0,0,0,0,1,1,1,1,Dissatisfied - poor accuracy,6,1,0,0,0,1,0,0,1,ROI not primary,AOG reduction %
UAE-0545,Budget_Regional_Operator,Exploring,Fleet/Maintenance Manager,Low-cost carrier,1-10,11-20 years,Abu Dhabi,Condition-based,3-5,$2M-$10M,7431363,0,1,1,0,0,0,0,0,0,1,1,0,1,0,0,2,Legacy integration,0,0,0,0,1,1,1,0,Full cloud (SaaS),>$20K,23982,Hardware lease + software,Joint committee,1-3 months,1,1,0,1,0,0,1,1,0,0,1,1,0,1,0,6,5,Boeing narrow (B737),Industry event,3,4,4,2,3,1,1,0,0,0,0,0,0,Dissatisfied - poor support,6,1,1,1,0,1,0,0,0,2x,Dispatch reliability %
UAE-0546,Budget_Regional_Operator,Warm,MRO Engineer/Technician,Charter/private aviation,31-80,6-10 years,Other GCC,Scheduled/calendar,1-2,$2M-$10M,6154322,1,0,1,0,0,1,1,1,0,1,0,0,0,1,1,6,High upfront cost,1,0,0,1,0,0,0,1,Hybrid,$3K-$8K,4294,Fixed monthly SaaS,Head of Maintenance/CAMO,6-12 months,1,0,0,1,1,0,0,1,1,1,1,0,0,0,0,5,4,Airbus wide (A330/A350/A380),LinkedIn/social media,2,3,3,2,3,1,0,0,0,0,0,0,1,Dissatisfied - hard to integrate,6,0,1,1,1,0,0,0,0,3x in 12 months,Component lifespan extension
UAE-0547,Budget_Regional_Operator,Not Interested,Director/VP Operations,Low-cost carrier,11-30,<2 years,Dubai,Predictive (some AI),0,<$500K,237956,1,1,0,0,1,0,0,1,0,0,0,0,0,1,0,1,Lack data expertise,0,0,1,0,0,0,0,0,Hybrid,$3K-$8K,6628,Per-aircraft/year,Joint committee,3-6 months,1,0,1,1,0,1,1,0,0,0,1,0,1,0,1,6,1,Airbus narrow (A320),LinkedIn/social media,3,4,5,3,2,0,1,0,0,0,0,0,0,Dissatisfied - hard to integrate,8,1,1,0,1,0,1,1,1,3x in 12 months,AOG reduction %
UAE-0548,Budget_Regional_Operator,Hot,Fleet/Maintenance Manager,Low-cost carrier,31-80,6-10 years,Sharjah/Northern Emirates,Condition-based,3-5,$2M-$10M,6174900,1,1,1,1,0,1,1,0,1,1,0,0,0,0,0,5,High upfront cost,1,1,1,0,0,0,0,0,Full cloud (SaaS),$1K-$3K,2347,Hardware lease + software,C-Suite,1-3 months,0,1,0,0,1,0,0,0,0,0,1,1,0,1,0,3,9,Airbus narrow (A320),Word of mouth,5,3,4,3,4,0,1,0,0,0,1,0,0,Dissatisfied - hard to integrate,3,0,0,0,0,1,0,0,0,Strategic value,Cost saved per aircraft/yr
UAE-0549,Budget_Regional_Operator,Warm,Fleet/Maintenance Manager,Low-cost carrier,1-10,20+ years,Dubai,Condition-based,3-5,<$500K,176291,1,1,0,1,1,0,1,1,0,1,0,0,0,0,0,4,Legacy integration,1,0,0,1,0,1,0,0,Full cloud (SaaS),$1K-$3K,1411,Fixed monthly SaaS,Procurement/Finance,1-3 months,0,0,0,1,0,1,1,0,0,1,1,1,0,0,0,4,7,Airbus narrow (A320),LinkedIn/social media,2,3,4,3,2,0,0,0,0,0,0,1,0,Dissatisfied - hard to integrate,6,0,0,0,0,0,1,0,0,1.5x,Cost saved per aircraft/yr
UAE-0550,Budget_Regional_Operator,Exploring,IT/Digital Lead,Commercial airline (full-service),1-10,<2 years,Dubai,Scheduled/calendar,3-5,$500K-$2M,1403244,1,1,1,0,0,0,1,0,1,0,0,0,0,0,0,3,Cybersecurity,1,1,0,1,0,0,0,0,No preference,$8K-$20K,17070,Pay-per-insight,Head of Maintenance/CAMO,1-3 months,0,0,0,0,0,1,1,1,0,0,0,1,1,1,0,9,4,Airbus narrow (A320),LinkedIn/social media,3,3,4,4,2,0,0,0,0,0,0,0,1,Dissatisfied - poor accuracy,4,0,0,0,1,1,0,0,0,Strategic value,AOG reduction %
UAE-0551,Budget_Regional_Operator,Exploring,IT/Digital Lead,Commercial airline (full-service),31-80,6-10 years,Abu Dhabi,Scheduled/calendar,3-5,$10M-$50M,36197314,1,1,1,1,1,1,0,0,0,0,0,0,0,1,0,4,High upfront cost,1,0,0,1,1,0,0,0,Hybrid,$3K-$8K,5140,Fixed monthly SaaS,C-Suite,3-6 months,1,0,0,1,1,1,0,1,1,1,1,0,0,0,0,7,4,Airbus narrow (A320),Industry event,4,4,5,5,3,0,0,0,0,0,0,0,1,Very satisfied,5,0,0,0,1,0,0,0,0,1.5x,Unscheduled maintenance reduction
UAE-0552,Budget_Regional_Operator,Exploring,Procurement/Finance,Low-cost carrier,1-10,6-10 years,Outside GCC,Scheduled/calendar,1-2,$500K-$2M,1385458,1,1,0,0,0,1,0,0,0,0,0,0,0,0,1,2,Lack data expertise,1,0,0,1,1,0,0,0,Hybrid,<$1K,714,Pay-per-insight,Joint committee,1-3 months,1,1,1,0,0,0,1,0,1,0,1,0,0,1,0,6,4,Airbus narrow (A320),Email invite,2,4,4,2,3,0,0,0,0,0,1,0,0,Very satisfied,3,0,1,1,0,0,1,0,0,3x in 12 months,Cost saved per aircraft/yr
UAE-0553,Budget_Regional_Operator,Warm,Director/VP Operations,Commercial airline (full-service),31-80,2-5 years,Dubai,Reactive,3-5,$500K-$2M,1284681,1,0,0,1,0,1,0,1,0,0,0,0,1,0,0,5,Lack data expertise,1,1,1,0,0,0,0,0,Hybrid,$3K-$8K,7190,Per-aircraft/year,C-Suite,1-3 months,0,1,0,1,0,0,1,1,0,0,1,0,1,1,0,3,4,Boeing narrow (B737),Aviation publication,2,3,5,4,3,0,0,0,0,1,0,0,0,Satisfied but expensive,7,0,0,0,0,1,0,0,0,5x+,Dispatch reliability %
UAE-0554,Budget_Regional_Operator,Exploring,Fleet/Maintenance Manager,Commercial airline (full-service),31-80,2-5 years,Dubai,Condition-based,3-5,$10M-$50M,30602812,1,1,1,1,1,0,1,1,0,0,0,0,0,1,1,2,High upfront cost,0,0,0,1,1,1,0,0,Hybrid,$8K-$20K,13160,Per-aircraft/year,Head of Maintenance/CAMO,>12 months,0,0,0,1,0,0,1,1,1,0,1,1,0,0,0,6,2,Boeing narrow (B737),Word of mouth,1,1,1,1,1,0,0,0,1,0,0,0,0,No platform,4,1,0,1,0,1,0,0,0,3x in 12 months,Dispatch reliability %
UAE-0555,Budget_Regional_Operator,Exploring,Director/VP Operations,Low-cost carrier,81-200,20+ years,Dubai,Scheduled/calendar,1-2,$2M-$10M,6064937,1,0,1,0,0,1,0,0,1,0,0,0,1,0,0,3,Lack data expertise,1,0,1,1,0,0,0,0,Hybrid,$3K-$8K,4368,Fixed monthly SaaS,C-Suite,1-3 months,1,0,0,1,0,1,0,1,1,0,1,0,1,0,0,6,4,Boeing narrow (B737),Industry event,2,3,4,2,3,0,0,0,0,0,0,1,1,Satisfied but expensive,4,1,0,0,1,1,0,0,0,3x in 12 months,AOG reduction %
UAE-0556,Budget_Regional_Operator,Exploring,Fleet/Maintenance Manager,Commercial airline (full-service),1-10,20+ years,Sharjah/Northern Emirates,Scheduled/calendar,0,<$500K,289857,1,0,1,0,1,0,1,0,0,0,0,0,1,0,1,5,Lack data expertise,1,0,1,1,0,0,0,0,Hybrid,<$1K,422,Hardware lease + software,IT/Digital lead,3-6 months,1,0,1,1,0,0,1,0,1,1,0,0,0,1,0,7,3,Regional/turboprop,Industry event,4,3,4,2,3,0,1,0,0,1,1,0,1,Satisfied but expensive,3,0,1,1,1,0,0,1,0,5x+,AOG reduction %
UAE-0557,Budget_Regional_Operator,Exploring,Fleet/Maintenance Manager,Low-cost carrier,1-10,20+ years,Abu Dhabi,Predictive (some AI),3-5,<$500K,280838,0,0,1,1,0,1,0,0,0,0,0,0,1,0,0,1,High upfront cost,1,0,1,1,0,0,0,0,No preference,$1K-$3K,2198,Per-aircraft/year,Procurement/Finance,3-6 months,1,1,0,1,0,0,1,0,1,0,1,1,0,0,0,5,4,Business jet/helicopter,Aviation publication,3,3,4,4,2,0,0,0,0,0,0,1,0,No platform,7,1,1,1,1,1,0,0,1,2x,Cost saved per aircraft/yr
UAE-0558,Budget_Regional_Operator,Exploring,Fleet/Maintenance Manager,Independent MRO,11-30,11-20 years,Dubai,Scheduled/calendar,1-2,<$500K,306178,1,0,1,1,1,1,0,0,0,1,0,0,0,0,0,1,Lack data expertise,1,0,0,0,1,0,0,0,Hybrid,$8K-$20K,10333,Fixed monthly SaaS,Head of Maintenance/CAMO,3-6 months,1,0,1,1,1,1,1,1,1,1,1,0,0,0,0,6,3,Airbus narrow (A320),Industry event,4,4,3,2,4,0,0,0,1,1,0,0,0,Very satisfied,4,1,1,0,0,0,1,0,0,2x,AOG reduction %
UAE-0559,Budget_Regional_Operator,Warm,C-Suite,Charter/private aviation,81-200,20+ years,Abu Dhabi,Predictive (some AI),3-5,$2M-$10M,6039445,1,0,1,1,0,1,1,1,0,0,1,0,1,0,0,6,Legacy integration,0,0,0,1,0,1,0,0,Full cloud (SaaS),>$20K,25559,Fixed monthly SaaS,C-Suite,1-3 months,0,0,0,1,0,0,0,1,1,0,0,0,0,1,0,4,6,Boeing narrow (B737),LinkedIn/social media,3,4,4,3,3,1,0,0,0,0,0,0,1,Dissatisfied - poor support,3,1,0,0,0,0,0,1,0,3x in 12 months,Unscheduled maintenance reduction
UAE-0560,Budget_Regional_Operator,Exploring,Director/VP Operations,Low-cost carrier,81-200,2-5 years,Dubai,Condition-based,1-2,>$50M,77898009,1,0,0,0,0,0,1,1,0,0,0,0,1,0,0,5,High upfront cost,0,0,0,1,0,1,0,1,Full cloud (SaaS),$8K-$20K,11773,Per-aircraft/year,Head of Maintenance/CAMO,1-3 months,1,0,0,1,1,0,1,0,1,0,1,1,0,0,0,5,3,Regional/turboprop,LinkedIn/social media,3,4,4,2,3,0,1,0,0,0,0,0,0,No platform,3,0,0,0,1,1,1,0,0,2x,Cost saved per aircraft/yr
UAE-0561,Budget_Regional_Operator,Warm,Fleet/Maintenance Manager,Defence/government,11-30,20+ years,Abu Dhabi,Scheduled/calendar,3-5,$500K-$2M,1276892,1,0,1,0,1,1,0,0,0,0,0,0,1,0,0,6,High upfront cost,1,0,0,1,1,0,0,0,On-premise,$1K-$3K,1549,Fixed monthly SaaS,Head of Maintenance/CAMO,<1 month,1,0,0,1,1,0,1,0,0,1,1,0,0,1,0,2,8,Boeing narrow (B737),Word of mouth,2,4,4,3,3,0,0,1,0,0,1,0,0,Satisfied but expensive,4,0,0,0,1,0,0,0,0,3x in 12 months,Unscheduled maintenance reduction
UAE-0562,Budget_Regional_Operator,Exploring,C-Suite,Independent MRO,1-10,20+ years,Other GCC,Reactive,3-5,<$500K,254968,0,0,0,1,1,1,1,0,0,0,0,0,1,0,1,2,Regulatory concerns,1,1,1,0,0,0,0,0,Full cloud (SaaS),$3K-$8K,4192,Per-aircraft/year,Head of Maintenance/CAMO,6-12 months,1,1,0,1,1,1,1,1,0,0,0,0,0,0,1,7,4,Airbus narrow (A320),LinkedIn/social media,3,3,5,3,4,1,0,0,1,0,0,1,0,Dissatisfied - poor accuracy,5,1,0,1,0,0,0,1,0,2x,Unscheduled maintenance reduction
UAE-0563,Budget_Regional_Operator,Hot,MRO Engineer/Technician,Aircraft leasing,81-200,11-20 years,Dubai,Condition-based,3-5,$2M-$10M,4443735,1,1,0,0,1,0,0,0,0,0,1,0,0,0,0,7,High upfront cost,1,1,0,1,0,0,0,0,No preference,>$20K,27692,Hardware lease + software,Joint committee,3-6 months,1,0,1,1,0,1,0,0,1,1,1,0,0,0,0,2,9,Airbus wide (A330/A350/A380),Word of mouth,4,3,5,4,2,0,0,0,0,0,1,0,0,Dissatisfied - poor support,4,1,0,0,1,1,0,0,0,3x in 12 months,Dispatch reliability %
UAE-0564,Budget_Regional_Operator,Exploring,Fleet/Maintenance Manager,Independent MRO,31-80,20+ years,Outside GCC,Scheduled/calendar,6-10,$2M-$10M,6861783,1,0,0,1,0,0,0,0,0,1,0,0,0,0,0,1,Regulatory concerns,0,0,0,0,0,0,1,1,Hybrid,$3K-$8K,5352,Per-aircraft/year,Joint committee,6-12 months,1,1,0,0,0,1,0,1,1,0,1,0,1,0,0,4,3,Airbus narrow (A320),Word of mouth,3,3,3,2,5,1,0,0,0,0,1,0,0,No platform,8,0,1,0,0,0,0,0,1,3x in 12 months,AOG reduction %
UAE-0565,Budget_Regional_Operator,Not Interested,Director/VP Operations,Commercial airline (full-service),11-30,20+ years,Outside GCC,Scheduled/calendar,1-2,$10M-$50M,24770703,1,1,1,1,0,0,0,1,0,0,1,0,0,0,0,4,High upfront cost,0,0,0,0,1,0,1,1,No preference,$1K-$3K,1856,Per-aircraft/year,Joint committee,1-3 months,1,0,1,1,0,1,0,0,1,1,1,0,0,0,0,8,1,Boeing narrow (B737),Industry event,2,4,4,2,2,0,0,0,0,0,1,0,1,Dissatisfied - hard to integrate,4,1,0,0,0,0,1,0,0,5x+,Unscheduled maintenance reduction
UAE-0566,Budget_Regional_Operator,Exploring,Fleet/Maintenance Manager,Low-cost carrier,31-80,11-20 years,Dubai,Scheduled/calendar,6-10,$10M-$50M,22613789,1,0,0,0,1,0,1,0,0,1,1,0,0,0,1,2,High upfront cost,0,0,1,1,1,0,0,0,No preference,$3K-$8K,4315,Outcome-based,C-Suite,<1 month,1,0,1,0,0,0,1,1,1,0,1,0,1,0,0,6,6,Airbus narrow (A320),Industry event,4,3,4,4,3,0,0,0,1,0,0,0,1,Dissatisfied - poor accuracy,5,0,0,0,0,1,1,1,0,2x,AOG reduction %
UAE-0567,Budget_Regional_Operator,Warm,Fleet/Maintenance Manager,Defence/government,31-80,11-20 years,Dubai,Condition-based,6-10,$10M-$50M,23582918,1,1,0,1,0,1,1,1,0,1,0,0,1,0,0,5,Regulatory concerns,1,0,0,1,1,0,0,0,On-premise,$3K-$8K,6321,Hardware lease + software,Head of Maintenance/CAMO,3-6 months,1,1,1,1,0,1,1,0,1,0,1,0,1,0,0,4,6,Airbus narrow (A320),LinkedIn/social media,3,3,2,3,4,0,0,0,0,0,0,1,1,Very satisfied,4,1,1,0,0,0,1,0,0,3x in 12 months,Cost saved per aircraft/yr
UAE-0568,Budget_Regional_Operator,Exploring,IT/Digital Lead,Independent MRO,1-10,11-20 years,Other GCC,Scheduled/calendar,3-5,$500K-$2M,1259848,1,1,0,1,0,0,0,0,0,0,1,0,0,0,0,1,High upfront cost,1,1,0,1,0,0,0,0,Full cloud (SaaS),$8K-$20K,14908,Hardware lease + software,C-Suite,<1 month,0,0,1,1,1,0,0,0,0,1,1,1,0,0,0,6,3,Airbus narrow (A320),Aviation publication,4,4,3,3,3,1,0,0,0,1,0,1,0,Satisfied but expensive,6,1,1,0,1,0,0,0,0,5x+,Audit pass rate
UAE-0569,Budget_Regional_Operator,Hot,IT/Digital Lead,Low-cost carrier,11-30,11-20 years,Dubai,Condition-based,3-5,$500K-$2M,932327,1,1,1,1,0,0,0,1,1,1,0,0,0,0,0,6,Legacy integration,0,0,0,0,0,1,1,0,On-premise,$8K-$20K,12564,Per-aircraft/year,C-Suite,1-3 months,1,0,0,0,0,0,0,1,1,1,0,0,0,1,0,2,10,Boeing narrow (B737),Aviation publication,3,3,2,4,2,0,0,0,0,0,0,1,0,Satisfied but expensive,3,0,0,0,0,1,0,0,0,3x in 12 months,Dispatch reliability %
UAE-0570,Budget_Regional_Operator,Hot,MRO Engineer/Technician,Charter/private aviation,81-200,6-10 years,Sharjah/Northern Emirates,Reactive,3-5,$10M-$50M,28508914,1,0,0,0,0,0,0,1,0,0,0,0,1,0,1,6,High upfront cost,1,0,0,1,0,0,1,0,Hybrid,$1K-$3K,2278,Fixed monthly SaaS,Procurement/Finance,3-6 months,1,0,0,1,1,0,0,1,0,1,1,0,0,1,0,2,8,Boeing narrow (B737),Industry event,2,4,4,3,4,1,0,0,0,0,1,1,0,Very satisfied,6,0,0,0,0,0,0,0,1,Strategic value,AOG reduction %
UAE-0571,Budget_Regional_Operator,Exploring,Fleet/Maintenance Manager,Commercial airline (full-service),31-80,11-20 years,Dubai,Reactive,3-5,$2M-$10M,5673887,1,0,1,0,0,0,1,0,0,0,0,0,1,0,1,3,High upfront cost,1,0,0,1,0,1,0,0,On-premise,$1K-$3K,1966,Hardware lease + software,Joint committee,6-12 months,1,0,1,1,1,0,0,1,0,0,1,1,0,1,0,4,3,Airbus wide (A330/A350/A380),Email invite,3,4,4,2,3,0,1,0,1,0,0,1,0,Satisfied but expensive,5,0,1,0,1,0,1,0,0,ROI not primary,AOG reduction %
UAE-0572,Budget_Regional_Operator,Warm,Fleet/Maintenance Manager,Commercial airline (full-service),1-10,6-10 years,Abu Dhabi,Scheduled/calendar,1-2,$2M-$10M,6167253,1,1,1,0,1,0,1,1,0,0,0,0,1,0,0,6,Lack data expertise,1,1,1,0,0,0,0,0,Full cloud (SaaS),>$20K,46899,Per-aircraft/year,C-Suite,3-6 months,0,1,1,0,0,1,0,0,1,1,1,0,0,0,0,4,5,Airbus narrow (A320),Aviation publication,2,4,5,3,3,0,0,0,0,0,0,0,1,Dissatisfied - poor accuracy,7,0,0,1,0,1,0,0,0,3x in 12 months,Component lifespan extension
UAE-0573,Budget_Regional_Operator,Warm,IT/Digital Lead,Commercial airline (full-service),1-10,20+ years,Outside GCC,Condition-based,3-5,<$500K,268958,1,1,1,0,0,0,1,0,1,0,0,0,1,0,0,5,Lack data expertise,0,0,0,1,0,1,1,0,No preference,$3K-$8K,4320,Per-aircraft/year,IT/Digital lead,3-6 months,1,0,0,1,0,1,1,1,1,0,1,1,0,0,0,6,5,Regional/turboprop,LinkedIn/social media,2,3,3,3,2,0,0,1,1,0,0,0,0,Dissatisfied - poor support,6,0,1,0,0,0,1,1,0,2x,Audit pass rate
UAE-0574,Budget_Regional_Operator,Hot,Fleet/Maintenance Manager,Low-cost carrier,11-30,20+ years,Sharjah/Northern Emirates,Reactive,6-10,$2M-$10M,7014917,1,0,1,0,0,0,0,1,0,1,0,0,0,0,0,2,Regulatory concerns,1,0,0,1,0,1,0,0,Full cloud (SaaS),$3K-$8K,6468,Per-aircraft/year,IT/Digital lead,1-3 months,0,1,0,1,0,1,0,0,0,1,1,1,0,0,0,1,9,Airbus narrow (A320),Word of mouth,3,4,4,4,2,0,1,0,0,0,0,0,0,No platform,6,1,0,0,0,1,1,0,0,3x in 12 months,Dispatch reliability %
UAE-0575,Budget_Regional_Operator,Exploring,MRO Engineer/Technician,Independent MRO,81-200,2-5 years,Dubai,Predictive (some AI),10+,$10M-$50M,34955985,1,1,0,1,0,1,1,0,0,1,0,0,0,1,0,3,Legacy integration,0,0,1,1,1,0,0,0,Full cloud (SaaS),$8K-$20K,19858,Per-aircraft/year,Joint committee,>12 months,0,0,0,0,0,0,1,0,0,0,0,1,1,0,1,5,5,Regional/turboprop,Email invite,3,4,4,3,4,1,0,0,0,0,0,1,0,Dissatisfied - poor accuracy,4,0,0,0,0,1,0,0,0,1.5x,Component lifespan extension
UAE-0576,Budget_Regional_Operator,Warm,MRO Engineer/Technician,Charter/private aviation,31-80,2-5 years,Outside GCC,Condition-based,3-5,$2M-$10M,4728546,1,1,1,1,1,0,0,0,0,1,1,0,1,0,0,4,Regulatory concerns,1,0,0,1,1,0,0,0,Hybrid,$8K-$20K,15559,Fixed monthly SaaS,IT/Digital lead,<1 month,1,0,0,0,0,1,0,1,1,0,1,1,0,0,0,7,6,Boeing narrow (B737),Industry event,4,3,3,3,3,0,0,0,0,0,1,0,0,Satisfied but expensive,5,0,0,1,1,0,1,1,1,1.5x,Cost saved per aircraft/yr
UAE-0577,Budget_Regional_Operator,Warm,Director/VP Operations,Low-cost carrier,1-10,6-10 years,Abu Dhabi,Scheduled/calendar,3-5,$500K-$2M,1379545,0,1,1,1,1,0,1,1,0,1,0,1,0,1,1,4,High upfront cost,1,1,1,0,0,0,0,0,Hybrid,$1K-$3K,2050,Pay-per-insight,Joint committee,3-6 months,1,0,1,1,0,0,0,1,1,0,0,0,1,0,0,4,5,Regional/turboprop,LinkedIn/social media,3,3,4,3,3,1,0,0,1,0,1,1,1,Satisfied but expensive,4,0,0,1,1,0,0,0,0,3x in 12 months,Cost saved per aircraft/yr
UAE-0578,Budget_Regional_Operator,Exploring,Director/VP Operations,Low-cost carrier,11-30,11-20 years,Sharjah/Northern Emirates,Scheduled/calendar,3-5,$500K-$2M,1488634,1,0,1,1,1,1,0,0,1,1,0,0,0,0,1,1,High upfront cost,0,1,0,1,0,0,1,0,No preference,$3K-$8K,4786,Outcome-based,Joint committee,3-6 months,1,0,0,0,0,0,1,1,1,1,1,0,0,0,0,10,3,Boeing narrow (B737),Industry event,2,4,2,3,5,0,1,0,0,0,1,0,0,Dissatisfied - poor support,3,0,1,0,1,1,1,0,0,Strategic value,Unscheduled maintenance reduction
UAE-0579,Budget_Regional_Operator,Warm,C-Suite,Low-cost carrier,81-200,6-10 years,Dubai,Condition-based,1-2,$10M-$50M,21081159,1,1,1,0,0,1,0,1,0,0,0,0,0,1,1,3,Regulatory concerns,1,0,0,0,0,1,0,0,Full cloud (SaaS),$8K-$20K,16263,Fixed monthly SaaS,Procurement/Finance,3-6 months,1,0,1,1,0,0,1,0,0,0,0,1,1,1,0,6,5,Boeing narrow (B737),LinkedIn/social media,3,4,5,3,1,0,0,0,0,0,0,0,1,Dissatisfied - poor accuracy,4,0,1,1,1,1,0,0,0,2x,Unscheduled maintenance reduction
UAE-0580,Budget_Regional_Operator,Not Interested,Procurement/Finance,Defence/government,1-10,<2 years,Dubai,Scheduled/calendar,3-5,$500K-$2M,1169974,0,1,1,0,1,0,0,0,0,1,0,0,0,0,0,2,High upfront cost,0,0,0,0,0,1,0,0,Full cloud (SaaS),>$20K,53613,Pay-per-insight,Head of Maintenance/CAMO,6-12 months,0,0,0,1,0,0,1,0,1,0,1,1,0,0,0,9,3,Regional/turboprop,LinkedIn/social media,3,4,4,3,4,0,0,0,0,0,0,0,1,Dissatisfied - poor accuracy,5,0,0,0,0,0,0,1,1,2x,AOG reduction %
UAE-0581,Budget_Regional_Operator,Hot,Fleet/Maintenance Manager,Charter/private aviation,1-10,20+ years,Other GCC,Condition-based,3-5,$2M-$10M,7852030,0,1,0,1,1,0,0,0,0,1,1,0,0,1,0,3,High upfront cost,1,0,0,0,1,0,1,0,Full cloud (SaaS),>$20K,52371,Per-aircraft/year,IT/Digital lead,<1 month,1,1,0,0,1,1,1,1,0,1,1,1,0,0,0,3,9,Regional/turboprop,Industry event,4,3,3,3,4,0,0,0,1,0,0,0,0,Dissatisfied - hard to integrate,2,0,0,1,0,0,1,0,0,Strategic value,Unscheduled maintenance reduction
UAE-0582,Budget_Regional_Operator,Not Interested,Fleet/Maintenance Manager,Aircraft leasing,1-10,2-5 years,Dubai,Scheduled/calendar,0,$500K-$2M,1249286,1,1,0,1,1,0,1,1,0,0,0,0,1,0,0,1,High upfront cost,1,1,0,0,0,0,0,0,On-premise,$3K-$8K,4841,Pay-per-insight,C-Suite,1-3 months,1,0,0,1,0,0,0,1,0,1,1,0,1,0,0,6,3,Business jet/helicopter,Industry event,3,3,4,2,3,0,1,0,0,0,0,1,0,Very satisfied,4,1,1,0,0,1,0,0,0,3x in 12 months,AOG reduction %
UAE-0583,Budget_Regional_Operator,Exploring,Director/VP Operations,Low-cost carrier,31-80,20+ years,Sharjah/Northern Emirates,Scheduled/calendar,1-2,$10M-$50M,28354453,1,0,1,0,0,1,0,0,0,0,0,0,1,0,0,3,Cybersecurity,1,0,0,0,0,1,0,0,Hybrid,$3K-$8K,6016,Per-aircraft/year,IT/Digital lead,<1 month,0,1,0,1,0,0,0,1,1,0,0,1,0,0,0,8,4,Airbus narrow (A320),Word of mouth,3,3,4,3,3,0,0,0,0,0,1,1,0,Dissatisfied - hard to integrate,2,0,1,0,1,1,0,0,0,Strategic value,AOG reduction %
UAE-0584,Budget_Regional_Operator,Warm,C-Suite,Charter/private aviation,11-30,20+ years,Sharjah/Northern Emirates,Scheduled/calendar,3-5,$2M-$10M,6298323,0,1,0,1,0,1,1,1,0,0,0,0,1,0,0,5,High upfront cost,1,1,0,1,0,0,0,0,Hybrid,$3K-$8K,4826,Fixed monthly SaaS,Procurement/Finance,<1 month,1,0,0,1,0,1,0,1,1,0,0,0,0,1,1,3,8,Regional/turboprop,Word of mouth,3,3,3,2,4,1,1,0,0,0,0,1,0,Dissatisfied - hard to integrate,5,0,0,0,0,0,1,0,1,ROI not primary,Cost saved per aircraft/yr
UAE-0585,Budget_Regional_Operator,Exploring,MRO Engineer/Technician,Low-cost carrier,1-10,6-10 years,Abu Dhabi,Scheduled/calendar,1-2,$500K-$2M,1146764,1,0,1,0,0,0,1,1,1,1,1,0,0,0,1,3,Lack data expertise,1,0,1,0,1,0,0,0,Full cloud (SaaS),<$1K,426,Fixed monthly SaaS,Joint committee,3-6 months,1,0,0,0,0,0,1,1,1,1,1,0,0,0,0,8,6,Airbus narrow (A320),LinkedIn/social media,2,3,2,2,2,0,0,0,1,0,0,1,0,Dissatisfied - hard to integrate,5,1,1,0,1,1,0,0,1,1.5x,Cost saved per aircraft/yr
UAE-0586,Budget_Regional_Operator,Warm,MRO Engineer/Technician,Low-cost carrier,11-30,2-5 years,Sharjah/Northern Emirates,Predictive (some AI),3-5,$2M-$10M,5706389,1,0,1,1,0,1,1,0,1,0,0,0,0,0,0,3,High upfront cost,1,0,0,1,1,0,0,0,Full cloud (SaaS),$1K-$3K,1898,Pay-per-insight,Head of Maintenance/CAMO,1-3 months,1,1,0,1,1,0,1,0,0,1,1,1,0,0,0,5,7,Boeing narrow (B737),LinkedIn/social media,1,3,3,3,4,0,0,0,1,0,0,0,0,Dissatisfied - hard to integrate,4,0,0,0,1,0,0,0,1,3x in 12 months,Dispatch reliability %
UAE-0587,Budget_Regional_Operator,Warm,IT/Digital Lead,Independent MRO,11-30,11-20 years,Outside GCC,Scheduled/calendar,3-5,$2M-$10M,5310559,1,1,1,0,0,1,0,0,0,0,0,0,0,0,1,10,Lack data expertise,1,0,0,0,0,0,0,0,On-premise,$8K-$20K,8322,Fixed monthly SaaS,C-Suite,3-6 months,1,0,0,1,0,1,0,0,1,0,1,1,0,0,0,5,6,Boeing narrow (B737),LinkedIn/social media,3,3,3,2,2,0,0,0,0,1,0,0,1,Dissatisfied - poor support,3,0,0,1,0,0,0,0,0,2x,AOG reduction %
UAE-0588,Budget_Regional_Operator,Hot,C-Suite,Aircraft leasing,11-30,20+ years,Sharjah/Northern Emirates,Condition-based,3-5,$2M-$10M,6896376,1,0,1,0,0,0,1,1,0,0,1,0,1,0,0,4,Regulatory concerns,0,1,0,0,1,0,1,0,Full cloud (SaaS),$3K-$8K,5622,Pay-per-insight,Head of Maintenance/CAMO,1-3 months,0,0,0,1,0,1,0,1,1,0,1,0,0,1,0,2,6,Airbus narrow (A320),LinkedIn/social media,3,4,3,3,2,0,0,0,0,0,1,0,0,Dissatisfied - poor support,4,0,0,0,0,1,1,0,0,3x in 12 months,Dispatch reliability %
UAE-0589,Budget_Regional_Operator,Exploring,Fleet/Maintenance Manager,Aircraft leasing,11-30,2-5 years,Dubai,Condition-based,1-2,$10M-$50M,32388074,1,0,1,0,1,1,1,0,0,1,0,0,0,0,0,2,High upfront cost,1,0,0,1,1,0,0,0,No preference,$1K-$3K,2013,Per-aircraft/year,IT/Digital lead,3-6 months,1,1,1,0,0,0,1,1,1,1,1,0,0,0,0,6,4,Business jet/helicopter,Email invite,1,2,4,4,2,0,0,1,0,0,0,0,0,Dissatisfied - hard to integrate,5,1,1,1,1,0,0,0,1,3x in 12 months,Unscheduled maintenance reduction
UAE-0590,Budget_Regional_Operator,Warm,MRO Engineer/Technician,Commercial airline (full-service),31-80,11-20 years,Other GCC,Scheduled/calendar,0,$10M-$50M,31326236,1,0,1,1,0,0,0,1,0,0,0,0,0,1,0,6,High upfront cost,1,0,0,0,0,0,1,0,Full cloud (SaaS),$1K-$3K,1270,Per-aircraft/year,Joint committee,1-3 months,1,1,1,0,0,1,0,1,0,0,1,0,1,1,0,3,6,Airbus narrow (A320),Industry event,3,5,4,2,3,0,0,0,0,0,1,0,0,Dissatisfied - poor accuracy,7,1,1,0,1,1,1,0,0,1.5x,Dispatch reliability %
UAE-0591,Budget_Regional_Operator,Warm,MRO Engineer/Technician,Charter/private aviation,1-10,11-20 years,Abu Dhabi,Scheduled/calendar,6-10,$500K-$2M,1270252,1,0,1,1,1,0,0,1,0,1,0,0,1,0,1,4,High upfront cost,1,0,0,0,1,1,0,0,Full cloud (SaaS),$1K-$3K,2344,Outcome-based,Joint committee,<1 month,0,0,0,0,0,1,1,1,0,0,1,0,0,1,1,5,5,Boeing narrow (B737),Email invite,3,4,5,3,3,0,1,0,0,0,0,0,0,Dissatisfied - poor accuracy,7,1,1,0,0,0,1,0,1,2x,Audit pass rate
UAE-0592,Budget_Regional_Operator,Not Interested,Fleet/Maintenance Manager,Commercial airline (full-service),1-10,6-10 years,Abu Dhabi,Scheduled/calendar,0,$500K-$2M,1023094,1,1,1,0,0,1,1,0,0,0,0,0,1,0,0,3,Regulatory concerns,1,0,1,1,0,0,0,0,No preference,<$1K,376,Per-aircraft/year,C-Suite,1-3 months,1,0,1,1,1,1,0,0,1,0,1,0,1,0,0,9,1,Regional/turboprop,LinkedIn/social media,4,4,3,4,4,0,1,0,0,0,0,0,0,Dissatisfied - poor accuracy,6,1,1,1,0,1,0,0,0,3x in 12 months,Component lifespan extension
UAE-0593,Budget_Regional_Operator,Warm,MRO Engineer/Technician,Low-cost carrier,31-80,6-10 years,Outside GCC,Reactive,1-2,$2M-$10M,5314570,1,0,0,1,0,1,0,1,0,0,0,0,0,1,0,4,Regulatory concerns,1,0,1,1,0,0,0,0,Full cloud (SaaS),$3K-$8K,5643,Per-aircraft/year,Joint committee,<1 month,1,1,1,1,1,0,1,0,1,1,1,0,0,0,0,3,8,Regional/turboprop,Email invite,3,2,4,3,3,0,0,0,0,0,0,0,1,Dissatisfied - poor accuracy,4,0,0,1,1,1,1,0,0,3x in 12 months,Unscheduled maintenance reduction
UAE-0594,Budget_Regional_Operator,Warm,Fleet/Maintenance Manager,Independent MRO,31-80,20+ years,Dubai,Scheduled/calendar,3-5,$2M-$10M,6726341,1,1,0,1,0,1,0,0,0,0,1,0,0,0,0,6,High upfront cost,0,1,1,1,0,0,0,0,Full cloud (SaaS),$3K-$8K,5780,Pay-per-insight,C-Suite,3-6 months,0,0,1,0,0,0,0,0,1,1,1,0,0,0,0,4,6,Regional/turboprop,Industry event,3,3,4,3,4,0,0,0,0,0,0,0,1,No platform,7,0,0,0,1,1,1,0,0,1.5x,Dispatch reliability %
UAE-0595,Budget_Regional_Operator,Not Interested,MRO Engineer/Technician,Independent MRO,31-80,6-10 years,Abu Dhabi,Scheduled/calendar,3-5,$10M-$50M,26914462,1,0,0,1,0,0,0,0,0,1,0,0,0,1,0,3,Lack data expertise,1,0,1,0,1,0,0,0,Full cloud (SaaS),>$20K,23207,Hardware lease + software,Head of Maintenance/CAMO,1-3 months,1,1,1,0,1,1,0,1,1,0,1,1,0,0,0,9,1,Boeing narrow (B737),Industry event,2,4,2,2,3,0,0,0,0,0,0,0,1,Dissatisfied - poor accuracy,5,0,0,1,0,0,0,0,0,Strategic value,Cost saved per aircraft/yr
UAE-0596,Budget_Regional_Operator,Warm,Fleet/Maintenance Manager,Charter/private aviation,11-30,11-20 years,Abu Dhabi,Reactive,3-5,$500K-$2M,1180752,1,0,0,0,1,0,0,1,0,1,0,0,1,0,0,3,Legacy integration,0,0,0,1,0,0,0,0,Hybrid,$3K-$8K,4690,Per-aircraft/year,Procurement/Finance,>12 months,1,1,0,0,0,0,0,1,1,0,0,1,1,0,0,5,7,Airbus narrow (A320),Industry event,3,4,4,2,3,0,0,0,0,0,0,0,1,Dissatisfied - poor support,3,1,1,0,0,0,0,0,0,3x in 12 months,Dispatch reliability %
UAE-0597,Budget_Regional_Operator,Exploring,C-Suite,Independent MRO,11-30,6-10 years,Sharjah/Northern Emirates,Scheduled/calendar,1-2,$500K-$2M,1229723,0,1,1,1,0,0,1,1,0,0,0,0,0,0,1,4,High upfront cost,1,1,0,0,0,1,0,0,No preference,<$1K,561,Per-aircraft/year,Joint committee,3-6 months,0,0,0,0,0,1,0,1,1,0,1,0,0,0,1,8,4,Regional/turboprop,LinkedIn/social media,4,3,5,3,3,0,0,0,0,1,0,0,0,Very satisfied,7,0,1,0,0,1,0,1,1,3x in 12 months,Cost saved per aircraft/yr
UAE-0598,Budget_Regional_Operator,Exploring,C-Suite,Charter/private aviation,31-80,<2 years,Dubai,Reactive,3-5,$10M-$50M,29129575,0,0,0,0,0,0,0,1,0,0,1,0,1,0,1,3,Legacy integration,1,0,0,1,1,0,0,0,Hybrid,$1K-$3K,2463,Hardware lease + software,Head of Maintenance/CAMO,6-12 months,1,1,1,0,1,0,1,1,0,0,1,0,0,1,0,6,2,Airbus narrow (A320),Industry event,4,3,4,4,3,0,0,0,1,0,1,0,0,Dissatisfied - poor accuracy,3,0,0,1,0,1,0,0,1,2x,Component lifespan extension
UAE-0599,Budget_Regional_Operator,Not Interested,IT/Digital Lead,Defence/government,11-30,11-20 years,Dubai,Reactive,6-10,$2M-$10M,6228363,1,0,1,1,1,1,0,0,0,0,0,0,1,0,1,1,High upfront cost,1,1,0,0,1,0,0,0,On-premise,$3K-$8K,5214,Per-aircraft/year,Joint committee,3-6 months,0,0,0,0,0,0,1,0,1,1,1,0,0,0,0,8,1,Airbus wide (A330/A350/A380),Email invite,2,5,4,4,3,1,0,0,0,0,0,0,0,Dissatisfied - poor accuracy,4,1,0,1,1,1,1,0,0,1.5x,Cost saved per aircraft/yr
UAE-0600,Budget_Regional_Operator,Exploring,Fleet/Maintenance Manager,Charter/private aviation,11-30,11-20 years,Dubai,Reactive,3-5,$2M-$10M,6242262,1,0,1,0,1,0,1,1,0,1,0,0,0,0,0,2,Cybersecurity,1,0,0,0,0,0,0,1,Full cloud (SaaS),$3K-$8K,4334,Per-aircraft/year,C-Suite,<1 month,0,0,0,0,0,1,0,1,1,0,1,1,0,0,0,8,3,Boeing narrow (B737),Aviation publication,2,4,3,2,2,1,1,1,0,0,0,1,0,Very satisfied,8,0,0,0,0,1,0,0,1,2x,AOG reduction %
UAE-0601,Budget_Regional_Operator,Not Interested,MRO Engineer/Technician,Charter/private aviation,11-30,6-10 years,Dubai,Predictive (some AI),3-5,$500K-$2M,1008222,1,1,1,1,0,0,0,0,1,0,0,0,0,0,0,2,High upfront cost,1,0,0,1,0,1,0,0,Hybrid,<$1K,582,Per-aircraft/year,Head of Maintenance/CAMO,3-6 months,0,0,1,1,0,1,0,1,1,0,1,1,0,0,0,8,1,Boeing narrow (B737),LinkedIn/social media,2,3,4,2,3,0,0,0,0,0,0,0,1,Dissatisfied - hard to integrate,6,0,0,1,0,1,1,0,0,2x,Cost saved per aircraft/yr
UAE-0602,Budget_Regional_Operator,Exploring,MRO Engineer/Technician,Charter/private aviation,1-10,20+ years,Abu Dhabi,Full predictive + digital twin,6-10,$500K-$2M,1430469,1,0,1,0,0,0,1,0,1,0,0,0,0,1,1,1,Lack data expertise,1,1,0,0,0,0,1,0,Full cloud (SaaS),$8K-$20K,19535,Hardware lease + software,Head of Maintenance/CAMO,3-6 months,0,1,1,0,0,0,0,1,1,1,1,0,0,0,0,7,4,Airbus narrow (A320),Industry event,4,5,3,3,1,0,0,0,1,0,0,0,0,Dissatisfied - poor accuracy,5,1,1,1,0,0,1,0,0,3x in 12 months,Dispatch reliability %
UAE-0603,Budget_Regional_Operator,Not Interested,MRO Engineer/Technician,Low-cost carrier,81-200,20+ years,Dubai,Scheduled/calendar,0,$2M-$10M,6328854,1,0,1,1,1,1,0,0,0,1,0,0,0,0,0,2,High upfront cost,0,0,0,0,0,1,0,0,Hybrid,$8K-$20K,12350,Per-aircraft/year,Joint committee,1-3 months,1,0,0,0,0,0,1,0,1,1,1,0,0,0,0,4,2,Boeing narrow (B737),Word of mouth,4,3,4,2,3,0,0,1,0,0,0,0,0,Dissatisfied - poor accuracy,4,0,0,0,1,1,1,0,0,5x+,Audit pass rate
UAE-0604,Budget_Regional_Operator,Exploring,MRO Engineer/Technician,Aircraft leasing,11-30,11-20 years,Dubai,Condition-based,6-10,$500K-$2M,1107046,1,0,1,1,0,0,0,1,0,0,0,0,0,1,0,1,Lack data expertise,1,0,0,0,0,0,1,0,No preference,$1K-$3K,1858,Pay-per-insight,Joint committee,1-3 months,1,1,0,1,1,1,1,0,0,1,0,1,0,0,0,7,2,Regional/turboprop,Industry event,3,3,3,3,3,0,0,0,0,1,0,0,0,Dissatisfied - hard to integrate,4,1,0,0,0,0,1,1,0,ROI not primary,Unscheduled maintenance reduction
UAE-0605,Budget_Regional_Operator,Exploring,MRO Engineer/Technician,Low-cost carrier,1-10,11-20 years,Dubai,Reactive,10+,<$500K,213313,1,1,0,1,1,0,0,0,0,0,0,0,0,1,0,4,No barriers,0,1,1,0,0,1,0,0,On-premise,>$20K,30786,Per-aircraft/year,Head of Maintenance/CAMO,1-3 months,0,1,1,1,0,0,1,0,1,0,1,1,0,0,0,5,5,Boeing narrow (B737),Email invite,3,4,4,2,3,0,0,0,1,1,0,1,0,Satisfied but expensive,4,1,0,0,1,1,0,0,0,2x,AOG reduction %
UAE-0606,Budget_Regional_Operator,Warm,C-Suite,Aircraft leasing,1-10,20+ years,Dubai,Scheduled/calendar,3-5,<$500K,318128,1,0,1,0,0,0,1,1,0,1,0,0,1,1,0,3,Cybersecurity,1,0,0,1,1,0,0,0,On-premise,$3K-$8K,7020,Pay-per-insight,Head of Maintenance/CAMO,1-3 months,1,1,0,0,0,0,1,0,0,1,1,1,0,0,0,4,6,Regional/turboprop,Industry event,3,3,4,1,2,0,0,0,0,0,1,0,1,Dissatisfied - poor accuracy,4,0,1,1,0,0,0,0,1,3x in 12 months,Cost saved per aircraft/yr
UAE-0607,Budget_Regional_Operator,Exploring,MRO Engineer/Technician,Aircraft leasing,11-30,6-10 years,Dubai,Condition-based,1-2,$10M-$50M,24359222,1,1,1,0,1,0,1,0,0,1,0,0,1,1,1,2,Legacy integration,0,1,0,1,1,0,0,0,Hybrid,$8K-$20K,14972,Hardware lease + software,Joint committee,3-6 months,0,0,1,1,0,1,0,0,0,0,0,1,1,1,0,7,4,Airbus narrow (A320),LinkedIn/social media,2,4,4,3,4,0,1,0,0,0,0,0,0,No platform,5,1,0,0,1,0,0,0,0,2x,AOG reduction %
UAE-0608,Budget_Regional_Operator,Exploring,Fleet/Maintenance Manager,Low-cost carrier,1-10,20+ years,Other GCC,Condition-based,3-5,<$500K,216353,0,1,1,1,1,0,0,1,1,0,0,0,0,0,0,2,High upfront cost,0,1,1,0,1,0,0,0,Full cloud (SaaS),$3K-$8K,4955,Fixed monthly SaaS,Procurement/Finance,1-3 months,1,1,0,1,0,1,1,1,0,0,1,1,1,0,0,6,4,Airbus narrow (A320),Industry event,3,3,4,3,3,0,0,0,0,0,0,1,0,No platform,4,1,0,1,0,0,1,1,1,5x+,Cost saved per aircraft/yr
UAE-0609,Budget_Regional_Operator,Warm,Fleet/Maintenance Manager,Charter/private aviation,31-80,2-5 years,Outside GCC,Reactive,3-5,$10M-$50M,22100529,0,1,0,1,1,0,1,1,0,0,0,0,0,0,1,4,Regulatory concerns,0,0,0,0,0,0,1,0,On-premise,$3K-$8K,5968,Per-aircraft/year,IT/Digital lead,<1 month,1,0,1,1,0,0,1,0,1,1,1,0,0,0,0,3,6,Boeing narrow (B737),Industry event,3,4,3,3,4,0,1,0,0,0,1,1,0,Dissatisfied - poor support,3,1,0,0,0,1,1,0,0,3x in 12 months,AOG reduction %
UAE-0610,Budget_Regional_Operator,Warm,Fleet/Maintenance Manager,Low-cost carrier,31-80,6-10 years,Dubai,Reactive,3-5,$10M-$50M,26292734,1,1,1,1,0,0,0,0,0,0,0,0,0,0,1,6,High upfront cost,0,1,0,1,0,0,0,1,No preference,$3K-$8K,5354,Fixed monthly SaaS,Head of Maintenance/CAMO,3-6 months,1,0,0,0,1,1,1,1,1,1,1,0,0,0,0,1,4,Airbus narrow (A320),Industry event,3,3,4,3,4,0,1,0,0,0,0,1,0,Dissatisfied - poor accuracy,5,1,1,1,0,0,0,1,0,3x in 12 months,Cost saved per aircraft/yr
UAE-0611,Budget_Regional_Operator,Hot,Director/VP Operations,Low-cost carrier,31-80,20+ years,Dubai,Reactive,3-5,$10M-$50M,34826438,1,0,1,1,1,0,0,1,0,1,0,0,0,1,0,7,Cybersecurity,1,0,1,1,0,0,0,0,Hybrid,$1K-$3K,2516,Pay-per-insight,IT/Digital lead,>12 months,1,1,1,1,1,0,0,0,0,0,0,1,0,1,0,3,5,Airbus narrow (A320),Word of mouth,3,4,4,4,4,0,1,0,0,0,0,0,0,Satisfied but expensive,6,1,0,0,0,0,0,0,0,3x in 12 months,Dispatch reliability %
UAE-0612,Budget_Regional_Operator,Warm,Director/VP Operations,Defence/government,11-30,2-5 years,Abu Dhabi,Scheduled/calendar,1-2,$500K-$2M,1453696,0,0,1,1,1,1,1,0,1,0,0,0,0,1,0,5,Legacy integration,1,0,0,1,1,0,0,0,Full cloud (SaaS),<$1K,275,Pay-per-insight,C-Suite,3-6 months,1,0,1,1,0,1,0,1,1,1,1,0,0,0,0,4,8,Boeing narrow (B737),Aviation publication,2,3,3,4,4,0,0,0,0,0,1,0,1,Dissatisfied - poor accuracy,4,1,0,1,0,0,0,0,1,5x+,Cost saved per aircraft/yr
UAE-0613,Budget_Regional_Operator,Not Interested,Director/VP Operations,Commercial airline (full-service),11-30,11-20 years,Abu Dhabi,Condition-based,6-10,$500K-$2M,1277618,0,0,1,0,1,0,0,1,0,0,0,0,0,1,0,1,High upfront cost,1,0,1,1,0,0,0,0,On-premise,$8K-$20K,15549,Hardware lease + software,Head of Maintenance/CAMO,3-6 months,0,1,1,0,0,1,1,1,0,0,0,1,1,1,0,8,3,Airbus narrow (A320),Word of mouth,3,5,3,2,3,0,0,0,1,0,0,0,0,No platform,3,0,0,0,1,0,1,1,1,1.5x,Cost saved per aircraft/yr
UAE-0614,Budget_Regional_Operator,Exploring,MRO Engineer/Technician,Independent MRO,1-10,6-10 years,Abu Dhabi,Predictive (some AI),3-5,<$500K,194032,1,0,0,0,1,0,0,0,1,0,0,0,0,1,1,1,Lack data expertise,1,1,0,1,0,0,0,0,On-premise,$8K-$20K,11676,Per-aircraft/year,Head of Maintenance/CAMO,1-3 months,0,0,0,1,1,0,0,0,1,1,1,0,0,0,0,5,5,Boeing narrow (B737),LinkedIn/social media,2,3,4,2,3,0,1,0,0,0,0,0,0,Dissatisfied - poor accuracy,6,0,0,0,1,0,0,0,0,2x,Component lifespan extension
UAE-0615,Budget_Regional_Operator,Exploring,Director/VP Operations,Commercial airline (full-service),11-30,11-20 years,Outside GCC,Scheduled/calendar,3-5,$500K-$2M,885956,1,1,1,1,1,0,1,1,0,0,1,0,0,0,0,1,Regulatory concerns,1,0,0,0,0,1,0,0,Hybrid,$8K-$20K,14872,Pay-per-insight,Head of Maintenance/CAMO,3-6 months,1,0,0,0,0,1,1,0,1,1,1,0,0,0,0,7,7,Airbus wide (A330/A350/A380),Email invite,3,4,4,3,4,1,0,0,0,0,1,1,0,Satisfied but expensive,2,0,0,0,0,0,1,0,0,2x,Unscheduled maintenance reduction
UAE-0616,Budget_Regional_Operator,Exploring,MRO Engineer/Technician,Low-cost carrier,81-200,20+ years,Abu Dhabi,Scheduled/calendar,1-2,$10M-$50M,31861273,1,1,0,1,0,0,0,1,0,0,0,0,0,1,0,5,High upfront cost,0,1,1,1,0,0,0,0,Hybrid,$3K-$8K,5779,Fixed monthly SaaS,C-Suite,3-6 months,1,0,1,1,0,0,1,0,1,1,1,0,0,0,0,8,3,Airbus narrow (A320),Aviation publication,3,4,2,2,2,0,0,0,0,0,1,1,0,Satisfied but expensive,6,0,1,0,0,0,1,0,0,1.5x,Component lifespan extension
UAE-0617,Budget_Regional_Operator,Warm,MRO Engineer/Technician,Low-cost carrier,1-10,2-5 years,Dubai,Reactive,3-5,<$500K,282705,1,0,0,0,0,1,1,0,0,0,0,0,0,0,1,5,High upfront cost,0,0,0,0,1,0,0,0,Full cloud (SaaS),$8K-$20K,16076,Fixed monthly SaaS,Joint committee,3-6 months,1,1,0,1,0,1,1,1,1,1,0,0,1,0,0,4,8,Airbus narrow (A320),Email invite,3,4,4,3,3,0,1,0,0,0,0,0,0,No platform,6,0,1,0,0,1,0,1,0,2x,Dispatch reliability %
UAE-0618,Budget_Regional_Operator,Not Interested,Fleet/Maintenance Manager,Charter/private aviation,11-30,20+ years,Abu Dhabi,Scheduled/calendar,3-5,$2M-$10M,4981065,1,1,1,1,1,0,1,0,1,1,0,0,1,1,1,1,Regulatory concerns,0,0,0,1,0,0,1,1,Hybrid,$3K-$8K,6180,Outcome-based,Joint committee,<1 month,0,0,1,0,1,1,0,0,0,1,1,0,0,1,0,7,1,Boeing narrow (B737),Word of mouth,3,3,3,3,3,0,0,0,0,0,1,1,0,No platform,7,0,0,0,0,0,1,0,0,3x in 12 months,AOG reduction %
UAE-0619,Budget_Regional_Operator,Warm,MRO Engineer/Technician,Commercial airline (full-service),31-80,11-20 years,Other GCC,Scheduled/calendar,10+,$2M-$10M,5746086,1,0,1,1,0,1,0,0,0,0,0,0,1,0,1,6,Regulatory concerns,1,1,0,1,0,0,0,0,Hybrid,$3K-$8K,4560,Per-aircraft/year,Joint committee,1-3 months,1,0,1,1,1,1,0,1,0,0,1,0,0,1,1,3,3,Airbus wide (A330/A350/A380),Industry event,4,3,4,2,3,0,0,1,0,0,1,0,0,Dissatisfied - poor accuracy,4,0,1,1,0,1,1,0,1,3x in 12 months,AOG reduction %
UAE-0620,Budget_Regional_Operator,Not Interested,Fleet/Maintenance Manager,Charter/private aviation,11-30,11-20 years,Dubai,Scheduled/calendar,6-10,$500K-$2M,1005346,0,0,1,1,0,0,0,0,0,0,0,1,0,0,0,3,Lack data expertise,0,1,0,0,1,0,0,0,Full cloud (SaaS),$8K-$20K,10387,Pay-per-insight,IT/Digital lead,6-12 months,0,1,0,0,0,1,0,1,1,1,0,1,0,0,0,6,1,Airbus narrow (A320),Email invite,2,4,2,2,3,1,0,0,0,1,0,0,0,Dissatisfied - poor support,4,0,0,1,1,1,0,0,0,3x in 12 months,AOG reduction %
UAE-0621,Budget_Regional_Operator,Exploring,MRO Engineer/Technician,Low-cost carrier,1-10,11-20 years,Other GCC,Scheduled/calendar,1-2,$2M-$10M,7792832,0,1,0,0,0,1,0,1,0,1,0,0,1,0,0,5,High upfront cost,1,0,0,1,0,0,1,0,Full cloud (SaaS),$8K-$20K,11812,Outcome-based,Head of Maintenance/CAMO,1-3 months,0,0,0,0,0,0,1,1,0,0,1,0,1,1,0,7,5,Boeing narrow (B737),Industry event,2,2,4,3,3,1,1,0,1,1,0,0,0,Dissatisfied - poor support,6,1,1,0,1,1,1,0,0,Strategic value,AOG reduction %
UAE-0622,Budget_Regional_Operator,Exploring,MRO Engineer/Technician,Defence/government,11-30,11-20 years,Sharjah/Northern Emirates,Reactive,3-5,$10M-$50M,26621716,0,1,0,1,0,0,1,0,0,0,0,0,1,1,1,1,Lack data expertise,1,1,0,1,0,0,0,0,On-premise,$3K-$8K,5607,Per-aircraft/year,C-Suite,1-3 months,1,0,1,1,1,1,1,1,1,0,1,0,0,0,1,7,2,Regional/turboprop,Industry event,3,2,3,3,3,0,0,0,0,0,1,0,0,No platform,4,1,0,0,0,1,0,0,1,3x in 12 months,AOG reduction %
UAE-0623,Budget_Regional_Operator,Warm,Fleet/Maintenance Manager,Commercial airline (full-service),1-10,11-20 years,Sharjah/Northern Emirates,Condition-based,3-5,$500K-$2M,1600826,0,0,1,1,0,1,0,1,1,1,0,0,1,0,0,4,High upfront cost,1,0,0,1,0,1,0,0,Full cloud (SaaS),$3K-$8K,7916,Pay-per-insight,Head of Maintenance/CAMO,1-3 months,1,0,0,1,0,1,0,1,0,0,1,0,1,0,0,5,6,Boeing narrow (B737),LinkedIn/social media,3,5,3,2,2,0,0,0,0,0,1,1,0,Satisfied but expensive,5,1,0,1,0,0,1,0,0,3x in 12 months,AOG reduction %
UAE-0624,Budget_Regional_Operator,Exploring,Fleet/Maintenance Manager,Independent MRO,11-30,20+ years,Sharjah/Northern Emirates,Scheduled/calendar,10+,$500K-$2M,926417,1,1,1,0,1,0,0,0,0,1,0,0,0,1,0,2,Lack data expertise,1,0,1,1,0,0,0,0,Full cloud (SaaS),>$20K,36535,Pay-per-insight,Head of Maintenance/CAMO,<1 month,1,1,1,1,0,0,0,1,0,1,1,0,1,0,0,6,4,Regional/turboprop,Email invite,2,4,3,4,4,0,0,0,0,0,0,1,0,Dissatisfied - hard to integrate,5,1,0,0,1,0,1,1,0,3x in 12 months,Dispatch reliability %
UAE-0625,Budget_Regional_Operator,Exploring,Procurement/Finance,Low-cost carrier,1-10,6-10 years,Abu Dhabi,Condition-based,3-5,<$500K,249568,1,1,1,1,0,0,0,0,0,0,0,0,0,1,0,4,Legacy integration,1,0,1,1,0,0,0,0,No preference,$8K-$20K,16758,Per-aircraft/year,IT/Digital lead,3-6 months,1,0,1,0,0,1,1,0,1,0,1,1,0,0,0,5,3,Airbus narrow (A320),Industry event,2,4,4,2,3,0,0,0,0,0,0,0,1,Dissatisfied - poor support,3,1,0,0,1,0,1,0,1,2x,Cost saved per aircraft/yr
UAE-0626,Budget_Regional_Operator,Warm,Director/VP Operations,Low-cost carrier,11-30,11-20 years,Abu Dhabi,Scheduled/calendar,6-10,$10M-$50M,25955400,1,0,1,0,0,0,1,1,0,1,0,0,0,1,0,5,Regulatory concerns,1,0,0,0,0,0,0,1,Full cloud (SaaS),$3K-$8K,4773,Fixed monthly SaaS,Head of Maintenance/CAMO,3-6 months,0,0,0,0,0,1,1,1,1,0,1,1,0,0,0,4,4,Airbus narrow (A320),Email invite,3,3,3,3,3,1,0,0,0,0,0,0,0,Dissatisfied - hard to integrate,4,1,0,1,1,1,1,0,0,Strategic value,Cost saved per aircraft/yr
UAE-0627,Budget_Regional_Operator,Warm,IT/Digital Lead,Independent MRO,31-80,20+ years,Outside GCC,Reactive,0,$2M-$10M,4671363,0,0,1,1,1,0,0,0,0,0,0,0,1,1,0,7,Regulatory concerns,1,1,0,0,1,0,0,0,Full cloud (SaaS),$3K-$8K,4873,Pay-per-insight,IT/Digital lead,>12 months,1,0,1,1,0,0,0,1,0,1,0,0,0,1,1,4,7,Airbus narrow (A320),LinkedIn/social media,5,3,4,2,3,0,0,0,0,0,1,0,0,Satisfied but expensive,4,1,1,1,1,0,0,0,0,2x,AOG reduction %
UAE-0628,Budget_Regional_Operator,Exploring,IT/Digital Lead,Charter/private aviation,81-200,2-5 years,Dubai,Predictive (some AI),1-2,$10M-$50M,24934552,0,0,1,0,1,1,0,0,0,0,0,0,0,1,0,2,High upfront cost,1,1,0,0,1,0,0,0,No preference,$8K-$20K,10284,Per-aircraft/year,IT/Digital lead,<1 month,1,0,1,1,0,1,1,0,0,0,1,1,0,1,0,7,4,Airbus narrow (A320),Industry event,3,3,4,3,2,1,0,1,0,0,0,0,0,Dissatisfied - hard to integrate,4,0,0,0,0,0,1,0,0,5x+,Cost saved per aircraft/yr
UAE-0629,Budget_Regional_Operator,Exploring,Fleet/Maintenance Manager,Commercial airline (full-service),11-30,20+ years,Other GCC,Reactive,3-5,<$500K,217764,1,1,0,1,1,0,1,0,0,1,0,0,0,1,0,1,High upfront cost,1,1,0,0,0,0,0,1,No preference,$3K-$8K,3411,Per-aircraft/year,Joint committee,3-6 months,1,0,0,1,0,0,1,1,1,0,0,1,0,1,0,8,3,Regional/turboprop,Email invite,4,4,3,2,5,1,0,0,0,0,0,0,0,Satisfied but expensive,8,1,0,0,0,0,0,0,0,5x+,Component lifespan extension
UAE-0630,Budget_Regional_Operator,Exploring,MRO Engineer/Technician,Independent MRO,31-80,6-10 years,Other GCC,Scheduled/calendar,10+,$2M-$10M,5971633,1,1,1,1,1,0,0,0,1,0,0,0,0,0,0,3,High upfront cost,1,1,0,1,0,0,0,0,Full cloud (SaaS),$8K-$20K,12410,Per-aircraft/year,IT/Digital lead,1-3 months,1,1,1,0,0,0,1,0,1,0,0,1,0,1,0,7,3,Boeing narrow (B737),Email invite,1,3,4,2,3,0,0,0,1,0,0,0,0,Dissatisfied - hard to integrate,3,0,0,1,0,0,0,0,1,5x+,Cost saved per aircraft/yr
UAE-0631,Budget_Regional_Operator,Warm,Fleet/Maintenance Manager,Low-cost carrier,11-30,6-10 years,Outside GCC,Predictive (some AI),3-5,<$500K,220661,1,0,1,0,0,0,0,0,0,0,1,0,0,1,0,6,Lack data expertise,0,0,0,1,0,0,1,0,On-premise,$1K-$3K,2089,Per-aircraft/year,IT/Digital lead,3-6 months,1,1,1,1,0,1,1,1,0,0,1,0,0,1,0,4,7,Boeing narrow (B737),Industry event,3,5,3,2,2,0,0,0,1,0,1,1,0,Dissatisfied - poor support,4,1,0,0,1,0,1,0,0,2x,Dispatch reliability %
UAE-0632,Budget_Regional_Operator,Warm,Fleet/Maintenance Manager,Low-cost carrier,1-10,11-20 years,Sharjah/Northern Emirates,Reactive,6-10,$500K-$2M,1430894,1,0,1,0,0,0,0,0,0,0,0,0,1,0,0,6,Lack data expertise,1,0,0,0,1,0,0,1,Full cloud (SaaS),$3K-$8K,6450,Per-aircraft/year,Joint committee,<1 month,1,0,0,0,0,1,1,0,1,0,1,0,0,1,0,2,7,Airbus narrow (A320),LinkedIn/social media,2,4,4,3,2,1,0,0,0,0,1,1,1,Very satisfied,7,1,1,0,1,1,0,0,0,1.5x,AOG reduction %
UAE-0633,Budget_Regional_Operator,Exploring,MRO Engineer/Technician,Aircraft leasing,1-10,20+ years,Abu Dhabi,Reactive,1-2,<$500K,195063,1,0,1,1,0,0,0,0,1,0,0,0,1,0,0,1,Lack data expertise,0,0,0,1,0,1,1,0,Hybrid,$1K-$3K,1640,Pay-per-insight,C-Suite,1-3 months,1,0,0,0,1,1,0,0,1,1,1,0,0,0,0,3,4,Airbus narrow (A320),Industry event,4,5,4,4,3,0,1,0,0,0,1,0,0,Dissatisfied - hard to integrate,6,0,1,0,1,0,0,1,1,Strategic value,AOG reduction %
UAE-0634,Budget_Regional_Operator,Warm,Fleet/Maintenance Manager,Low-cost carrier,11-30,11-20 years,Dubai,Condition-based,1-2,<$500K,237169,1,1,1,0,1,1,0,1,0,0,0,0,0,1,0,5,Lack data expertise,1,0,0,1,0,1,0,0,Hybrid,$1K-$3K,2193,Per-aircraft/year,Head of Maintenance/CAMO,3-6 months,1,1,0,0,0,0,0,1,0,1,0,1,0,1,0,4,6,Airbus narrow (A320),Aviation publication,3,4,3,3,4,0,0,0,0,0,1,0,0,Dissatisfied - poor accuracy,7,0,1,0,0,0,1,0,0,5x+,AOG reduction %
UAE-0635,Budget_Regional_Operator,Exploring,Fleet/Maintenance Manager,Independent MRO,31-80,2-5 years,Other GCC,Reactive,3-5,$2M-$10M,7214261,0,1,0,0,1,0,0,0,0,0,0,0,0,1,0,2,Regulatory concerns,1,1,0,1,0,0,0,0,No preference,$1K-$3K,2115,Outcome-based,C-Suite,>12 months,1,1,0,1,0,1,1,0,0,0,1,0,0,0,0,8,6,Boeing narrow (B737),LinkedIn/social media,1,3,5,3,3,0,1,1,0,0,0,0,1,Satisfied but expensive,3,0,0,1,0,0,0,0,1,Strategic value,Unscheduled maintenance reduction
UAE-0636,Budget_Regional_Operator,Warm,MRO Engineer/Technician,Charter/private aviation,11-30,11-20 years,Other GCC,Scheduled/calendar,1-2,$2M-$10M,5500484,1,1,1,1,0,0,1,0,0,0,0,0,1,0,0,3,Regulatory concerns,0,1,0,1,1,0,0,0,Full cloud (SaaS),$1K-$3K,2752,Per-aircraft/year,Head of Maintenance/CAMO,<1 month,1,1,0,0,0,0,1,0,0,0,0,1,0,1,1,4,6,Airbus wide (A330/A350/A380),Industry event,3,3,3,3,3,0,0,1,0,1,1,0,0,Dissatisfied - hard to integrate,5,0,0,0,1,1,0,1,0,2x,Dispatch reliability %
UAE-0637,Budget_Regional_Operator,Hot,Fleet/Maintenance Manager,Defence/government,1-10,6-10 years,Dubai,Predictive (some AI),3-5,<$500K,278838,0,1,0,1,1,0,0,0,0,0,0,0,1,0,0,4,Legacy integration,1,0,1,1,0,0,0,0,Hybrid,$3K-$8K,5494,Pay-per-insight,Joint committee,1-3 months,1,0,1,0,1,0,1,1,1,1,1,0,0,0,0,3,9,Boeing narrow (B737),Email invite,5,5,5,5,5,0,0,0,1,0,0,0,0,Satisfied but expensive,7,0,0,0,1,0,0,0,0,1.5x,Dispatch reliability %
UAE-0638,Budget_Regional_Operator,Exploring,MRO Engineer/Technician,Low-cost carrier,11-30,2-5 years,Dubai,Condition-based,6-10,$500K-$2M,1503772,1,1,0,0,1,1,1,1,0,0,0,0,0,0,1,4,Lack data expertise,1,1,1,0,0,0,0,0,Full cloud (SaaS),$1K-$3K,2519,Per-aircraft/year,Head of Maintenance/CAMO,1-3 months,1,0,1,0,0,0,0,1,0,0,1,1,1,0,0,6,4,Boeing narrow (B737),Email invite,3,4,4,3,3,0,1,0,0,0,0,0,0,Satisfied but expensive,4,1,1,0,0,0,1,0,0,3x in 12 months,AOG reduction %
UAE-0639,Budget_Regional_Operator,Exploring,Fleet/Maintenance Manager,Low-cost carrier,11-30,6-10 years,Abu Dhabi,Reactive,3-5,$500K-$2M,1491961,0,0,1,1,0,1,0,1,0,1,0,0,1,0,0,2,Lack data expertise,0,1,1,0,1,0,0,0,Full cloud (SaaS),<$1K,684,Per-aircraft/year,Joint committee,<1 month,1,0,0,1,0,0,1,1,1,1,1,0,0,0,0,4,3,Airbus wide (A330/A350/A380),LinkedIn/social media,3,4,4,3,2,0,0,0,0,0,0,1,0,Dissatisfied - hard to integrate,3,0,0,0,0,1,1,0,0,3x in 12 months,Component lifespan extension
UAE-0640,Budget_Regional_Operator,Warm,Fleet/Maintenance Manager,Aircraft leasing,1-10,20+ years,Other GCC,Condition-based,6-10,$500K-$2M,1310469,0,1,1,1,0,0,1,0,0,0,1,0,0,0,0,3,Legacy integration,1,1,0,0,1,0,0,0,No preference,$8K-$20K,12659,Pay-per-insight,C-Suite,6-12 months,0,0,0,1,0,1,0,0,1,0,1,1,0,0,0,5,5,Boeing narrow (B737),LinkedIn/social media,4,4,3,2,1,0,0,0,0,0,1,0,0,Very satisfied,4,1,1,0,1,0,1,0,1,ROI not primary,AOG reduction %
UAE-0641,Budget_Regional_Operator,Warm,Director/VP Operations,Charter/private aviation,1-10,2-5 years,Dubai,Scheduled/calendar,6-10,$500K-$2M,1393697,0,0,1,0,1,0,1,0,0,0,0,0,1,0,0,4,Lack data expertise,1,0,0,1,1,0,0,0,On-premise,$3K-$8K,5956,Per-aircraft/year,Joint committee,>12 months,1,0,0,1,0,1,1,0,0,0,1,1,1,0,0,2,7,Boeing narrow (B737),Word of mouth,2,4,4,2,2,0,0,0,0,0,0,0,1,No platform,6,0,1,0,0,0,1,1,1,2x,AOG reduction %
UAE-0642,Budget_Regional_Operator,Warm,Fleet/Maintenance Manager,Low-cost carrier,1-10,2-5 years,Sharjah/Northern Emirates,Predictive (some AI),1-2,<$500K,264962,1,1,1,1,0,0,0,0,0,1,0,0,0,1,0,6,Lack data expertise,1,0,0,1,0,0,1,0,No preference,$8K-$20K,14818,Per-aircraft/year,Joint committee,6-12 months,1,1,0,1,0,1,1,0,1,1,1,0,0,0,0,5,4,Boeing narrow (B737),LinkedIn/social media,3,3,5,3,4,0,0,0,0,0,1,0,0,Dissatisfied - poor support,6,0,0,0,1,0,1,0,0,ROI not primary,AOG reduction %
UAE-0643,Budget_Regional_Operator,Exploring,Procurement/Finance,Charter/private aviation,11-30,20+ years,Dubai,Condition-based,10+,$2M-$10M,5359827,0,0,0,0,0,1,0,1,0,1,0,0,0,0,0,2,Lack data expertise,0,0,0,1,0,1,1,0,No preference,$1K-$3K,2085,Pay-per-insight,Head of Maintenance/CAMO,3-6 months,1,0,1,0,1,0,1,0,1,1,1,0,0,0,0,5,4,Regional/turboprop,Industry event,3,5,2,4,2,0,0,1,0,0,0,0,0,Dissatisfied - hard to integrate,3,0,0,0,1,0,1,1,0,1.5x,Component lifespan extension
UAE-0644,Budget_Regional_Operator,Exploring,MRO Engineer/Technician,Commercial airline (full-service),31-80,2-5 years,Dubai,Condition-based,10+,$10M-$50M,35309739,1,0,1,1,0,0,0,0,0,1,0,0,0,0,0,3,No barriers,0,0,0,1,1,0,0,1,Hybrid,>$20K,34322,Hardware lease + software,Joint committee,1-3 months,1,0,1,1,0,0,0,1,1,0,1,1,0,0,0,7,7,Boeing wide (B777/B787),Industry event,3,3,4,4,2,0,0,0,0,0,0,1,0,Dissatisfied - poor accuracy,4,1,1,0,0,1,1,0,0,3x in 12 months,Cost saved per aircraft/yr
UAE-0645,Budget_Regional_Operator,Warm,Director/VP Operations,Independent MRO,11-30,11-20 years,Abu Dhabi,Reactive,1-2,$500K-$2M,1192069,0,1,1,0,0,1,0,0,0,0,0,0,1,0,1,2,No barriers,1,0,0,0,1,0,1,0,Full cloud (SaaS),$3K-$8K,5636,Fixed monthly SaaS,Head of Maintenance/CAMO,1-3 months,0,0,0,1,1,0,1,1,0,1,0,0,0,0,1,2,6,Airbus narrow (A320),Industry event,3,3,5,2,4,0,0,0,0,0,1,1,0,Dissatisfied - hard to integrate,6,1,0,0,0,1,0,1,0,1.5x,Cost saved per aircraft/yr
UAE-0646,Budget_Regional_Operator,Warm,MRO Engineer/Technician,Aircraft leasing,31-80,6-10 years,Dubai,Reactive,3-5,$2M-$10M,4455570,0,1,1,1,0,0,0,1,0,0,0,0,1,0,0,8,Cybersecurity,1,0,1,0,0,0,1,0,On-premise,$3K-$8K,5436,Outcome-based,C-Suite,<1 month,1,0,0,0,0,1,1,0,1,0,0,0,1,1,0,3,4,Regional/turboprop,Email invite,3,3,4,3,3,0,0,0,0,0,0,1,0,Satisfied but expensive,4,0,0,0,0,0,1,0,0,3x in 12 months,Dispatch reliability %
UAE-0647,Budget_Regional_Operator,Hot,C-Suite,Low-cost carrier,11-30,11-20 years,Other GCC,Scheduled/calendar,3-5,$2M-$10M,4258532,1,1,1,1,0,1,0,0,0,1,0,0,1,0,0,5,Lack data expertise,0,1,0,0,1,1,0,0,Hybrid,$3K-$8K,3156,Per-aircraft/year,Joint committee,<1 month,1,1,0,1,0,1,1,1,1,0,1,1,0,0,0,3,7,Boeing narrow (B737),Word of mouth,3,4,3,4,3,0,0,0,0,0,1,0,0,Dissatisfied - poor accuracy,8,1,0,1,0,0,1,1,1,2x,Cost saved per aircraft/yr
UAE-0648,Budget_Regional_Operator,Exploring,Fleet/Maintenance Manager,Independent MRO,1-10,11-20 years,Sharjah/Northern Emirates,Scheduled/calendar,3-5,<$500K,236306,1,1,0,0,0,0,0,1,0,0,0,0,0,1,0,1,Lack data expertise,1,0,0,1,1,0,0,0,Full cloud (SaaS),>$20K,31463,Per-aircraft/year,Procurement/Finance,1-3 months,1,0,0,0,0,1,0,0,0,1,1,0,1,0,0,5,3,Regional/turboprop,Industry event,2,3,5,1,3,0,0,0,0,0,0,0,1,Dissatisfied - poor accuracy,6,1,0,0,0,1,1,1,0,3x in 12 months,Audit pass rate
UAE-0649,Budget_Regional_Operator,Exploring,Fleet/Maintenance Manager,Low-cost carrier,11-30,11-20 years,Sharjah/Northern Emirates,Scheduled/calendar,3-5,<$500K,257254,1,1,1,1,0,0,0,0,0,0,0,0,0,1,0,4,Lack data expertise,1,1,1,0,0,0,0,0,On-premise,$8K-$20K,13812,Fixed monthly SaaS,IT/Digital lead,1-3 months,1,1,0,1,0,1,1,1,1,1,1,0,0,0,0,6,5,Airbus narrow (A320),LinkedIn/social media,3,3,4,2,3,1,0,0,0,0,0,0,0,Dissatisfied - poor support,4,1,0,0,0,1,0,0,1,3x in 12 months,AOG reduction %
UAE-0650,Budget_Regional_Operator,Exploring,Procurement/Finance,Charter/private aviation,81-200,2-5 years,Dubai,Reactive,3-5,$10M-$50M,36088811,1,0,1,1,0,0,1,0,0,0,0,0,1,0,0,1,Lack data expertise,1,1,0,0,1,0,0,0,Full cloud (SaaS),>$20K,29993,Fixed monthly SaaS,Head of Maintenance/CAMO,<1 month,0,0,0,1,0,0,0,1,0,1,1,0,0,0,1,6,2,Airbus narrow (A320),Email invite,3,4,4,1,4,0,0,1,0,0,0,1,0,Very satisfied,4,1,1,1,0,0,0,1,0,3x in 12 months,Component lifespan extension
UAE-0651,Budget_Regional_Operator,Not Interested,Director/VP Operations,Charter/private aviation,31-80,20+ years,Other GCC,Scheduled/calendar,1-2,$2M-$10M,6617910,1,1,1,0,0,0,1,1,0,0,0,0,0,1,0,3,Lack data expertise,1,0,0,0,0,1,1,0,On-premise,$3K-$8K,4632,Per-aircraft/year,C-Suite,3-6 months,0,1,0,0,1,1,0,1,0,0,1,1,1,0,0,8,1,Boeing wide (B777/B787),LinkedIn/social media,1,4,3,2,3,0,1,0,0,0,0,0,0,No platform,5,1,0,0,1,0,1,0,0,1.5x,Cost saved per aircraft/yr
UAE-0652,Budget_Regional_Operator,Warm,IT/Digital Lead,Low-cost carrier,1-10,2-5 years,Dubai,Condition-based,0,$500K-$2M,1239261,1,0,1,1,1,0,1,0,0,1,0,0,0,0,0,5,Lack data expertise,1,1,0,0,1,0,0,0,On-premise,<$1K,379,Per-aircraft/year,C-Suite,<1 month,0,0,0,1,1,0,1,0,0,1,0,1,0,0,0,3,6,Airbus narrow (A320),Industry event,4,3,5,3,3,0,0,0,0,1,0,0,0,Dissatisfied - hard to integrate,5,0,0,0,0,1,1,0,1,5x+,Cost saved per aircraft/yr
UAE-0653,Budget_Regional_Operator,Not Interested,Fleet/Maintenance Manager,Aircraft leasing,11-30,6-10 years,Abu Dhabi,Condition-based,6-10,<$500K,243684,1,0,1,0,0,0,0,0,1,1,1,0,0,0,0,3,Legacy integration,1,1,0,1,0,0,0,0,Hybrid,>$20K,34928,Fixed monthly SaaS,Head of Maintenance/CAMO,1-3 months,1,0,0,0,0,1,0,0,1,1,0,1,0,0,0,8,3,Airbus narrow (A320),LinkedIn/social media,2,3,3,3,3,1,0,0,0,0,1,0,0,No platform,6,1,0,1,0,1,0,1,0,Strategic value,Cost saved per aircraft/yr
UAE-0654,Budget_Regional_Operator,Warm,IT/Digital Lead,Independent MRO,11-30,6-10 years,Other GCC,Condition-based,0,<$500K,215087,1,1,1,0,0,1,0,0,1,0,0,0,0,0,0,5,High upfront cost,1,0,0,0,1,0,0,0,Full cloud (SaaS),$1K-$3K,2247,Per-aircraft/year,C-Suite,3-6 months,1,1,0,1,0,1,1,0,0,1,1,1,0,0,0,1,9,Boeing wide (B777/B787),Word of mouth,3,2,4,3,3,0,1,0,0,0,0,0,0,Satisfied but expensive,6,1,0,1,0,0,0,1,0,Strategic value,Cost saved per aircraft/yr
UAE-0655,Budget_Regional_Operator,Warm,Director/VP Operations,Low-cost carrier,11-30,6-10 years,Other GCC,Scheduled/calendar,1-2,$500K-$2M,1390145,1,0,0,0,1,0,1,1,0,1,0,0,0,0,1,5,Lack data expertise,1,1,0,0,0,0,0,1,Hybrid,$3K-$8K,5945,Fixed monthly SaaS,Procurement/Finance,<1 month,0,0,0,0,0,0,0,1,0,0,1,0,0,0,0,4,8,Airbus narrow (A320),Industry event,2,4,4,3,2,0,0,1,0,0,0,0,0,Dissatisfied - poor accuracy,2,1,0,0,1,0,1,0,1,2x,Cost saved per aircraft/yr
UAE-0656,Budget_Regional_Operator,Exploring,MRO Engineer/Technician,Low-cost carrier,1-10,20+ years,Dubai,Reactive,10+,$500K-$2M,1279404,1,1,1,1,0,0,0,1,0,0,0,0,0,0,1,10,Lack data expertise,0,0,1,0,1,1,0,0,Full cloud (SaaS),>$20K,36947,Outcome-based,Head of Maintenance/CAMO,1-3 months,1,0,0,1,0,1,1,0,1,1,1,0,0,0,0,4,6,Airbus narrow (A320),Industry event,4,3,3,3,3,0,0,0,0,0,1,0,0,No platform,6,1,1,0,1,1,0,0,0,3x in 12 months,AOG reduction %
UAE-0657,Budget_Regional_Operator,Exploring,IT/Digital Lead,Low-cost carrier,11-30,11-20 years,Other GCC,Condition-based,10+,$2M-$10M,5467744,1,0,1,0,0,0,0,1,1,1,1,0,1,0,1,4,Regulatory concerns,1,1,0,1,0,0,0,0,Hybrid,$3K-$8K,4396,Outcome-based,C-Suite,1-3 months,1,0,0,1,0,1,0,1,1,0,1,1,0,0,0,3,5,Boeing wide (B777/B787),Word of mouth,1,3,5,3,2,0,0,1,0,0,0,0,0,No platform,5,0,0,1,0,1,0,0,1,1.5x,Cost saved per aircraft/yr
UAE-0658,Budget_Regional_Operator,Hot,MRO Engineer/Technician,Low-cost carrier,31-80,2-5 years,Dubai,Reactive,1-2,$2M-$10M,5954279,1,1,0,1,0,0,0,0,0,0,0,0,0,1,0,5,High upfront cost,0,1,1,1,0,0,0,0,Full cloud (SaaS),$3K-$8K,6155,Per-aircraft/year,Joint committee,1-3 months,1,1,0,1,0,0,1,1,1,0,1,0,0,1,0,1,10,Airbus narrow (A320),LinkedIn/social media,3,4,3,4,3,0,0,0,1,0,0,0,0,Dissatisfied - poor accuracy,5,1,1,0,1,1,1,1,0,3x in 12 months,Cost saved per aircraft/yr
UAE-0659,Budget_Regional_Operator,Warm,MRO Engineer/Technician,Independent MRO,31-80,2-5 years,Dubai,Condition-based,1-2,$10M-$50M,25801022,1,0,1,0,1,0,0,1,0,0,0,0,1,1,0,4,High upfront cost,0,0,0,0,1,0,1,0,Hybrid,$1K-$3K,2247,Per-aircraft/year,Joint committee,<1 month,0,0,0,0,0,0,1,0,1,0,1,1,0,0,0,4,5,Regional/turboprop,LinkedIn/social media,2,4,3,3,3,1,1,0,0,0,0,0,1,Very satisfied,2,0,0,1,1,0,0,1,0,Strategic value,Cost saved per aircraft/yr
UAE-0660,Budget_Regional_Operator,Warm,MRO Engineer/Technician,Charter/private aviation,31-80,2-5 years,Dubai,Scheduled/calendar,3-5,$2M-$10M,4675986,1,1,0,1,0,0,0,0,0,0,0,0,0,1,1,5,Lack data expertise,1,0,0,1,1,0,0,0,Full cloud (SaaS),$8K-$20K,12142,Hardware lease + software,IT/Digital lead,1-3 months,1,0,1,1,0,1,0,1,1,1,1,0,0,0,0,6,7,Airbus narrow (A320),Industry event,2,2,2,2,2,0,0,0,0,0,0,1,0,Dissatisfied - hard to integrate,9,1,0,1,0,1,0,0,0,Strategic value,Cost saved per aircraft/yr
UAE-0661,Budget_Regional_Operator,Exploring,MRO Engineer/Technician,Low-cost carrier,1-10,11-20 years,Sharjah/Northern Emirates,Predictive (some AI),3-5,<$500K,324386,0,0,1,1,1,0,1,0,1,1,1,0,0,0,0,2,Lack data expertise,1,0,0,1,1,0,0,0,Hybrid,$3K-$8K,5882,Per-aircraft/year,Head of Maintenance/CAMO,1-3 months,0,0,0,0,0,1,1,0,1,0,1,0,0,1,0,8,4,Regional/turboprop,LinkedIn/social media,2,4,4,3,2,0,0,0,0,0,1,0,0,Very satisfied,2,1,1,1,0,1,1,0,0,3x in 12 months,Audit pass rate
UAE-0662,Budget_Regional_Operator,Exploring,Fleet/Maintenance Manager,Charter/private aviation,11-30,20+ years,Other GCC,Scheduled/calendar,1-2,$500K-$2M,1294276,1,0,0,1,1,1,0,0,0,0,0,0,0,0,1,3,High upfront cost,1,0,0,0,0,0,1,1,No preference,$3K-$8K,5276,Per-aircraft/year,Head of Maintenance/CAMO,<1 month,1,0,0,0,0,1,1,0,1,1,1,0,0,0,0,8,3,Airbus narrow (A320),Word of mouth,2,3,4,3,2,0,0,0,0,0,0,0,1,Dissatisfied - poor accuracy,7,1,0,1,1,0,1,0,0,3x in 12 months,Unscheduled maintenance reduction
UAE-0663,Budget_Regional_Operator,Exploring,Fleet/Maintenance Manager,Charter/private aviation,31-80,2-5 years,Other GCC,Predictive (some AI),3-5,$10M-$50M,38851126,1,1,0,1,1,0,0,1,0,0,0,0,0,0,1,2,Regulatory concerns,0,0,1,1,1,0,0,0,Full cloud (SaaS),<$1K,612,Per-aircraft/year,IT/Digital lead,1-3 months,1,1,0,0,0,0,1,1,1,0,1,1,0,0,0,4,5,Airbus narrow (A320),LinkedIn/social media,4,4,4,1,3,1,0,0,0,1,1,0,0,Dissatisfied - poor accuracy,4,0,0,0,1,0,1,0,1,1.5x,AOG reduction %
UAE-0664,Budget_Regional_Operator,Warm,MRO Engineer/Technician,Low-cost carrier,11-30,20+ years,Dubai,Reactive,3-5,$500K-$2M,1066577,1,0,1,0,0,0,0,0,0,0,0,0,0,1,0,5,Regulatory concerns,1,1,0,1,0,0,0,0,Full cloud (SaaS),$1K-$3K,1849,Hardware lease + software,C-Suite,<1 month,1,1,1,0,0,0,0,0,1,0,1,1,0,0,0,3,5,Business jet/helicopter,LinkedIn/social media,2,4,3,2,3,1,0,0,0,0,1,0,1,Satisfied but expensive,6,0,0,0,1,1,1,0,0,1.5x,Component lifespan extension
UAE-0665,Budget_Regional_Operator,Not Interested,MRO Engineer/Technician,Low-cost carrier,1-10,11-20 years,Outside GCC,Condition-based,3-5,<$500K,267109,0,0,1,0,0,1,0,0,1,0,0,0,0,0,0,1,High upfront cost,1,1,0,0,0,0,1,0,Full cloud (SaaS),$3K-$8K,6511,Outcome-based,Head of Maintenance/CAMO,1-3 months,0,1,0,0,1,1,0,0,0,0,0,0,0,1,0,10,1,Airbus wide (A330/A350/A380),Email invite,2,3,3,3,2,1,0,1,0,0,1,0,1,Dissatisfied - poor support,3,1,0,0,0,0,1,0,0,3x in 12 months,Cost saved per aircraft/yr
UAE-0666,Budget_Regional_Operator,Exploring,Fleet/Maintenance Manager,Low-cost carrier,1-10,11-20 years,Abu Dhabi,Condition-based,0,$500K-$2M,1538599,0,0,1,1,0,0,0,1,1,0,0,0,0,0,0,1,Lack data expertise,1,0,0,1,0,0,0,0,No preference,$3K-$8K,6730,Fixed monthly SaaS,C-Suite,1-3 months,1,0,1,1,0,0,1,0,1,0,1,0,0,1,0,7,2,Boeing narrow (B737),LinkedIn/social media,3,3,3,3,3,1,0,0,0,0,0,0,0,Satisfied but expensive,6,1,1,0,0,0,0,0,0,ROI not primary,Cost saved per aircraft/yr
UAE-0667,Budget_Regional_Operator,Warm,Fleet/Maintenance Manager,Low-cost carrier,200+,20+ years,Other GCC,Scheduled/calendar,0,>$50M,88255344,1,1,0,0,0,0,1,1,0,0,0,0,1,0,1,5,High upfront cost,1,1,0,0,0,0,0,1,On-premise,$8K-$20K,10533,Pay-per-insight,Joint committee,1-3 months,1,1,1,1,0,1,1,1,1,0,1,0,0,0,0,4,10,Airbus narrow (A320),LinkedIn/social media,3,5,5,3,3,0,0,0,0,0,0,1,0,Satisfied but expensive,5,0,0,0,0,0,0,0,1,3x in 12 months,Audit pass rate
UAE-0668,Budget_Regional_Operator,Exploring,C-Suite,Commercial airline (full-service),31-80,2-5 years,Dubai,Scheduled/calendar,3-5,$2M-$10M,4435975,1,0,1,0,1,0,0,0,0,1,0,0,1,0,0,2,Regulatory concerns,1,1,0,0,1,0,0,0,Hybrid,$1K-$3K,2435,Outcome-based,Procurement/Finance,1-3 months,1,0,1,1,1,0,1,0,1,1,0,1,0,0,0,5,5,Regional/turboprop,LinkedIn/social media,4,4,4,4,4,0,0,0,0,0,0,1,0,No platform,3,0,0,0,0,0,0,1,0,1.5x,AOG reduction %
UAE-0669,Budget_Regional_Operator,Exploring,MRO Engineer/Technician,Low-cost carrier,31-80,20+ years,Abu Dhabi,Scheduled/calendar,0,$10M-$50M,25947981,0,1,0,0,1,1,1,0,0,0,0,0,0,0,1,8,Lack data expertise,1,0,0,0,0,0,0,1,No preference,$1K-$3K,1670,Per-aircraft/year,Joint committee,3-6 months,1,1,0,0,0,0,0,0,1,1,1,0,0,0,0,6,3,Regional/turboprop,LinkedIn/social media,4,4,4,3,3,0,0,0,0,0,1,0,0,Dissatisfied - poor accuracy,3,0,1,0,0,1,0,0,1,1.5x,AOG reduction %
UAE-0670,Budget_Regional_Operator,Warm,Fleet/Maintenance Manager,Charter/private aviation,1-10,6-10 years,Dubai,Scheduled/calendar,3-5,<$500K,322882,1,0,1,1,1,0,0,1,0,0,0,0,1,1,0,4,Lack data expertise,0,0,0,0,0,1,1,0,Hybrid,<$1K,559,Fixed monthly SaaS,Head of Maintenance/CAMO,1-3 months,1,0,1,1,0,0,0,1,0,1,0,0,0,1,0,6,5,Airbus narrow (A320),Word of mouth,4,4,5,2,2,0,0,0,0,0,1,0,0,No platform,4,1,0,1,1,0,1,0,0,2x,Cost saved per aircraft/yr
UAE-0671,Budget_Regional_Operator,Hot,Fleet/Maintenance Manager,Low-cost carrier,11-30,6-10 years,Dubai,Predictive (some AI),3-5,$10M-$50M,30939840,1,0,1,1,0,0,0,0,0,0,0,0,1,0,0,5,High upfront cost,1,0,0,0,0,0,0,1,No preference,<$1K,464,Pay-per-insight,IT/Digital lead,3-6 months,1,0,1,1,0,0,0,0,0,1,1,1,0,0,0,1,9,Boeing narrow (B737),Aviation publication,4,4,4,3,3,0,0,0,0,0,0,0,1,Dissatisfied - hard to integrate,6,1,0,0,0,0,0,0,0,2x,Component lifespan extension
UAE-0672,Budget_Regional_Operator,Warm,Fleet/Maintenance Manager,Charter/private aviation,11-30,6-10 years,Dubai,Condition-based,3-5,<$500K,264826,1,1,1,0,1,0,1,1,0,0,0,0,1,0,0,4,High upfront cost,0,1,0,1,1,0,0,0,Hybrid,$8K-$20K,11994,Pay-per-insight,IT/Digital lead,3-6 months,1,0,0,0,0,1,0,1,1,0,1,0,0,1,0,4,6,Boeing wide (B777/B787),LinkedIn/social media,3,4,4,3,4,1,0,0,1,0,0,0,0,No platform,5,1,0,0,0,0,0,0,0,5x+,Dispatch reliability %
UAE-0673,Budget_Regional_Operator,Exploring,Fleet/Maintenance Manager,Low-cost carrier,11-30,11-20 years,Other GCC,Scheduled/calendar,0,$2M-$10M,4823001,1,1,1,1,0,0,1,1,0,0,0,0,1,1,0,2,Legacy integration,1,0,0,0,0,0,0,0,On-premise,$8K-$20K,14111,Pay-per-insight,Joint committee,<1 month,0,1,0,1,1,0,0,1,0,1,1,0,0,0,0,3,6,Airbus narrow (A320),Aviation publication,3,4,5,2,3,0,0,0,1,0,1,0,0,Dissatisfied - hard to integrate,5,0,1,0,0,0,1,0,0,2x,AOG reduction %
UAE-0674,Budget_Regional_Operator,Exploring,MRO Engineer/Technician,Low-cost carrier,31-80,6-10 years,Sharjah/Northern Emirates,Scheduled/calendar,6-10,>$50M,72929022,1,1,0,0,0,0,1,0,0,1,0,0,1,0,0,1,Cybersecurity,1,1,0,1,0,0,0,0,On-premise,>$20K,36394,Outcome-based,Head of Maintenance/CAMO,1-3 months,1,1,0,1,0,1,0,1,0,1,1,1,0,0,0,5,5,Airbus narrow (A320),Industry event,1,4,5,3,3,0,0,0,0,0,1,0,0,Dissatisfied - poor accuracy,6,1,0,0,0,0,1,0,0,ROI not primary,Cost saved per aircraft/yr
UAE-0675,Budget_Regional_Operator,Warm,C-Suite,Aircraft leasing,1-10,2-5 years,Abu Dhabi,Scheduled/calendar,1-2,$2M-$10M,8059911,1,0,1,1,1,1,0,1,0,0,0,0,0,1,0,3,High upfront cost,0,1,0,1,1,0,0,0,On-premise,$8K-$20K,15970,Outcome-based,Head of Maintenance/CAMO,1-3 months,1,1,1,0,0,1,0,0,1,0,1,1,0,0,0,3,6,Boeing narrow (B737),Industry event,3,3,4,2,4,0,0,0,0,0,1,0,1,Satisfied but expensive,2,0,1,0,1,0,0,0,1,2x,AOG reduction %
UAE-0676,Budget_Regional_Operator,Exploring,Procurement/Finance,Low-cost carrier,1-10,11-20 years,Abu Dhabi,Scheduled/calendar,1-2,$500K-$2M,1351205,1,0,1,0,1,0,0,0,0,1,0,1,1,0,0,2,No barriers,0,1,0,1,1,0,0,0,Hybrid,$3K-$8K,4340,Per-aircraft/year,Procurement/Finance,1-3 months,0,0,1,0,0,0,1,0,1,1,1,0,0,0,0,6,2,Airbus wide (A330/A350/A380),LinkedIn/social media,3,3,4,2,3,1,0,0,0,1,0,0,1,Dissatisfied - hard to integrate,5,0,0,1,0,0,0,0,0,Strategic value,AOG reduction %
UAE-0677,Budget_Regional_Operator,Exploring,C-Suite,Independent MRO,1-10,<2 years,Sharjah/Northern Emirates,Scheduled/calendar,1-2,<$500K,221029,1,0,0,1,0,1,0,1,1,0,0,0,1,0,0,2,High upfront cost,1,0,0,0,0,1,0,1,No preference,<$1K,363,Hardware lease + software,Head of Maintenance/CAMO,<1 month,1,1,1,1,0,0,1,0,0,1,0,1,0,1,0,7,6,Airbus narrow (A320),Word of mouth,5,4,4,2,4,1,0,0,0,0,0,0,1,Dissatisfied - poor support,6,0,0,0,0,1,1,0,0,1.5x,AOG reduction %
UAE-0678,Budget_Regional_Operator,Exploring,C-Suite,Low-cost carrier,1-10,20+ years,Abu Dhabi,Scheduled/calendar,1-2,<$500K,231852,1,1,0,1,0,1,1,0,0,1,0,0,1,1,0,4,Legacy integration,1,0,1,1,0,0,0,0,No preference,$1K-$3K,1908,Pay-per-insight,IT/Digital lead,1-3 months,1,1,0,1,0,1,1,0,1,1,0,0,1,0,0,5,5,Boeing narrow (B737),LinkedIn/social media,2,4,3,2,2,0,0,0,1,0,1,0,0,Dissatisfied - hard to integrate,6,0,1,0,1,1,0,0,0,2x,AOG reduction %
UAE-0679,Budget_Regional_Operator,Hot,C-Suite,Independent MRO,11-30,11-20 years,Dubai,Reactive,0,$500K-$2M,1134354,0,1,1,1,0,0,1,1,0,1,0,0,0,1,0,3,Legacy integration,0,1,0,1,0,0,1,0,On-premise,$8K-$20K,12473,Per-aircraft/year,Procurement/Finance,1-3 months,1,1,0,0,0,0,0,0,1,1,0,0,0,1,0,3,6,Airbus narrow (A320),Industry event,2,5,3,3,3,0,0,0,0,1,0,0,1,Dissatisfied - poor support,4,1,1,0,0,0,0,0,0,5x+,Unscheduled maintenance reduction
UAE-0680,Budget_Regional_Operator,Warm,C-Suite,Low-cost carrier,31-80,6-10 years,Sharjah/Northern Emirates,Predictive (some AI),1-2,$2M-$10M,6559212,1,1,0,1,0,0,0,0,0,0,1,0,0,1,0,6,Lack data expertise,1,0,0,1,1,0,0,0,No preference,$1K-$3K,1889,Outcome-based,IT/Digital lead,1-3 months,1,1,0,0,0,1,1,0,0,1,1,0,1,0,0,3,8,Airbus narrow (A320),Email invite,3,5,2,3,4,0,0,0,0,1,0,0,0,No platform,4,1,0,0,0,1,0,0,0,3x in 12 months,Dispatch reliability %
UAE-0681,Budget_Regional_Operator,Warm,Director/VP Operations,Defence/government,1-10,6-10 years,Dubai,Scheduled/calendar,0,<$500K,241543,1,1,0,0,1,1,1,0,1,1,1,0,0,1,0,5,Lack data expertise,1,0,1,1,0,0,0,0,Hybrid,<$1K,449,Fixed monthly SaaS,Head of Maintenance/CAMO,1-3 months,1,0,0,0,0,0,0,1,1,1,1,0,0,0,0,4,6,Boeing narrow (B737),Industry event,2,4,4,3,4,1,0,0,0,1,0,0,1,Dissatisfied - poor accuracy,5,0,1,0,0,1,1,0,1,3x in 12 months,Dispatch reliability %
UAE-0682,Budget_Regional_Operator,Warm,IT/Digital Lead,Aircraft leasing,31-80,20+ years,Abu Dhabi,Scheduled/calendar,6-10,$10M-$50M,26516082,1,1,1,1,1,0,0,0,0,0,1,0,0,1,1,4,Cybersecurity,1,0,1,0,1,0,0,0,Full cloud (SaaS),>$20K,28008,Per-aircraft/year,Procurement/Finance,1-3 months,1,1,0,0,0,1,1,0,0,0,1,0,0,1,1,3,5,Airbus narrow (A320),LinkedIn/social media,2,5,2,3,4,0,0,0,0,0,1,0,1,Very satisfied,5,1,1,0,0,1,0,0,0,2x,AOG reduction %
UAE-0683,Budget_Regional_Operator,Not Interested,Procurement/Finance,Low-cost carrier,11-30,6-10 years,Dubai,Predictive (some AI),3-5,$500K-$2M,1391265,0,1,0,0,1,0,0,0,0,0,0,0,1,0,1,2,Cybersecurity,1,0,1,1,0,0,0,0,On-premise,$3K-$8K,4839,Fixed monthly SaaS,IT/Digital lead,3-6 months,1,0,0,0,0,1,0,1,1,0,1,0,0,1,0,4,2,Business jet/helicopter,Aviation publication,2,3,3,4,5,0,0,0,1,1,1,0,0,Dissatisfied - poor support,5,0,0,1,0,1,1,1,0,3x in 12 months,Cost saved per aircraft/yr
UAE-0684,Budget_Regional_Operator,Warm,IT/Digital Lead,Aircraft leasing,11-30,11-20 years,Sharjah/Northern Emirates,Scheduled/calendar,0,<$500K,232571,1,0,1,0,1,0,1,0,0,1,0,0,0,0,0,3,Lack data expertise,1,0,0,0,1,0,0,1,No preference,$1K-$3K,2168,Outcome-based,C-Suite,3-6 months,1,0,0,1,0,1,1,1,1,1,1,0,0,0,0,7,6,Airbus narrow (A320),Industry event,1,4,4,2,3,0,0,0,0,0,1,0,1,Satisfied but expensive,6,0,0,0,0,0,1,0,0,2x,AOG reduction %
UAE-0685,Budget_Regional_Operator,Hot,IT/Digital Lead,Commercial airline (full-service),11-30,20+ years,Dubai,Scheduled/calendar,3-5,$10M-$50M,29671017,0,0,0,1,0,0,0,0,0,0,0,0,0,0,1,4,Cybersecurity,1,0,1,0,1,0,0,0,Full cloud (SaaS),$1K-$3K,2365,Fixed monthly SaaS,Joint committee,1-3 months,1,1,1,1,0,1,0,1,1,0,1,1,0,0,0,2,6,Airbus narrow (A320),Email invite,1,4,4,3,3,0,1,1,0,0,1,1,1,No platform,4,1,0,0,1,1,0,0,0,3x in 12 months,Cost saved per aircraft/yr
UAE-0686,Budget_Regional_Operator,Exploring,MRO Engineer/Technician,Low-cost carrier,11-30,11-20 years,Outside GCC,Condition-based,0,$2M-$10M,5031837,0,0,1,0,1,0,0,0,0,0,0,0,0,0,1,8,No barriers,0,1,0,0,0,0,0,0,Full cloud (SaaS),$1K-$3K,1236,Hardware lease + software,Joint committee,6-12 months,0,1,0,0,0,0,0,0,1,1,1,0,0,0,0,5,4,Boeing narrow (B737),LinkedIn/social media,3,3,4,4,4,0,0,0,1,0,0,0,0,Dissatisfied - poor accuracy,6,0,0,0,0,1,0,0,0,3x in 12 months,Component lifespan extension
UAE-0687,Budget_Regional_Operator,Exploring,Fleet/Maintenance Manager,Charter/private aviation,31-80,11-20 years,Dubai,Predictive (some AI),1-2,$10M-$50M,30053382,1,1,0,1,0,0,1,1,0,1,1,0,1,0,0,1,Legacy integration,1,1,0,1,0,0,0,0,Hybrid,$1K-$3K,2266,Outcome-based,Joint committee,6-12 months,1,1,1,1,0,0,0,0,1,0,0,0,0,0,0,9,4,Regional/turboprop,Industry event,4,2,3,3,3,0,0,0,0,1,0,1,0,Very satisfied,7,0,0,1,0,0,0,0,1,3x in 12 months,AOG reduction %
UAE-0688,Budget_Regional_Operator,Exploring,MRO Engineer/Technician,Low-cost carrier,1-10,11-20 years,Abu Dhabi,Predictive (some AI),3-5,$2M-$10M,5986075,0,1,0,0,1,0,0,1,0,1,0,0,1,1,0,1,Regulatory concerns,1,0,1,0,0,0,0,0,Full cloud (SaaS),>$20K,39951,Pay-per-insight,C-Suite,3-6 months,1,0,1,0,0,0,1,1,0,0,1,1,1,0,0,4,3,Boeing narrow (B737),Email invite,3,4,4,2,3,1,0,0,1,0,0,0,0,Satisfied but expensive,3,1,1,0,0,1,1,0,0,ROI not primary,Dispatch reliability %
UAE-0689,Budget_Regional_Operator,Warm,MRO Engineer/Technician,Aircraft leasing,11-30,11-20 years,Other GCC,Scheduled/calendar,6-10,$500K-$2M,1470599,1,1,0,0,0,0,1,0,0,0,0,0,1,1,1,4,Regulatory concerns,1,1,0,1,0,0,0,0,Full cloud (SaaS),$3K-$8K,4425,Hardware lease + software,Joint committee,<1 month,0,1,0,1,0,0,0,0,0,0,1,1,0,0,1,5,5,Airbus narrow (A320),Email invite,4,3,3,1,3,1,0,0,0,0,0,0,0,Dissatisfied - poor accuracy,4,1,1,1,0,0,1,0,1,ROI not primary,Component lifespan extension
UAE-0690,Budget_Regional_Operator,Exploring,Fleet/Maintenance Manager,Low-cost carrier,31-80,6-10 years,Other GCC,Scheduled/calendar,10+,$500K-$2M,982080,1,0,1,0,0,0,0,1,0,0,0,0,1,0,1,4,Legacy integration,1,1,0,1,0,0,0,0,Full cloud (SaaS),$3K-$8K,6160,Outcome-based,Head of Maintenance/CAMO,1-3 months,0,1,0,1,0,1,0,0,0,0,0,0,1,0,0,6,6,Airbus narrow (A320),Email invite,3,3,3,3,3,0,0,0,0,0,0,0,1,Dissatisfied - poor accuracy,5,1,0,0,1,0,0,1,0,1.5x,Cost saved per aircraft/yr
UAE-0691,Budget_Regional_Operator,Exploring,IT/Digital Lead,Commercial airline (full-service),1-10,20+ years,Dubai,Reactive,6-10,<$500K,218256,1,1,1,1,0,0,0,0,0,0,0,0,1,0,0,3,High upfront cost,0,0,1,0,0,0,0,1,On-premise,$1K-$3K,1728,Per-aircraft/year,IT/Digital lead,3-6 months,1,1,1,1,1,0,0,0,0,0,1,0,0,1,0,6,6,Airbus narrow (A320),LinkedIn/social media,2,2,3,3,3,1,1,0,0,0,0,0,0,Satisfied but expensive,5,1,1,0,0,0,0,0,0,3x in 12 months,AOG reduction %
UAE-0692,Budget_Regional_Operator,Warm,Director/VP Operations,Low-cost carrier,11-30,6-10 years,Dubai,Scheduled/calendar,3-5,$2M-$10M,5541815,1,0,1,1,1,1,1,1,0,0,0,0,1,0,0,5,Cybersecurity,0,0,0,1,0,1,1,0,Full cloud (SaaS),$3K-$8K,4659,Per-aircraft/year,Joint committee,1-3 months,1,0,1,1,1,1,1,0,1,1,1,0,0,0,0,5,5,Boeing narrow (B737),LinkedIn/social media,2,3,4,3,3,1,1,0,0,0,1,0,0,Satisfied but expensive,1,1,0,0,0,1,1,0,1,3x in 12 months,Component lifespan extension
UAE-0693,Budget_Regional_Operator,Warm,MRO Engineer/Technician,Independent MRO,11-30,11-20 years,Dubai,Condition-based,3-5,$2M-$10M,5273114,1,1,1,0,1,0,0,0,1,0,0,0,1,1,0,4,High upfront cost,1,0,0,0,0,0,0,0,No preference,$1K-$3K,2541,Hardware lease + software,IT/Digital lead,3-6 months,1,1,0,1,1,1,1,1,0,0,1,1,0,1,0,3,6,Airbus narrow (A320),Email invite,4,3,4,2,3,0,1,0,0,0,0,0,0,Satisfied but expensive,4,0,0,1,1,0,1,0,0,2x,AOG reduction %
UAE-0694,Budget_Regional_Operator,Not Interested,Fleet/Maintenance Manager,Charter/private aviation,81-200,6-10 years,Dubai,Reactive,6-10,$2M-$10M,5341328,0,0,1,1,0,0,1,1,0,0,0,1,1,1,0,6,Lack data expertise,1,1,0,0,0,0,0,0,Hybrid,$8K-$20K,16128,Fixed monthly SaaS,Head of Maintenance/CAMO,6-12 months,0,1,0,0,0,0,0,0,1,0,0,1,0,1,0,9,2,Boeing narrow (B737),LinkedIn/social media,2,4,5,2,4,0,0,1,0,0,1,0,0,Dissatisfied - poor support,6,0,0,1,0,1,1,0,0,1.5x,Cost saved per aircraft/yr
UAE-0695,Budget_Regional_Operator,Not Interested,Procurement/Finance,Charter/private aviation,11-30,6-10 years,Other GCC,Full predictive + digital twin,3-5,$2M-$10M,7666836,1,1,1,1,1,0,1,0,0,0,0,0,1,0,1,2,High upfront cost,0,1,0,1,1,0,0,0,Full cloud (SaaS),$1K-$3K,1604,Per-aircraft/year,Head of Maintenance/CAMO,1-3 months,0,0,0,0,1,1,1,0,1,1,1,0,0,0,0,7,3,Regional/turboprop,Email invite,2,2,4,2,3,0,0,0,0,0,0,1,0,Very satisfied,6,1,1,1,1,0,0,1,0,2x,Cost saved per aircraft/yr
UAE-0696,Budget_Regional_Operator,Exploring,Fleet/Maintenance Manager,Charter/private aviation,1-10,20+ years,Abu Dhabi,Reactive,0,$2M-$10M,5502687,1,1,1,1,0,0,0,1,0,0,1,0,0,1,0,1,High upfront cost,0,0,0,1,1,1,0,0,Hybrid,$1K-$3K,2736,Fixed monthly SaaS,C-Suite,1-3 months,1,0,0,1,1,0,0,0,0,1,1,1,0,0,0,5,3,Airbus narrow (A320),Industry event,4,3,4,3,4,0,1,0,0,0,0,0,0,No platform,4,1,0,0,0,0,1,0,0,1.5x,Dispatch reliability %
UAE-0697,Budget_Regional_Operator,Exploring,Director/VP Operations,Independent MRO,200+,11-20 years,Sharjah/Northern Emirates,Reactive,0,>$50M,92099460,1,1,1,0,1,0,1,0,1,1,0,0,0,0,0,1,High upfront cost,0,0,1,1,1,0,0,0,Full cloud (SaaS),$3K-$8K,6252,Per-aircraft/year,Procurement/Finance,3-6 months,1,1,0,1,0,0,0,1,1,1,1,0,0,0,0,5,6,Business jet/helicopter,Industry event,3,3,4,3,3,0,1,0,0,1,0,0,0,Satisfied but expensive,3,0,0,1,1,0,1,0,1,5x+,Cost saved per aircraft/yr
UAE-0698,Budget_Regional_Operator,Exploring,Fleet/Maintenance Manager,Low-cost carrier,81-200,11-20 years,Other GCC,Predictive (some AI),6-10,>$50M,69554807,0,0,0,1,1,0,0,0,0,0,0,0,1,0,0,2,Lack data expertise,1,1,0,1,0,0,0,0,Full cloud (SaaS),$8K-$20K,13896,Pay-per-insight,Head of Maintenance/CAMO,1-3 months,0,0,0,1,1,1,1,1,0,1,1,0,0,1,0,7,1,Airbus narrow (A320),Industry event,3,3,3,2,3,0,0,0,0,0,0,1,0,Dissatisfied - poor accuracy,1,1,0,1,1,0,0,1,0,Strategic value,Unscheduled maintenance reduction
UAE-0699,Budget_Regional_Operator,Warm,MRO Engineer/Technician,Independent MRO,1-10,11-20 years,Dubai,Reactive,6-10,$500K-$2M,1118508,1,0,0,1,0,1,0,0,0,0,0,0,0,0,1,8,Lack data expertise,1,1,0,0,0,0,1,0,On-premise,$8K-$20K,15342,Outcome-based,Head of Maintenance/CAMO,1-3 months,1,1,1,0,0,1,1,0,0,1,1,0,0,1,0,3,6,Airbus narrow (A320),Email invite,4,4,4,2,3,0,0,1,1,0,0,1,0,No platform,5,0,1,1,0,0,0,0,0,1.5x,AOG reduction %
UAE-0700,Budget_Regional_Operator,Exploring,Procurement/Finance,Charter/private aviation,11-30,20+ years,Dubai,Scheduled/calendar,0,$10M-$50M,29117580,1,0,1,1,0,0,0,0,0,1,0,0,1,0,0,3,High upfront cost,1,1,0,0,1,0,0,0,No preference,$3K-$8K,4908,Pay-per-insight,C-Suite,>12 months,1,1,1,1,0,0,1,0,1,0,1,1,0,0,0,8,4,Airbus narrow (A320),Word of mouth,3,5,5,2,3,0,0,0,1,1,1,0,1,Dissatisfied - poor support,6,1,0,0,0,1,1,0,0,2x,AOG reduction %
UAE-0701,Budget_Regional_Operator,Not Interested,Director/VP Operations,Commercial airline (full-service),31-80,11-20 years,Sharjah/Northern Emirates,Condition-based,10+,$500K-$2M,1417224,1,0,1,0,0,0,1,1,0,1,0,0,0,0,0,1,High upfront cost,1,0,0,1,0,1,0,0,On-premise,>$20K,24688,Hardware lease + software,Procurement/Finance,<1 month,1,1,1,1,0,0,1,0,1,0,1,1,0,0,0,9,1,Airbus narrow (A320),Word of mouth,3,5,4,2,2,1,0,0,0,1,0,0,0,Satisfied but expensive,5,1,0,0,0,1,1,1,0,3x in 12 months,Cost saved per aircraft/yr
UAE-0702,Budget_Regional_Operator,Exploring,MRO Engineer/Technician,Low-cost carrier,1-10,11-20 years,Dubai,Scheduled/calendar,3-5,<$500K,200006,1,0,0,0,0,0,0,0,0,1,0,0,1,1,0,2,High upfront cost,0,1,1,0,1,0,0,0,Full cloud (SaaS),$3K-$8K,5829,Per-aircraft/year,Procurement/Finance,3-6 months,1,0,1,0,0,1,0,0,1,1,1,0,0,0,0,8,5,Regional/turboprop,Email invite,2,4,4,2,3,0,0,0,0,0,0,1,0,Dissatisfied - hard to integrate,7,1,0,0,1,0,0,0,0,5x+,AOG reduction %
UAE-0703,Budget_Regional_Operator,Exploring,Director/VP Operations,Aircraft leasing,11-30,2-5 years,Outside GCC,Scheduled/calendar,0,$2M-$10M,6148716,1,0,1,1,0,1,0,1,1,1,0,0,0,1,1,2,No barriers,1,0,0,1,1,0,0,0,Hybrid,$3K-$8K,7120,Fixed monthly SaaS,Head of Maintenance/CAMO,1-3 months,1,0,1,1,0,0,1,0,1,0,1,0,1,0,0,4,2,Airbus narrow (A320),LinkedIn/social media,2,4,4,4,3,0,0,1,0,0,1,0,0,Dissatisfied - hard to integrate,4,0,1,1,1,0,0,0,0,3x in 12 months,Cost saved per aircraft/yr
UAE-0704,Budget_Regional_Operator,Exploring,MRO Engineer/Technician,Low-cost carrier,1-10,20+ years,Dubai,Reactive,3-5,$2M-$10M,6001615,0,0,1,0,0,1,0,0,0,0,0,0,1,0,0,2,High upfront cost,0,0,0,0,1,1,0,1,Hybrid,$1K-$3K,1398,Pay-per-insight,IT/Digital lead,3-6 months,0,1,1,1,1,1,1,1,0,1,1,1,0,0,0,10,5,Airbus narrow (A320),Industry event,3,4,4,3,3,0,0,1,0,0,1,0,0,Dissatisfied - poor accuracy,6,0,0,1,0,1,1,1,1,5x+,Component lifespan extension
UAE-0705,Budget_Regional_Operator,Exploring,IT/Digital Lead,Independent MRO,11-30,6-10 years,Other GCC,Scheduled/calendar,1-2,$2M-$10M,6347139,1,0,1,0,0,0,1,1,0,0,0,0,0,1,0,1,Regulatory concerns,1,0,0,1,0,1,0,0,Full cloud (SaaS),$3K-$8K,6904,Hardware lease + software,C-Suite,1-3 months,0,0,1,1,1,0,1,1,0,1,0,0,1,1,0,6,5,Airbus narrow (A320),Aviation publication,4,4,4,3,2,0,0,1,0,0,0,0,1,Dissatisfied - hard to integrate,5,0,1,0,0,0,0,0,0,3x in 12 months,AOG reduction %
UAE-0706,Budget_Regional_Operator,Not Interested,Fleet/Maintenance Manager,Charter/private aviation,81-200,20+ years,Dubai,Scheduled/calendar,1-2,>$50M,76412421,1,0,1,0,1,0,0,1,1,0,0,0,0,0,0,1,Legacy integration,1,0,0,0,1,0,0,1,Hybrid,$8K-$20K,19840,Pay-per-insight,Head of Maintenance/CAMO,1-3 months,0,1,0,1,0,1,0,0,1,0,1,1,0,0,0,5,1,Boeing narrow (B737),Email invite,4,4,3,3,4,0,0,0,0,0,0,0,1,Dissatisfied - poor accuracy,5,0,1,0,1,0,0,0,1,3x in 12 months,Cost saved per aircraft/yr
UAE-0707,Budget_Regional_Operator,Warm,MRO Engineer/Technician,Defence/government,1-10,20+ years,Other GCC,Scheduled/calendar,6-10,>$50M,104236757,1,1,1,1,0,0,1,1,0,0,0,0,1,0,1,3,Regulatory concerns,0,0,1,1,1,0,0,0,Full cloud (SaaS),$8K-$20K,15748,Fixed monthly SaaS,C-Suite,1-3 months,1,1,0,0,0,0,1,0,0,0,1,1,1,0,0,6,7,Regional/turboprop,Industry event,3,3,4,3,3,0,0,0,0,1,0,0,0,Dissatisfied - hard to integrate,7,1,1,1,0,1,1,0,0,1.5x,AOG reduction %
UAE-0708,Budget_Regional_Operator,Exploring,MRO Engineer/Technician,Low-cost carrier,31-80,6-10 years,Abu Dhabi,Scheduled/calendar,1-2,$10M-$50M,25415085,1,0,1,1,0,0,0,0,0,0,1,0,0,1,0,2,High upfront cost,0,1,0,0,0,1,1,0,Full cloud (SaaS),$1K-$3K,1661,Per-aircraft/year,Joint committee,1-3 months,0,0,0,0,0,0,1,0,1,1,1,0,0,0,0,5,5,Airbus narrow (A320),Email invite,3,5,4,3,3,0,0,0,1,0,1,0,0,Dissatisfied - hard to integrate,4,1,0,1,0,1,1,0,1,3x in 12 months,AOG reduction %
UAE-0709,Budget_Regional_Operator,Not Interested,MRO Engineer/Technician,Charter/private aviation,1-10,11-20 years,Dubai,Condition-based,6-10,$500K-$2M,1239155,1,1,0,1,0,1,0,1,0,1,0,0,0,0,0,4,Legacy integration,0,0,1,1,1,0,0,0,Hybrid,$8K-$20K,14287,Fixed monthly SaaS,C-Suite,1-3 months,1,1,0,0,0,0,0,0,1,0,1,1,0,0,0,6,1,Business jet/helicopter,LinkedIn/social media,3,3,3,3,3,0,0,1,0,0,0,1,0,Satisfied but expensive,5,0,0,0,1,0,0,1,0,3x in 12 months,Unscheduled maintenance reduction
UAE-0710,Budget_Regional_Operator,Warm,MRO Engineer/Technician,Low-cost carrier,31-80,20+ years,Outside GCC,Predictive (some AI),10+,$2M-$10M,4349664,0,0,0,1,1,1,0,0,1,0,0,0,0,0,0,4,Lack data expertise,1,1,0,0,0,0,1,0,Hybrid,$8K-$20K,12286,Fixed monthly SaaS,Joint committee,1-3 months,0,0,0,0,0,1,0,0,0,0,0,1,0,1,1,3,6,Airbus narrow (A320),LinkedIn/social media,3,3,4,4,4,0,0,1,0,0,0,0,0,Dissatisfied - poor support,2,1,0,0,0,0,0,0,1,Strategic value,Component lifespan extension
UAE-0711,Budget_Regional_Operator,Warm,Director/VP Operations,Aircraft leasing,11-30,11-20 years,Dubai,Scheduled/calendar,6-10,$2M-$10M,6519364,1,1,0,0,1,1,0,1,0,1,1,0,0,0,1,5,Lack data expertise,1,1,0,1,0,0,0,0,On-premise,$3K-$8K,5653,Per-aircraft/year,IT/Digital lead,3-6 months,0,0,1,0,0,0,1,0,0,0,1,1,0,0,0,4,6,Boeing narrow (B737),LinkedIn/social media,3,3,3,2,3,0,0,0,1,0,1,0,0,No platform,6,0,0,0,1,0,0,1,0,2x,Component lifespan extension
UAE-0712,Budget_Regional_Operator,Not Interested,MRO Engineer/Technician,Low-cost carrier,1-10,20+ years,Dubai,Condition-based,1-2,$2M-$10M,6768014,1,0,1,0,0,0,0,0,1,0,0,0,0,0,0,2,High upfront cost,1,0,0,1,0,0,1,0,Hybrid,$3K-$8K,5781,Per-aircraft/year,Joint committee,<1 month,1,1,1,1,0,1,1,1,1,1,1,0,0,0,0,9,3,Airbus narrow (A320),Word of mouth,3,3,4,2,3,0,0,0,0,0,1,0,1,Dissatisfied - hard to integrate,6,1,1,1,1,0,1,0,0,1.5x,AOG reduction %
UAE-0713,Budget_Regional_Operator,Exploring,MRO Engineer/Technician,Low-cost carrier,11-30,6-10 years,Other GCC,Reactive,1-2,$2M-$10M,6577752,0,0,1,0,0,1,0,0,1,0,0,0,0,1,0,2,Regulatory concerns,1,1,0,0,1,0,0,0,Hybrid,$1K-$3K,2078,Per-aircraft/year,Head of Maintenance/CAMO,3-6 months,1,1,1,1,0,0,0,1,0,1,1,1,0,0,0,5,5,Boeing narrow (B737),Aviation publication,3,3,4,3,3,0,0,0,0,1,0,0,0,Dissatisfied - poor support,6,1,1,0,1,0,0,0,0,Strategic value,AOG reduction %
UAE-0714,Budget_Regional_Operator,Hot,MRO Engineer/Technician,Independent MRO,11-30,6-10 years,Other GCC,Full predictive + digital twin,3-5,>$50M,70553060,0,1,0,1,0,0,1,0,0,1,0,0,1,0,1,7,No barriers,1,1,0,0,1,0,0,0,No preference,$3K-$8K,6950,Hardware lease + software,Procurement/Finance,3-6 months,1,0,0,0,0,0,1,1,0,0,1,0,0,1,1,1,8,Boeing wide (B777/B787),LinkedIn/social media,2,3,5,3,3,0,0,0,0,0,1,0,0,Dissatisfied - poor support,6,0,0,1,1,0,0,0,1,1.5x,Cost saved per aircraft/yr
UAE-0715,Budget_Regional_Operator,Hot,Procurement/Finance,Aircraft leasing,81-200,6-10 years,Other GCC,Predictive (some AI),6-10,$2M-$10M,5099433,1,1,1,0,1,0,0,0,0,0,0,0,0,0,1,8,Lack data expertise,1,0,0,1,1,0,0,0,Hybrid,$1K-$3K,1565,Per-aircraft/year,C-Suite,3-6 months,1,1,0,1,0,0,1,1,0,0,1,1,0,1,0,1,4,Airbus narrow (A320),Word of mouth,3,5,4,2,3,1,0,0,0,0,0,0,0,Dissatisfied - hard to integrate,4,1,0,0,0,0,0,0,1,2x,Cost saved per aircraft/yr
UAE-0716,Budget_Regional_Operator,Exploring,MRO Engineer/Technician,Charter/private aviation,1-10,11-20 years,Abu Dhabi,Scheduled/calendar,3-5,<$500K,211840,1,1,0,0,0,1,0,0,0,1,0,0,0,1,1,3,Lack data expertise,0,0,0,1,0,1,0,0,Full cloud (SaaS),$1K-$3K,2291,Fixed monthly SaaS,IT/Digital lead,6-12 months,0,0,0,1,0,1,0,0,1,1,1,0,0,0,0,4,5,Airbus narrow (A320),LinkedIn/social media,4,5,5,2,5,0,0,0,0,0,0,1,1,Dissatisfied - poor accuracy,4,0,0,0,1,1,0,0,0,3x in 12 months,Cost saved per aircraft/yr
UAE-0717,Budget_Regional_Operator,Exploring,MRO Engineer/Technician,Low-cost carrier,31-80,2-5 years,Outside GCC,Reactive,3-5,$2M-$10M,5466781,1,1,0,0,1,1,0,0,0,0,0,1,0,0,0,3,High upfront cost,0,1,1,1,0,0,0,0,Full cloud (SaaS),$3K-$8K,4923,Outcome-based,Joint committee,<1 month,1,1,0,1,0,1,1,0,1,0,1,1,0,0,0,7,2,Airbus narrow (A320),Word of mouth,3,4,4,3,3,1,0,0,0,0,0,0,1,Dissatisfied - hard to integrate,7,1,0,0,1,0,1,0,0,5x+,Cost saved per aircraft/yr
UAE-0718,Budget_Regional_Operator,Hot,Fleet/Maintenance Manager,Charter/private aviation,11-30,20+ years,Abu Dhabi,Scheduled/calendar,6-10,$2M-$10M,4510297,1,0,0,0,0,0,0,0,0,1,0,0,0,0,0,6,Regulatory concerns,1,1,0,1,0,0,0,0,On-premise,$8K-$20K,13324,Fixed monthly SaaS,C-Suite,3-6 months,0,0,0,1,1,0,1,1,0,0,0,0,0,1,0,3,9,Airbus narrow (A320),Email invite,2,3,2,2,4,0,1,0,0,0,1,0,0,Dissatisfied - poor accuracy,5,0,0,0,0,0,1,0,0,1.5x,Cost saved per aircraft/yr
UAE-0719,Budget_Regional_Operator,Warm,MRO Engineer/Technician,Commercial airline (full-service),31-80,20+ years,Outside GCC,Predictive (some AI),0,>$50M,59923594,1,1,0,0,1,1,0,0,0,1,0,0,1,0,0,4,High upfront cost,1,1,0,1,0,0,0,0,No preference,$3K-$8K,4027,Per-aircraft/year,C-Suite,1-3 months,1,0,1,0,1,0,0,1,1,0,1,1,0,0,0,3,7,Boeing narrow (B737),Email invite,2,4,4,3,3,0,0,0,0,0,1,0,0,Dissatisfied - poor support,6,1,1,0,0,0,1,1,1,2x,Unscheduled maintenance reduction
UAE-0720,Budget_Regional_Operator,Warm,Director/VP Operations,Independent MRO,11-30,20+ years,Outside GCC,Predictive (some AI),3-5,$10M-$50M,33524219,1,1,1,1,1,1,0,1,0,1,0,0,0,0,1,5,High upfront cost,0,1,0,1,1,0,0,0,On-premise,$3K-$8K,6059,Per-aircraft/year,Procurement/Finance,6-12 months,1,1,1,1,0,0,1,0,1,0,1,0,0,0,1,4,7,Airbus narrow (A320),LinkedIn/social media,3,4,4,2,3,0,0,0,0,0,0,1,0,Dissatisfied - hard to integrate,6,1,0,1,0,1,1,1,0,3x in 12 months,Component lifespan extension
UAE-0721,Budget_Regional_Operator,Exploring,Fleet/Maintenance Manager,Independent MRO,11-30,6-10 years,Sharjah/Northern Emirates,Reactive,1-2,$2M-$10M,7179545,1,0,1,0,0,0,1,1,0,0,0,1,0,1,0,4,Regulatory concerns,1,0,0,1,1,0,0,0,Full cloud (SaaS),$3K-$8K,4256,Fixed monthly SaaS,C-Suite,3-6 months,1,0,0,0,1,0,0,1,1,1,1,0,0,0,0,8,4,Boeing narrow (B737),Word of mouth,3,3,4,3,2,0,1,0,0,0,1,1,0,Dissatisfied - poor accuracy,6,1,0,0,1,1,1,0,0,2x,Unscheduled maintenance reduction
UAE-0722,Budget_Regional_Operator,Warm,MRO Engineer/Technician,Aircraft leasing,11-30,6-10 years,Sharjah/Northern Emirates,Scheduled/calendar,3-5,$2M-$10M,7211341,1,0,1,0,0,1,0,0,0,1,0,0,0,0,0,5,Regulatory concerns,1,0,0,1,0,0,1,0,Full cloud (SaaS),$3K-$8K,6846,Fixed monthly SaaS,C-Suite,6-12 months,1,0,1,1,0,0,1,0,1,1,1,0,0,0,0,4,7,Airbus wide (A330/A350/A380),Email invite,1,5,5,3,2,0,0,0,0,0,0,1,1,Satisfied but expensive,5,0,1,0,0,0,1,1,0,2x,AOG reduction %
UAE-0723,Budget_Regional_Operator,Not Interested,Fleet/Maintenance Manager,Charter/private aviation,1-10,11-20 years,Dubai,Reactive,6-10,$500K-$2M,979263,1,0,1,1,0,0,1,0,0,1,0,0,0,0,1,3,Lack data expertise,1,0,0,0,1,1,0,0,Full cloud (SaaS),>$20K,30074,Per-aircraft/year,IT/Digital lead,1-3 months,1,0,0,1,0,0,1,1,1,1,0,1,0,0,0,6,3,Airbus narrow (A320),LinkedIn/social media,3,4,4,2,4,0,1,0,0,0,1,0,1,Satisfied but expensive,5,0,1,1,0,0,0,0,0,3x in 12 months,Dispatch reliability %
UAE-0724,Budget_Regional_Operator,Warm,MRO Engineer/Technician,Low-cost carrier,1-10,6-10 years,Outside GCC,Scheduled/calendar,6-10,>$50M,59364973,0,1,1,1,0,0,0,0,0,1,0,0,0,0,0,6,High upfront cost,0,1,0,0,0,0,0,0,No preference,$3K-$8K,7578,Pay-per-insight,IT/Digital lead,1-3 months,1,0,0,0,0,0,0,0,0,0,0,1,0,0,0,4,9,Boeing narrow (B737),Industry event,3,3,3,4,2,0,1,1,0,0,1,0,0,Dissatisfied - poor support,6,1,1,0,1,0,1,0,0,5x+,Unscheduled maintenance reduction
UAE-0725,Budget_Regional_Operator,Not Interested,MRO Engineer/Technician,Low-cost carrier,11-30,2-5 years,Dubai,Scheduled/calendar,6-10,$2M-$10M,5496752,0,0,0,0,0,0,1,1,0,1,1,1,0,0,0,2,Lack data expertise,0,0,0,1,1,0,0,0,Hybrid,$8K-$20K,16596,Hardware lease + software,IT/Digital lead,6-12 months,0,1,0,0,0,1,0,1,0,0,1,1,0,0,1,7,1,Regional/turboprop,LinkedIn/social media,4,5,4,2,3,1,0,0,0,0,0,1,0,Satisfied but expensive,5,0,0,0,0,0,1,1,0,ROI not primary,Cost saved per aircraft/yr
UAE-0726,Budget_Regional_Operator,Exploring,MRO Engineer/Technician,Commercial airline (full-service),31-80,11-20 years,Sharjah/Northern Emirates,Condition-based,3-5,$2M-$10M,6288837,1,0,1,1,1,0,1,1,0,1,1,0,0,1,0,1,Lack data expertise,1,0,0,0,0,0,1,1,No preference,$3K-$8K,6215,Hardware lease + software,Head of Maintenance/CAMO,3-6 months,0,0,1,0,1,0,1,1,0,0,0,0,1,0,0,6,2,Regional/turboprop,Email invite,2,3,4,4,3,0,0,1,0,0,0,0,0,Satisfied but expensive,4,1,0,0,0,1,0,1,0,ROI not primary,AOG reduction %
UAE-0727,Budget_Regional_Operator,Warm,Fleet/Maintenance Manager,Independent MRO,31-80,6-10 years,Other GCC,Scheduled/calendar,10+,$10M-$50M,30992838,1,1,1,0,1,0,0,0,0,0,0,0,0,0,1,4,Regulatory concerns,1,1,0,0,0,1,0,0,Full cloud (SaaS),$8K-$20K,14818,Pay-per-insight,Head of Maintenance/CAMO,>12 months,0,0,0,1,0,0,0,1,1,1,0,0,1,0,0,5,8,Boeing narrow (B737),Industry event,3,5,4,2,5,0,0,1,0,0,0,1,0,Very satisfied,5,0,0,0,0,1,1,0,0,ROI not primary,Dispatch reliability %
UAE-0728,Budget_Regional_Operator,Not Interested,IT/Digital Lead,Commercial airline (full-service),11-30,11-20 years,Dubai,Predictive (some AI),1-2,$10M-$50M,26241939,1,1,0,1,1,1,0,0,0,1,1,0,0,1,0,4,Lack data expertise,1,1,0,1,0,0,0,0,Full cloud (SaaS),$1K-$3K,2747,Pay-per-insight,Joint committee,6-12 months,1,1,0,1,0,0,1,1,1,0,1,1,0,0,0,7,1,Airbus narrow (A320),Word of mouth,3,4,5,3,3,0,0,0,0,0,0,1,0,Very satisfied,7,1,1,0,1,1,0,0,1,2x,Audit pass rate
UAE-0729,Budget_Regional_Operator,Exploring,MRO Engineer/Technician,Aircraft leasing,81-200,6-10 years,Dubai,Condition-based,1-2,$2M-$10M,5718447,1,1,0,0,0,0,0,0,0,0,0,0,1,1,0,4,Cybersecurity,1,0,1,1,0,0,0,0,On-premise,$3K-$8K,5214,Outcome-based,C-Suite,<1 month,0,1,0,1,0,1,0,1,0,1,1,0,0,1,0,7,4,Airbus narrow (A320),LinkedIn/social media,3,3,5,2,2,0,0,0,0,0,0,1,0,No platform,8,1,1,0,0,0,0,0,0,3x in 12 months,Cost saved per aircraft/yr
UAE-0730,Budget_Regional_Operator,Warm,C-Suite,Commercial airline (full-service),11-30,11-20 years,Abu Dhabi,Condition-based,6-10,$500K-$2M,1433346,0,1,1,0,0,1,0,0,0,0,0,0,1,0,0,2,Cybersecurity,0,0,0,0,0,1,0,0,On-premise,>$20K,25151,Fixed monthly SaaS,Procurement/Finance,<1 month,1,0,0,0,0,0,0,1,0,0,0,1,0,1,1,2,5,Boeing narrow (B737),LinkedIn/social media,1,3,3,3,2,0,0,0,0,0,0,1,0,Satisfied but expensive,5,1,0,1,1,0,1,0,0,Strategic value,AOG reduction %
UAE-0731,Budget_Regional_Operator,Warm,IT/Digital Lead,Aircraft leasing,1-10,<2 years,Sharjah/Northern Emirates,Predictive (some AI),10+,$500K-$2M,1172203,1,0,1,0,0,0,1,0,0,0,1,0,0,0,0,7,High upfront cost,0,1,0,0,1,1,0,0,Full cloud (SaaS),>$20K,35113,Per-aircraft/year,Procurement/Finance,1-3 months,1,1,0,1,0,0,1,0,1,0,1,0,0,0,1,6,6,Business jet/helicopter,LinkedIn/social media,4,2,3,3,5,0,0,1,0,0,0,1,0,Dissatisfied - poor accuracy,5,1,1,1,0,1,1,1,0,3x in 12 months,Component lifespan extension
UAE-0732,Budget_Regional_Operator,Warm,Director/VP Operations,Low-cost carrier,81-200,6-10 years,Other GCC,Scheduled/calendar,3-5,$10M-$50M,29175396,1,1,1,0,0,1,1,1,1,0,0,0,0,0,0,3,Lack data expertise,1,1,0,1,0,0,0,0,Full cloud (SaaS),$8K-$20K,16383,Hardware lease + software,Procurement/Finance,3-6 months,1,0,0,0,0,1,1,1,0,0,1,1,1,0,0,6,7,Boeing narrow (B737),Aviation publication,2,3,3,3,2,0,0,0,0,0,1,0,0,Dissatisfied - poor accuracy,3,1,0,0,0,1,1,0,1,2x,AOG reduction %
UAE-0733,Budget_Regional_Operator,Warm,Fleet/Maintenance Manager,Low-cost carrier,11-30,6-10 years,Abu Dhabi,Condition-based,3-5,$10M-$50M,28093391,1,0,1,0,0,0,0,1,1,1,0,0,1,0,0,4,Lack data expertise,0,0,0,1,0,0,1,0,No preference,$1K-$3K,1806,Per-aircraft/year,Head of Maintenance/CAMO,1-3 months,0,0,0,0,0,0,1,1,1,1,0,0,0,0,1,5,6,Airbus narrow (A320),LinkedIn/social media,3,4,3,3,3,0,0,0,0,0,0,1,0,Dissatisfied - poor accuracy,3,1,0,0,1,1,1,1,0,3x in 12 months,Cost saved per aircraft/yr
UAE-0734,Budget_Regional_Operator,Warm,MRO Engineer/Technician,Independent MRO,31-80,11-20 years,Dubai,Scheduled/calendar,3-5,$10M-$50M,34480621,1,1,1,1,0,0,0,0,0,0,0,0,1,0,1,4,High upfront cost,1,0,1,0,1,0,0,0,Full cloud (SaaS),>$20K,28455,Pay-per-insight,IT/Digital lead,<1 month,0,0,1,0,1,0,0,0,0,1,1,0,1,0,0,6,7,Regional/turboprop,LinkedIn/social media,3,3,4,3,3,0,0,0,1,1,1,1,0,Dissatisfied - hard to integrate,4,0,0,0,1,0,1,0,1,ROI not primary,Cost saved per aircraft/yr
UAE-0735,Budget_Regional_Operator,Warm,Fleet/Maintenance Manager,Low-cost carrier,11-30,20+ years,Dubai,Scheduled/calendar,3-5,<$500K,172286,1,1,0,0,0,0,0,1,0,0,0,0,0,1,0,5,Lack data expertise,1,1,0,0,0,0,1,0,No preference,>$20K,27583,Fixed monthly SaaS,Procurement/Finance,<1 month,0,1,1,0,0,1,0,0,1,0,1,1,0,0,0,6,6,Boeing narrow (B737),Word of mouth,4,3,5,2,4,0,0,0,0,0,0,1,0,Satisfied but expensive,3,0,1,0,0,0,1,1,0,3x in 12 months,Component lifespan extension
UAE-0736,Budget_Regional_Operator,Hot,Director/VP Operations,Low-cost carrier,81-200,6-10 years,Abu Dhabi,Reactive,0,$10M-$50M,31058108,1,1,1,0,0,1,1,0,0,1,1,0,0,1,0,2,Lack data expertise,1,0,0,0,0,1,0,0,No preference,>$20K,26653,Fixed monthly SaaS,C-Suite,1-3 months,1,1,0,1,0,0,0,1,1,0,1,1,0,0,0,3,7,Boeing narrow (B737),LinkedIn/social media,2,4,4,2,3,1,0,1,0,0,1,1,0,Dissatisfied - hard to integrate,9,1,0,0,0,0,0,0,0,2x,Component lifespan extension
UAE-0737,Budget_Regional_Operator,Not Interested,Procurement/Finance,Independent MRO,11-30,2-5 years,Outside GCC,Condition-based,1-2,$500K-$2M,1466281,1,1,1,0,1,0,0,0,0,1,0,0,1,0,0,4,Regulatory concerns,0,1,0,1,1,0,0,0,No preference,$1K-$3K,2156,Hardware lease + software,Head of Maintenance/CAMO,1-3 months,1,1,1,0,0,0,1,0,0,0,1,0,0,0,0,8,1,Boeing wide (B777/B787),Email invite,2,3,2,2,2,0,0,0,0,0,0,1,0,Dissatisfied - poor support,5,0,1,0,1,0,0,0,1,3x in 12 months,Cost saved per aircraft/yr
UAE-0738,Budget_Regional_Operator,Exploring,MRO Engineer/Technician,Low-cost carrier,1-10,11-20 years,Other GCC,Reactive,3-5,$500K-$2M,1403518,0,0,0,1,1,1,1,0,1,0,0,1,0,1,0,4,Cybersecurity,0,1,1,0,0,0,0,0,Full cloud (SaaS),>$20K,49330,Pay-per-insight,Procurement/Finance,3-6 months,0,0,1,0,0,0,1,1,1,0,0,0,0,1,1,5,1,Business jet/helicopter,LinkedIn/social media,2,3,3,3,2,0,0,0,0,0,1,0,0,Dissatisfied - hard to integrate,6,1,1,0,0,0,0,1,0,1.5x,AOG reduction %
UAE-0739,Budget_Regional_Operator,Warm,Fleet/Maintenance Manager,Charter/private aviation,1-10,11-20 years,Abu Dhabi,Scheduled/calendar,3-5,$10M-$50M,28954769,1,1,1,1,1,0,0,0,1,0,0,0,0,0,0,5,High upfront cost,1,1,0,1,0,0,0,0,Hybrid,$3K-$8K,6628,Hardware lease + software,Procurement/Finance,6-12 months,1,0,1,1,0,0,0,0,1,0,0,0,1,0,1,3,7,Airbus narrow (A320),Word of mouth,3,3,4,3,2,0,1,0,0,0,0,0,0,Dissatisfied - hard to integrate,5,0,1,0,0,1,0,1,1,3x in 12 months,Unscheduled maintenance reduction
UAE-0740,Budget_Regional_Operator,Exploring,MRO Engineer/Technician,Commercial airline (full-service),1-10,6-10 years,Abu Dhabi,Scheduled/calendar,3-5,$500K-$2M,1302727,1,1,1,1,0,0,0,1,1,1,0,0,0,0,0,2,High upfront cost,0,1,0,1,0,0,0,1,No preference,$3K-$8K,6079,Pay-per-insight,Head of Maintenance/CAMO,1-3 months,0,1,1,0,1,0,1,1,1,1,1,0,0,0,0,6,6,Boeing narrow (B737),Email invite,2,3,3,3,2,0,1,0,0,0,1,1,1,Very satisfied,6,0,1,0,0,0,1,0,0,2x,AOG reduction %
UAE-0741,Budget_Regional_Operator,Warm,IT/Digital Lead,Low-cost carrier,31-80,6-10 years,Dubai,Reactive,1-2,$2M-$10M,5432956,1,1,1,0,1,1,0,0,0,1,0,0,0,0,0,4,No barriers,1,0,0,0,0,0,0,1,Hybrid,$3K-$8K,4067,Hardware lease + software,Procurement/Finance,>12 months,1,1,1,1,0,0,1,0,1,0,1,1,0,0,0,4,7,Airbus narrow (A320),Email invite,3,4,5,3,3,0,0,0,0,1,0,0,1,Dissatisfied - poor support,6,0,0,1,0,1,1,0,0,3x in 12 months,AOG reduction %
UAE-0742,Budget_Regional_Operator,Hot,Director/VP Operations,Aircraft leasing,31-80,6-10 years,Dubai,Scheduled/calendar,1-2,$2M-$10M,5510133,0,0,0,0,1,0,1,1,0,0,0,0,1,0,0,4,High upfront cost,1,1,1,0,0,0,0,0,Full cloud (SaaS),$1K-$3K,1452,Hardware lease + software,IT/Digital lead,6-12 months,1,1,1,1,0,0,1,1,0,0,1,1,1,0,0,4,7,Boeing narrow (B737),LinkedIn/social media,3,3,4,2,3,1,0,0,0,0,0,0,0,Satisfied but expensive,6,0,0,0,1,0,0,0,0,3x in 12 months,Unscheduled maintenance reduction
UAE-0743,Budget_Regional_Operator,Warm,Fleet/Maintenance Manager,Independent MRO,31-80,6-10 years,Sharjah/Northern Emirates,Scheduled/calendar,6-10,$2M-$10M,6711683,1,1,0,0,1,0,0,1,0,0,0,0,1,1,0,5,Regulatory concerns,1,0,0,0,0,1,0,0,Full cloud (SaaS),$3K-$8K,3749,Per-aircraft/year,Head of Maintenance/CAMO,6-12 months,0,0,0,1,1,0,1,1,0,1,1,0,0,1,0,9,8,Boeing narrow (B737),Industry event,3,3,4,2,4,0,0,0,0,0,0,1,0,Dissatisfied - poor support,5,0,0,0,0,1,1,0,0,1.5x,Cost saved per aircraft/yr
UAE-0744,Budget_Regional_Operator,Warm,Procurement/Finance,Charter/private aviation,11-30,6-10 years,Sharjah/Northern Emirates,Reactive,0,$2M-$10M,5294252,0,0,1,1,0,0,1,0,1,1,0,0,0,0,0,4,Lack data expertise,0,1,0,0,1,0,0,0,Hybrid,$1K-$3K,2403,Fixed monthly SaaS,Head of Maintenance/CAMO,6-12 months,1,0,0,1,0,0,0,0,0,1,1,1,0,0,0,7,8,Airbus narrow (A320),Email invite,3,3,2,3,3,0,1,1,0,0,1,0,0,Dissatisfied - hard to integrate,5,1,0,0,0,0,1,0,0,3x in 12 months,Audit pass rate
UAE-0745,Budget_Regional_Operator,Exploring,Director/VP Operations,Charter/private aviation,11-30,11-20 years,Sharjah/Northern Emirates,Reactive,3-5,$500K-$2M,1260105,1,1,1,0,0,1,0,0,1,0,0,0,0,0,0,1,Lack data expertise,1,0,0,1,1,0,0,0,Hybrid,$1K-$3K,2200,Per-aircraft/year,Procurement/Finance,1-3 months,0,1,0,0,0,1,0,1,0,0,1,1,1,0,0,7,5,Business jet/helicopter,LinkedIn/social media,3,4,4,3,3,1,0,0,0,0,0,0,0,Dissatisfied - poor support,5,1,0,1,0,1,0,0,0,2x,Component lifespan extension
UAE-0746,Budget_Regional_Operator,Warm,Fleet/Maintenance Manager,Low-cost carrier,11-30,11-20 years,Other GCC,Reactive,3-5,$500K-$2M,1437165,1,0,1,0,1,1,0,0,0,0,1,0,1,0,0,6,Regulatory concerns,1,1,0,1,0,0,0,0,Full cloud (SaaS),$1K-$3K,2747,Per-aircraft/year,Procurement/Finance,1-3 months,1,1,0,1,0,0,0,1,1,1,1,0,0,0,0,8,6,Airbus narrow (A320),Industry event,1,4,3,2,3,0,0,0,0,0,1,0,0,Satisfied but expensive,4,1,0,0,1,0,1,0,0,2x,Component lifespan extension
UAE-0747,Budget_Regional_Operator,Warm,MRO Engineer/Technician,Commercial airline (full-service),1-10,6-10 years,Dubai,Scheduled/calendar,1-2,$500K-$2M,1364800,1,1,1,0,0,0,0,0,1,0,0,0,1,1,0,3,Lack data expertise,0,1,0,1,0,1,0,0,No preference,$1K-$3K,1612,Per-aircraft/year,Joint committee,1-3 months,1,0,0,0,0,1,1,0,0,1,1,1,0,0,0,5,7,Airbus narrow (A320),LinkedIn/social media,3,3,3,2,3,0,1,0,0,0,0,0,0,Dissatisfied - hard to integrate,7,0,1,1,0,0,1,0,0,3x in 12 months,Dispatch reliability %
UAE-0748,Budget_Regional_Operator,Not Interested,IT/Digital Lead,Commercial airline (full-service),1-10,<2 years,Dubai,Condition-based,1-2,<$500K,173221,1,0,0,0,0,0,1,0,0,0,0,0,1,1,0,2,Legacy integration,1,1,0,1,0,0,0,0,No preference,$1K-$3K,1520,Fixed monthly SaaS,Joint committee,<1 month,0,0,1,1,1,0,0,1,0,0,1,0,0,1,1,5,3,Boeing narrow (B737),Word of mouth,3,4,4,2,3,1,0,0,0,0,0,0,0,No platform,8,0,0,0,1,0,1,1,0,Strategic value,Unscheduled maintenance reduction
UAE-0749,Budget_Regional_Operator,Not Interested,C-Suite,Independent MRO,81-200,20+ years,Abu Dhabi,Condition-based,3-5,$2M-$10M,5778086,1,1,1,1,1,0,1,0,0,1,0,0,0,0,0,3,High upfront cost,1,0,1,1,0,0,0,0,Hybrid,>$20K,28032,Pay-per-insight,Head of Maintenance/CAMO,1-3 months,1,0,1,0,1,0,1,1,0,0,1,1,0,0,0,5,1,Business jet/helicopter,Email invite,2,4,4,3,2,1,0,0,0,0,0,0,0,Satisfied but expensive,7,1,1,0,0,1,1,1,0,2x,Dispatch reliability %
UAE-0750,Budget_Regional_Operator,Exploring,Fleet/Maintenance Manager,Independent MRO,1-10,2-5 years,Outside GCC,Condition-based,3-5,$500K-$2M,1069082,1,1,1,1,1,0,1,1,0,0,0,0,0,1,0,3,High upfront cost,1,0,0,0,0,0,0,0,Full cloud (SaaS),<$1K,499,Per-aircraft/year,Procurement/Finance,1-3 months,1,0,0,1,0,0,0,0,0,1,1,1,0,0,0,6,6,Boeing narrow (B737),LinkedIn/social media,2,3,4,3,5,0,1,0,0,0,1,1,0,Dissatisfied - poor accuracy,6,1,0,0,0,1,1,0,0,2x,Cost saved per aircraft/yr
UAE-0751,Budget_Regional_Operator,Not Interested,Fleet/Maintenance Manager,Low-cost carrier,11-30,11-20 years,Dubai,Scheduled/calendar,1-2,$2M-$10M,5631593,0,0,1,1,1,0,0,1,0,0,0,0,0,0,1,1,Legacy integration,1,0,1,1,0,0,0,0,No preference,$1K-$3K,1323,Per-aircraft/year,IT/Digital lead,1-3 months,1,1,1,1,1,0,1,0,1,1,1,0,0,0,0,6,2,Airbus narrow (A320),Aviation publication,4,4,4,3,3,0,0,1,0,0,0,0,0,Satisfied but expensive,4,1,1,1,0,1,1,0,1,1.5x,Cost saved per aircraft/yr
UAE-0752,Budget_Regional_Operator,Not Interested,Procurement/Finance,Defence/government,81-200,6-10 years,Sharjah/Northern Emirates,Scheduled/calendar,3-5,$2M-$10M,7546527,1,1,1,1,1,0,0,1,0,0,0,1,0,0,0,2,Regulatory concerns,1,1,0,1,0,0,0,0,Full cloud (SaaS),>$20K,27564,Hardware lease + software,IT/Digital lead,<1 month,1,0,0,1,0,1,0,0,1,0,1,0,1,0,0,4,1,Airbus wide (A330/A350/A380),Industry event,3,3,3,3,2,0,1,0,0,0,0,0,0,Satisfied but expensive,7,1,1,0,0,0,0,0,0,3x in 12 months,Cost saved per aircraft/yr
UAE-0753,Budget_Regional_Operator,Not Interested,MRO Engineer/Technician,Low-cost carrier,31-80,11-20 years,Sharjah/Northern Emirates,Scheduled/calendar,3-5,$2M-$10M,5521070,1,0,0,1,1,0,1,1,0,0,1,0,0,1,0,2,Regulatory concerns,1,0,1,1,0,0,0,0,No preference,$3K-$8K,4387,Pay-per-insight,Procurement/Finance,<1 month,1,0,1,0,1,0,1,1,1,1,1,0,0,0,0,8,5,Airbus narrow (A320),Industry event,3,3,5,3,4,0,1,0,0,0,1,1,0,Dissatisfied - poor accuracy,6,1,0,0,1,0,1,1,0,5x+,AOG reduction %
UAE-0754,Budget_Regional_Operator,Warm,Fleet/Maintenance Manager,Independent MRO,11-30,6-10 years,Abu Dhabi,Scheduled/calendar,6-10,$500K-$2M,698160,0,0,1,0,0,1,0,0,1,0,0,0,0,0,0,4,High upfront cost,0,0,0,1,0,0,1,0,Hybrid,$1K-$3K,2339,Per-aircraft/year,Joint committee,1-3 months,1,1,0,1,1,1,0,0,1,0,1,0,0,1,0,5,5,Airbus narrow (A320),Industry event,2,2,4,4,4,1,0,0,0,0,0,0,0,Dissatisfied - poor support,8,0,0,0,0,1,1,0,1,1.5x,Cost saved per aircraft/yr
UAE-0755,Budget_Regional_Operator,Warm,Director/VP Operations,Low-cost carrier,11-30,2-5 years,Outside GCC,Scheduled/calendar,1-2,<$500K,283089,0,0,1,1,0,0,0,0,1,0,0,0,0,1,1,6,High upfront cost,1,0,1,0,1,0,0,0,Full cloud (SaaS),$1K-$3K,2710,Hardware lease + software,Joint committee,<1 month,0,1,0,1,0,0,0,0,0,0,1,1,0,1,0,5,6,Airbus narrow (A320),LinkedIn/social media,4,5,3,2,3,0,0,0,0,0,0,1,0,No platform,6,1,1,0,0,1,0,1,0,3x in 12 months,Component lifespan extension
UAE-0756,Budget_Regional_Operator,Warm,IT/Digital Lead,Commercial airline (full-service),11-30,11-20 years,Other GCC,Predictive (some AI),6-10,$2M-$10M,6718281,0,0,1,1,0,0,1,1,0,0,0,0,0,1,0,3,High upfront cost,0,1,0,0,1,1,0,0,Full cloud (SaaS),$3K-$8K,7392,Fixed monthly SaaS,Joint committee,1-3 months,0,1,1,1,0,0,1,1,1,0,1,1,0,0,0,4,6,Airbus narrow (A320),Industry event,2,5,4,2,4,0,0,1,0,0,0,0,0,Dissatisfied - hard to integrate,6,0,0,1,0,1,1,0,0,2x,Dispatch reliability %
UAE-0757,Budget_Regional_Operator,Exploring,Director/VP Operations,Aircraft leasing,81-200,6-10 years,Dubai,Scheduled/calendar,3-5,$10M-$50M,29155228,0,1,0,0,0,1,1,1,0,0,0,0,1,0,0,3,High upfront cost,1,1,0,0,0,1,0,0,No preference,$3K-$8K,4682,Per-aircraft/year,Procurement/Finance,6-12 months,0,0,0,1,0,0,0,0,1,1,1,0,0,0,0,5,1,Boeing wide (B777/B787),LinkedIn/social media,2,5,5,3,4,1,0,0,0,0,0,0,0,Dissatisfied - poor support,5,1,0,0,0,0,0,0,0,3x in 12 months,Audit pass rate
UAE-0758,Budget_Regional_Operator,Exploring,Fleet/Maintenance Manager,Independent MRO,31-80,11-20 years,Outside GCC,Scheduled/calendar,3-5,$500K-$2M,1204360,1,0,0,0,0,1,0,1,0,0,0,0,0,1,1,2,High upfront cost,1,0,1,0,0,0,0,0,On-premise,>$20K,27370,Pay-per-insight,Joint committee,1-3 months,1,0,0,1,0,1,1,0,1,1,1,0,0,0,0,6,5,Boeing narrow (B737),Word of mouth,3,4,5,3,2,1,0,0,0,0,0,0,0,No platform,3,1,0,0,1,0,0,0,0,2x,Unscheduled maintenance reduction
UAE-0759,Budget_Regional_Operator,Warm,Fleet/Maintenance Manager,Low-cost carrier,1-10,<2 years,Abu Dhabi,Condition-based,3-5,$2M-$10M,6133902,1,0,1,1,1,0,0,1,0,1,0,0,1,0,1,5,Legacy integration,0,1,0,0,0,1,1,0,Hybrid,$1K-$3K,2031,Pay-per-insight,C-Suite,6-12 months,0,1,0,0,0,0,1,0,1,0,1,1,0,0,0,4,9,Regional/turboprop,Email invite,2,2,4,3,3,0,0,0,0,1,0,1,0,Satisfied but expensive,6,0,0,0,1,1,0,1,0,3x in 12 months,AOG reduction %
UAE-0760,Budget_Regional_Operator,Exploring,Fleet/Maintenance Manager,Independent MRO,1-10,6-10 years,Other GCC,Condition-based,1-2,$10M-$50M,35778471,0,0,1,1,1,1,1,0,0,0,0,1,0,0,0,1,Legacy integration,1,1,0,1,0,0,0,0,Full cloud (SaaS),>$20K,25194,Per-aircraft/year,IT/Digital lead,1-3 months,1,1,0,0,0,1,1,1,0,0,1,1,0,1,0,7,5,Boeing narrow (B737),LinkedIn/social media,4,4,4,2,3,0,0,0,0,1,0,1,1,Dissatisfied - poor accuracy,4,0,0,0,0,1,1,1,0,3x in 12 months,Dispatch reliability %
UAE-0761,Budget_Regional_Operator,Exploring,IT/Digital Lead,Low-cost carrier,81-200,2-5 years,Dubai,Scheduled/calendar,3-5,$10M-$50M,32948551,0,0,0,1,0,1,1,0,1,0,0,0,1,1,1,3,Lack data expertise,0,1,0,0,1,1,0,0,Hybrid,$8K-$20K,10664,Outcome-based,Head of Maintenance/CAMO,<1 month,1,0,0,0,0,0,1,1,1,0,1,0,1,0,0,5,5,Regional/turboprop,Aviation publication,3,4,4,4,3,0,0,0,0,1,0,0,0,Satisfied but expensive,4,0,1,1,0,1,0,0,0,2x,AOG reduction %
UAE-0762,Budget_Regional_Operator,Hot,MRO Engineer/Technician,Low-cost carrier,1-10,6-10 years,Dubai,Scheduled/calendar,3-5,<$500K,215659,1,0,1,0,0,1,0,1,0,0,0,0,1,0,1,5,High upfront cost,0,0,0,0,1,0,1,1,On-premise,$3K-$8K,3083,Fixed monthly SaaS,Joint committee,6-12 months,0,1,1,1,0,0,0,0,0,0,0,0,1,1,0,2,8,Boeing narrow (B737),LinkedIn/social media,2,3,4,3,3,1,0,0,0,1,0,0,0,Very satisfied,5,1,1,1,1,1,1,1,0,ROI not primary,AOG reduction %
UAE-0763,Budget_Regional_Operator,Exploring,IT/Digital Lead,Commercial airline (full-service),31-80,11-20 years,Other GCC,Scheduled/calendar,6-10,$10M-$50M,30416824,0,0,0,1,1,1,0,0,0,0,0,0,0,1,0,4,Lack data expertise,0,1,0,0,1,1,0,0,Full cloud (SaaS),>$20K,28622,Hardware lease + software,C-Suite,3-6 months,1,0,0,1,1,0,1,1,0,0,1,1,0,0,0,4,6,Airbus narrow (A320),Aviation publication,3,3,3,3,3,0,0,1,0,0,0,0,0,Dissatisfied - hard to integrate,7,0,1,0,1,0,0,1,0,2x,Dispatch reliability %
UAE-0764,Budget_Regional_Operator,Exploring,Procurement/Finance,Independent MRO,81-200,<2 years,Abu Dhabi,Reactive,6-10,$10M-$50M,28443417,0,0,0,1,1,1,0,0,0,0,0,0,0,1,0,1,Regulatory concerns,0,1,0,1,1,0,0,0,Full cloud (SaaS),$8K-$20K,16257,Per-aircraft/year,Head of Maintenance/CAMO,1-3 months,1,0,0,0,1,0,0,0,1,0,1,0,0,0,1,7,4,Boeing narrow (B737),Aviation publication,3,3,4,4,3,1,0,1,0,0,0,0,1,Dissatisfied - poor accuracy,5,1,0,0,0,0,1,0,0,ROI not primary,Unscheduled maintenance reduction
UAE-0765,Budget_Regional_Operator,Warm,MRO Engineer/Technician,Charter/private aviation,11-30,20+ years,Outside GCC,Reactive,3-5,$500K-$2M,1503567,1,0,0,1,1,1,0,0,0,0,0,0,0,0,1,9,Lack data expertise,1,0,0,1,1,0,0,0,Hybrid,>$20K,38342,Per-aircraft/year,IT/Digital lead,6-12 months,0,1,0,0,0,1,0,0,0,1,1,1,0,0,0,2,5,Airbus narrow (A320),Industry event,3,3,5,2,3,0,0,1,0,0,0,0,0,No platform,4,0,0,0,0,1,1,1,0,3x in 12 months,Cost saved per aircraft/yr
UAE-0766,Budget_Regional_Operator,Warm,Fleet/Maintenance Manager,Commercial airline (full-service),31-80,20+ years,Dubai,Reactive,6-10,$10M-$50M,31328134,1,0,1,0,0,0,1,1,0,0,0,0,1,0,0,5,High upfront cost,0,0,1,1,0,0,1,0,Hybrid,$8K-$20K,14234,Hardware lease + software,Joint committee,<1 month,1,1,0,0,0,0,0,0,0,1,1,1,0,0,0,4,5,Airbus narrow (A320),Email invite,3,4,3,2,3,0,0,0,0,0,0,0,1,No platform,5,0,0,1,0,1,0,0,0,1.5x,Unscheduled maintenance reduction
UAE-0767,Budget_Regional_Operator,Exploring,Fleet/Maintenance Manager,Charter/private aviation,31-80,2-5 years,Dubai,Reactive,3-5,$2M-$10M,6747448,0,0,0,1,1,0,0,0,0,1,1,0,0,0,0,1,High upfront cost,0,1,0,0,0,1,0,1,Full cloud (SaaS),$3K-$8K,3738,Pay-per-insight,Head of Maintenance/CAMO,3-6 months,1,0,0,0,0,0,1,1,0,1,1,0,0,0,0,5,3,Boeing narrow (B737),Industry event,3,3,4,3,3,0,0,0,0,0,1,1,0,Dissatisfied - poor accuracy,5,1,0,0,1,0,1,0,0,1.5x,Dispatch reliability %
UAE-0768,Budget_Regional_Operator,Exploring,MRO Engineer/Technician,Low-cost carrier,11-30,6-10 years,Sharjah/Northern Emirates,Condition-based,10+,$10M-$50M,30877297,1,0,0,0,1,1,1,0,1,0,0,0,0,0,1,2,Lack data expertise,1,1,0,1,0,0,0,0,On-premise,>$20K,30573,Per-aircraft/year,Head of Maintenance/CAMO,1-3 months,1,1,1,0,0,1,1,0,0,0,0,1,1,1,0,5,6,Regional/turboprop,Word of mouth,3,3,4,2,3,0,0,1,0,0,1,0,0,Dissatisfied - poor accuracy,8,0,0,0,0,1,1,0,0,3x in 12 months,Cost saved per aircraft/yr
UAE-0769,Budget_Regional_Operator,Exploring,Fleet/Maintenance Manager,Low-cost carrier,31-80,11-20 years,Dubai,Scheduled/calendar,3-5,$2M-$10M,5292085,1,1,1,0,0,1,1,1,1,0,1,0,0,1,1,3,High upfront cost,1,0,0,1,1,0,0,0,Full cloud (SaaS),$3K-$8K,3762,Per-aircraft/year,C-Suite,1-3 months,1,0,0,0,0,1,1,0,1,1,1,0,0,0,0,7,3,Airbus narrow (A320),Industry event,2,3,4,4,3,0,0,1,0,0,0,0,0,Satisfied but expensive,4,0,0,0,1,0,0,0,0,5x+,Cost saved per aircraft/yr
UAE-0770,Budget_Regional_Operator,Warm,MRO Engineer/Technician,Aircraft leasing,1-10,20+ years,Dubai,Scheduled/calendar,1-2,<$500K,309607,1,1,1,0,0,0,1,1,0,1,0,0,0,1,0,4,Lack data expertise,1,0,0,1,0,1,0,0,On-premise,<$1K,305,Per-aircraft/year,IT/Digital lead,1-3 months,1,1,0,0,0,1,0,1,1,1,0,1,0,0,0,5,5,Boeing narrow (B737),Aviation publication,3,3,4,4,2,0,0,0,0,0,1,0,1,Dissatisfied - poor accuracy,4,1,0,0,1,1,0,0,1,3x in 12 months,Cost saved per aircraft/yr
UAE-0771,Budget_Regional_Operator,Warm,Fleet/Maintenance Manager,Low-cost carrier,1-10,2-5 years,Dubai,Scheduled/calendar,6-10,$500K-$2M,1235811,1,0,0,1,1,0,0,0,0,0,0,0,0,1,1,7,High upfront cost,1,0,0,0,0,0,1,1,Full cloud (SaaS),$8K-$20K,12340,Fixed monthly SaaS,Head of Maintenance/CAMO,<1 month,0,0,1,0,0,0,0,1,0,1,1,1,0,0,0,4,7,Airbus narrow (A320),LinkedIn/social media,2,4,3,4,2,0,0,0,0,0,1,0,0,Dissatisfied - poor support,5,1,1,0,0,0,1,0,0,ROI not primary,Component lifespan extension
UAE-0772,Budget_Regional_Operator,Warm,MRO Engineer/Technician,Charter/private aviation,1-10,11-20 years,Sharjah/Northern Emirates,Condition-based,6-10,$500K-$2M,1243909,1,0,1,1,1,0,1,0,0,0,0,0,0,1,0,7,No barriers,1,0,0,1,0,1,0,0,On-premise,$8K-$20K,10661,Fixed monthly SaaS,C-Suite,1-3 months,0,1,1,0,0,1,0,0,1,0,1,1,0,0,0,7,7,Airbus narrow (A320),Word of mouth,3,3,4,2,4,1,0,0,0,0,0,1,1,Dissatisfied - poor support,4,1,1,0,0,0,0,0,0,1.5x,Cost saved per aircraft/yr
UAE-0773,Budget_Regional_Operator,Hot,IT/Digital Lead,Charter/private aviation,11-30,6-10 years,Dubai,Predictive (some AI),3-5,$500K-$2M,1228782,0,0,1,0,1,0,0,0,1,0,0,0,1,1,1,4,High upfront cost,1,1,1,0,0,0,0,0,Hybrid,<$1K,411,Hardware lease + software,Procurement/Finance,6-12 months,1,1,0,1,1,0,0,1,1,0,1,0,0,1,0,4,9,Airbus narrow (A320),LinkedIn/social media,4,2,5,5,3,0,0,0,0,0,1,0,0,No platform,8,0,1,0,1,0,0,0,0,5x+,Unscheduled maintenance reduction
UAE-0774,Budget_Regional_Operator,Exploring,C-Suite,Charter/private aviation,11-30,11-20 years,Abu Dhabi,Scheduled/calendar,3-5,$2M-$10M,5763154,1,0,1,1,1,0,0,0,1,0,0,0,0,0,1,1,Regulatory concerns,0,1,0,0,0,1,0,0,Full cloud (SaaS),$8K-$20K,13229,Hardware lease + software,IT/Digital lead,3-6 months,1,1,0,0,0,0,0,1,1,0,1,1,0,0,0,8,3,Airbus narrow (A320),LinkedIn/social media,2,4,4,3,3,1,0,0,0,1,0,0,0,Dissatisfied - poor support,6,1,0,1,1,0,0,0,0,3x in 12 months,Cost saved per aircraft/yr
UAE-0775,Budget_Regional_Operator,Warm,MRO Engineer/Technician,Aircraft leasing,1-10,6-10 years,Abu Dhabi,Condition-based,1-2,$500K-$2M,1168943,1,0,1,1,1,0,0,1,0,1,0,0,1,0,0,5,High upfront cost,1,1,0,0,1,0,0,0,Full cloud (SaaS),$3K-$8K,4581,Per-aircraft/year,IT/Digital lead,>12 months,1,0,0,1,1,1,0,0,1,1,1,0,0,0,0,6,5,Regional/turboprop,Aviation publication,4,3,4,2,2,0,0,0,0,0,0,0,1,Dissatisfied - poor support,2,1,0,0,1,0,0,1,0,5x+,AOG reduction %
UAE-0776,Budget_Regional_Operator,Not Interested,C-Suite,Independent MRO,11-30,20+ years,Abu Dhabi,Condition-based,1-2,$500K-$2M,1052126,0,0,1,0,0,1,1,0,0,0,0,1,0,1,1,2,Legacy integration,0,0,0,1,0,1,0,0,On-premise,$1K-$3K,2076,Per-aircraft/year,IT/Digital lead,<1 month,1,0,0,0,0,0,0,1,1,1,1,0,0,0,0,9,1,Airbus narrow (A320),Industry event,2,2,4,4,4,0,0,0,0,0,0,1,0,Satisfied but expensive,6,1,0,0,1,0,1,0,0,1.5x,Unscheduled maintenance reduction
UAE-0777,Budget_Regional_Operator,Not Interested,MRO Engineer/Technician,Charter/private aviation,31-80,20+ years,Abu Dhabi,Condition-based,3-5,$500K-$2M,1369726,1,0,1,0,0,0,0,0,0,0,1,0,0,0,0,4,High upfront cost,0,0,0,1,1,1,0,0,Hybrid,$1K-$3K,2119,Fixed monthly SaaS,Head of Maintenance/CAMO,1-3 months,0,0,0,1,1,1,0,0,0,0,1,1,0,1,0,8,1,Airbus narrow (A320),LinkedIn/social media,2,3,4,3,4,0,1,0,0,0,0,0,1,Satisfied but expensive,5,1,1,0,0,1,1,0,0,2x,Component lifespan extension
UAE-0778,Budget_Regional_Operator,Warm,Fleet/Maintenance Manager,Low-cost carrier,11-30,20+ years,Other GCC,Condition-based,1-2,$500K-$2M,1471033,1,1,1,0,1,0,1,0,0,1,0,0,1,0,1,4,Cybersecurity,1,0,0,1,1,0,0,0,Hybrid,<$1K,471,Per-aircraft/year,Procurement/Finance,1-3 months,0,0,1,1,1,0,0,1,1,1,1,0,0,0,0,3,5,Boeing narrow (B737),LinkedIn/social media,3,4,4,3,3,0,0,0,0,0,0,1,0,Dissatisfied - poor accuracy,8,1,0,0,0,0,0,0,0,ROI not primary,Cost saved per aircraft/yr
UAE-0779,Budget_Regional_Operator,Exploring,Procurement/Finance,Low-cost carrier,1-10,2-5 years,Sharjah/Northern Emirates,Predictive (some AI),1-2,<$500K,246478,1,1,1,0,0,1,1,1,0,0,0,0,0,0,1,9,High upfront cost,0,0,1,1,0,1,0,0,Full cloud (SaaS),$1K-$3K,1855,Per-aircraft/year,Head of Maintenance/CAMO,<1 month,1,1,0,0,1,1,1,0,1,0,0,1,0,1,0,7,5,Boeing narrow (B737),Word of mouth,3,2,4,4,3,0,0,1,0,0,0,0,0,Dissatisfied - hard to integrate,6,1,0,1,1,0,0,0,0,1.5x,Cost saved per aircraft/yr
UAE-0780,Budget_Regional_Operator,Not Interested,MRO Engineer/Technician,Charter/private aviation,31-80,11-20 years,Abu Dhabi,Reactive,1-2,$10M-$50M,22249843,1,0,0,0,1,0,0,1,1,1,0,0,1,0,0,1,No barriers,0,1,0,1,1,0,0,0,Full cloud (SaaS),$3K-$8K,5907,Pay-per-insight,Head of Maintenance/CAMO,1-3 months,1,1,1,1,1,1,0,1,1,0,1,1,0,0,0,8,3,Airbus narrow (A320),Industry event,3,4,4,2,1,0,0,0,0,0,0,1,0,Satisfied but expensive,6,1,0,0,0,0,0,1,0,3x in 12 months,AOG reduction %
UAE-0781,Budget_Regional_Operator,Not Interested,Fleet/Maintenance Manager,Low-cost carrier,1-10,6-10 years,Outside GCC,Condition-based,3-5,$500K-$2M,1282615,1,1,1,1,1,0,1,0,1,1,0,0,0,0,0,2,Legacy integration,1,0,1,1,0,0,0,0,Full cloud (SaaS),$8K-$20K,9919,Pay-per-insight,C-Suite,1-3 months,1,0,0,0,1,1,0,0,0,1,0,1,1,0,0,8,1,Boeing narrow (B737),Industry event,3,5,2,2,3,1,1,0,0,0,0,0,0,Dissatisfied - poor accuracy,7,1,0,1,0,0,1,0,0,2x,Component lifespan extension
UAE-0782,Budget_Regional_Operator,Exploring,Director/VP Operations,Charter/private aviation,11-30,6-10 years,Abu Dhabi,Predictive (some AI),3-5,$500K-$2M,943174,1,1,1,0,0,0,0,1,0,1,0,0,0,0,0,5,High upfront cost,1,1,1,0,0,0,0,0,Full cloud (SaaS),>$20K,28684,Pay-per-insight,C-Suite,1-3 months,1,1,0,1,0,1,1,0,1,0,1,1,0,0,0,6,4,Airbus narrow (A320),Word of mouth,2,4,3,3,3,0,0,0,0,0,0,1,0,Dissatisfied - hard to integrate,4,0,1,0,0,1,0,0,0,Strategic value,Audit pass rate
UAE-0783,Budget_Regional_Operator,Warm,Procurement/Finance,Commercial airline (full-service),81-200,20+ years,Dubai,Condition-based,3-5,$10M-$50M,41636888,0,1,0,0,0,0,1,1,0,1,0,0,1,0,0,5,Regulatory concerns,0,1,0,0,1,0,1,0,Full cloud (SaaS),>$20K,31090,Per-aircraft/year,C-Suite,1-3 months,1,0,1,1,1,1,0,1,1,1,1,0,0,0,0,6,4,Airbus narrow (A320),LinkedIn/social media,4,2,3,2,3,0,1,0,0,0,1,0,0,No platform,5,1,0,1,1,0,1,1,0,3x in 12 months,Unscheduled maintenance reduction
UAE-0784,Budget_Regional_Operator,Warm,MRO Engineer/Technician,Low-cost carrier,11-30,11-20 years,Abu Dhabi,Scheduled/calendar,0,$2M-$10M,5849866,1,1,0,0,0,0,1,1,0,0,0,0,0,1,0,5,No barriers,1,1,0,0,1,0,0,0,On-premise,<$1K,411,Fixed monthly SaaS,Head of Maintenance/CAMO,>12 months,1,0,1,1,1,1,0,1,1,1,1,0,0,0,0,2,7,Business jet/helicopter,Aviation publication,3,5,3,3,3,0,1,0,0,0,0,0,0,No platform,7,1,0,0,0,0,0,0,1,2x,Audit pass rate
UAE-0785,Budget_Regional_Operator,Warm,Fleet/Maintenance Manager,Charter/private aviation,81-200,<2 years,Other GCC,Reactive,6-10,$2M-$10M,6919766,0,0,0,0,1,0,1,1,0,1,0,0,0,0,0,5,Lack data expertise,1,0,0,1,1,0,0,0,Hybrid,$8K-$20K,13144,Hardware lease + software,C-Suite,3-6 months,1,1,0,1,0,0,0,0,1,0,0,1,0,0,1,6,7,Airbus narrow (A320),Industry event,2,3,4,4,4,0,0,0,1,0,1,1,0,No platform,3,1,0,0,1,0,0,1,0,1.5x,Cost saved per aircraft/yr
UAE-0786,Budget_Regional_Operator,Warm,Director/VP Operations,Low-cost carrier,31-80,11-20 years,Other GCC,Condition-based,3-5,$2M-$10M,4949018,1,1,1,1,0,0,0,0,0,0,0,0,1,0,0,6,Legacy integration,0,0,0,0,0,0,0,1,Full cloud (SaaS),$3K-$8K,4375,Pay-per-insight,Head of Maintenance/CAMO,1-3 months,0,1,0,1,0,1,0,0,1,1,1,0,0,0,0,5,5,Boeing narrow (B737),LinkedIn/social media,4,3,5,3,3,0,0,0,0,0,1,0,0,No platform,2,1,0,0,0,0,0,0,1,3x in 12 months,Cost saved per aircraft/yr
UAE-0787,Budget_Regional_Operator,Warm,MRO Engineer/Technician,Low-cost carrier,11-30,11-20 years,Abu Dhabi,Condition-based,10+,$500K-$2M,836953,1,1,0,0,1,1,0,0,0,0,0,0,1,0,0,5,Lack data expertise,1,0,0,0,0,0,0,0,Full cloud (SaaS),$1K-$3K,2088,Per-aircraft/year,Procurement/Finance,1-3 months,1,1,1,0,0,0,1,1,0,1,1,1,0,0,0,3,5,Airbus narrow (A320),LinkedIn/social media,3,4,4,3,2,0,0,0,0,0,0,1,0,No platform,4,0,0,0,1,1,1,0,0,2x,Unscheduled maintenance reduction
UAE-0788,Budget_Regional_Operator,Exploring,C-Suite,Low-cost carrier,31-80,11-20 years,Abu Dhabi,Scheduled/calendar,10+,$500K-$2M,1558977,1,1,1,0,1,0,0,1,0,1,0,0,1,1,0,2,No barriers,0,0,1,0,0,1,0,0,No preference,$8K-$20K,14318,Per-aircraft/year,Head of Maintenance/CAMO,1-3 months,0,1,1,0,0,1,1,0,1,0,0,1,0,0,0,9,2,Boeing narrow (B737),LinkedIn/social media,3,5,4,3,2,0,0,1,0,0,0,0,0,No platform,4,1,0,0,0,0,1,0,1,2x,Component lifespan extension
UAE-0789,Budget_Regional_Operator,Exploring,Director/VP Operations,Charter/private aviation,11-30,11-20 years,Other GCC,Condition-based,1-2,$500K-$2M,1322181,0,1,1,0,0,0,1,1,1,0,0,0,0,0,0,3,High upfront cost,1,1,0,1,0,0,0,0,No preference,<$1K,600,Fixed monthly SaaS,IT/Digital lead,3-6 months,0,0,1,0,0,0,1,1,0,1,0,0,0,1,1,8,4,Airbus narrow (A320),Email invite,4,3,4,3,3,0,1,0,0,0,1,0,0,Dissatisfied - poor support,6,0,0,0,1,1,0,1,0,ROI not primary,Audit pass rate
UAE-0790,Budget_Regional_Operator,Not Interested,Fleet/Maintenance Manager,Low-cost carrier,1-10,6-10 years,Abu Dhabi,Condition-based,6-10,<$500K,189823,0,1,0,0,1,0,1,0,0,1,0,0,1,0,1,1,Legacy integration,0,1,0,0,0,1,0,0,No preference,$8K-$20K,14258,Fixed monthly SaaS,Head of Maintenance/CAMO,<1 month,1,0,1,0,1,0,1,1,1,0,1,1,0,0,0,5,3,Airbus narrow (A320),LinkedIn/social media,3,4,3,4,4,0,0,0,0,0,0,1,0,Dissatisfied - poor support,5,1,0,1,0,0,1,0,0,2x,Unscheduled maintenance reduction
UAE-0791,Budget_Regional_Operator,Warm,Director/VP Operations,Low-cost carrier,11-30,11-20 years,Abu Dhabi,Condition-based,3-5,$10M-$50M,32297409,1,1,1,1,0,0,0,1,0,0,0,0,1,0,0,5,Lack data expertise,0,1,0,1,0,0,1,0,Hybrid,$3K-$8K,6025,Outcome-based,Head of Maintenance/CAMO,1-3 months,1,0,1,1,0,1,0,0,0,1,1,1,0,0,0,4,6,Boeing wide (B777/B787),Word of mouth,3,5,3,3,2,0,0,1,0,0,0,1,1,Very satisfied,7,1,0,0,1,0,0,0,0,3x in 12 months,Dispatch reliability %
UAE-0792,Budget_Regional_Operator,Exploring,Fleet/Maintenance Manager,Commercial airline (full-service),1-10,6-10 years,Dubai,Condition-based,1-2,$500K-$2M,1139799,1,1,0,0,0,1,0,1,0,0,1,0,1,0,1,1,Lack data expertise,1,0,0,1,0,0,0,1,Full cloud (SaaS),<$1K,557,Hardware lease + software,C-Suite,6-12 months,1,1,0,1,0,0,0,0,1,0,1,1,0,0,0,9,5,Airbus narrow (A320),Aviation publication,3,4,5,2,3,0,0,0,1,0,0,0,0,Very satisfied,4,1,0,1,0,0,0,0,0,Strategic value,Dispatch reliability %
UAE-0793,Budget_Regional_Operator,Warm,Procurement/Finance,Low-cost carrier,1-10,<2 years,Dubai,Condition-based,3-5,<$500K,206205,1,0,0,0,1,0,1,0,0,1,0,0,0,0,0,4,Lack data expertise,0,1,0,0,0,0,0,0,Full cloud (SaaS),>$20K,33582,Fixed monthly SaaS,Procurement/Finance,3-6 months,1,1,0,0,0,0,0,1,1,0,1,1,0,0,0,5,7,Boeing narrow (B737),Aviation publication,3,4,3,3,3,0,0,0,0,0,1,0,0,Very satisfied,5,0,0,1,0,0,0,0,0,2x,AOG reduction %
UAE-0794,Budget_Regional_Operator,Warm,Procurement/Finance,Commercial airline (full-service),31-80,11-20 years,Other GCC,Condition-based,1-2,$2M-$10M,6288169,0,1,0,1,1,1,0,1,0,1,0,0,1,1,1,5,Regulatory concerns,0,0,0,1,1,0,0,0,Full cloud (SaaS),$1K-$3K,1864,Pay-per-insight,IT/Digital lead,3-6 months,1,0,0,1,1,0,0,1,0,0,1,0,0,1,0,9,7,Airbus narrow (A320),Email invite,3,3,3,3,3,0,0,0,0,0,0,1,0,Dissatisfied - hard to integrate,2,0,0,0,0,0,1,1,0,1.5x,Audit pass rate
UAE-0795,Budget_Regional_Operator,Not Interested,MRO Engineer/Technician,Commercial airline (full-service),1-10,20+ years,Abu Dhabi,Condition-based,3-5,<$500K,191147,1,1,0,0,1,0,1,1,1,0,0,0,0,0,0,2,High upfront cost,1,1,1,0,0,0,0,0,Hybrid,$3K-$8K,5705,Outcome-based,Head of Maintenance/CAMO,1-3 months,1,1,0,0,0,0,1,1,1,0,0,1,1,0,0,7,3,Airbus wide (A330/A350/A380),LinkedIn/social media,2,3,5,3,4,0,0,0,0,0,1,0,0,Satisfied but expensive,8,1,1,0,1,0,1,0,0,5x+,AOG reduction %
UAE-0796,Budget_Regional_Operator,Hot,MRO Engineer/Technician,Low-cost carrier,11-30,20+ years,Outside GCC,Scheduled/calendar,1-2,<$500K,223982,1,1,1,1,1,0,1,0,0,0,0,0,1,1,0,5,Lack data expertise,0,1,0,0,0,1,1,0,Full cloud (SaaS),$1K-$3K,1901,Pay-per-insight,C-Suite,1-3 months,1,0,1,0,1,0,0,0,1,0,0,0,1,0,0,1,8,Boeing narrow (B737),Industry event,3,4,4,3,3,0,0,0,0,0,1,1,1,Dissatisfied - poor accuracy,7,1,1,1,0,0,1,0,1,1.5x,AOG reduction %
UAE-0797,Budget_Regional_Operator,Exploring,C-Suite,Low-cost carrier,1-10,20+ years,Abu Dhabi,Scheduled/calendar,0,<$500K,231350,1,0,1,1,0,0,1,0,0,1,1,0,0,0,0,3,Legacy integration,1,0,0,1,1,0,0,0,No preference,$3K-$8K,5661,Outcome-based,Joint committee,3-6 months,1,0,1,1,0,0,1,0,0,1,1,0,0,1,0,8,5,Airbus narrow (A320),Word of mouth,2,3,4,3,3,0,0,0,0,0,1,0,0,No platform,7,0,0,1,1,0,1,1,0,2x,AOG reduction %
UAE-0798,Budget_Regional_Operator,Warm,Fleet/Maintenance Manager,Independent MRO,31-80,6-10 years,Sharjah/Northern Emirates,Predictive (some AI),1-2,$2M-$10M,6168713,1,0,0,1,1,0,1,1,0,0,0,0,0,1,1,5,Cybersecurity,0,0,0,0,0,1,0,1,On-premise,<$1K,570,Pay-per-insight,C-Suite,3-6 months,1,0,1,1,1,0,1,0,0,1,1,0,0,1,0,4,8,Airbus narrow (A320),Email invite,2,4,5,2,3,0,0,1,0,0,0,0,0,Satisfied but expensive,7,1,0,0,0,1,0,1,0,3x in 12 months,Cost saved per aircraft/yr
UAE-0799,Budget_Regional_Operator,Warm,Fleet/Maintenance Manager,Defence/government,11-30,11-20 years,Other GCC,Scheduled/calendar,0,$500K-$2M,1466983,1,1,1,1,1,0,0,0,0,0,0,0,1,0,0,5,Lack data expertise,0,0,0,1,0,0,1,1,Hybrid,<$1K,433,Hardware lease + software,Head of Maintenance/CAMO,3-6 months,1,1,0,0,0,0,0,1,0,0,1,0,1,1,0,6,8,Boeing narrow (B737),Aviation publication,2,3,4,3,3,0,0,0,0,0,1,0,0,Dissatisfied - poor accuracy,6,0,0,0,1,1,1,0,0,3x in 12 months,AOG reduction %
UAE-0800,Budget_Regional_Operator,Not Interested,Fleet/Maintenance Manager,Independent MRO,11-30,6-10 years,Dubai,Condition-based,1-2,$500K-$2M,1116849,1,0,0,1,0,0,0,0,1,1,1,0,1,1,0,1,Legacy integration,1,0,0,1,0,0,0,1,No preference,$1K-$3K,1847,Hardware lease + software,Head of Maintenance/CAMO,3-6 months,1,1,1,0,0,0,1,0,0,1,1,1,0,0,0,8,1,Boeing narrow (B737),Industry event,2,2,3,3,4,1,0,0,0,0,0,0,0,Dissatisfied - poor accuracy,7,0,1,0,1,1,0,0,1,3x in 12 months,Cost saved per aircraft/yr
UAE-0801,Budget_Regional_Operator,Exploring,MRO Engineer/Technician,Low-cost carrier,81-200,11-20 years,Sharjah/Northern Emirates,Reactive,1-2,>$50M,65821017,1,0,0,1,0,0,1,0,0,1,0,0,0,0,0,1,Cybersecurity,0,1,0,1,0,1,0,0,Hybrid,$1K-$3K,2178,Per-aircraft/year,IT/Digital lead,1-3 months,0,0,0,1,1,0,0,0,0,0,1,1,0,1,0,7,5,Airbus narrow (A320),LinkedIn/social media,1,3,4,3,4,1,0,1,0,0,1,1,0,Dissatisfied - poor accuracy,5,1,0,1,0,0,1,0,0,1.5x,Cost saved per aircraft/yr
UAE-0802,Budget_Regional_Operator,Not Interested,Fleet/Maintenance Manager,Charter/private aviation,81-200,20+ years,Other GCC,Scheduled/calendar,6-10,$10M-$50M,31488527,1,0,1,1,1,1,1,0,0,0,0,0,0,1,0,2,No barriers,1,0,0,1,1,0,0,0,Full cloud (SaaS),$3K-$8K,6178,Pay-per-insight,Head of Maintenance/CAMO,6-12 months,1,0,0,1,0,1,1,1,1,1,1,0,0,0,0,8,2,Boeing narrow (B737),Word of mouth,3,4,4,3,3,0,0,0,1,0,1,0,0,Dissatisfied - poor accuracy,7,0,1,0,1,1,0,0,0,2x,AOG reduction %
UAE-0803,Budget_Regional_Operator,Exploring,Fleet/Maintenance Manager,Independent MRO,81-200,11-20 years,Abu Dhabi,Reactive,0,$2M-$10M,6238647,0,0,0,0,0,1,0,0,1,0,0,0,0,0,0,2,Legacy integration,1,1,0,0,1,0,0,0,Hybrid,$8K-$20K,16226,Per-aircraft/year,C-Suite,6-12 months,1,0,0,0,1,1,0,0,1,1,0,1,0,0,0,4,3,Airbus narrow (A320),Email invite,3,4,3,3,3,0,0,0,0,0,1,0,0,Dissatisfied - poor support,4,1,0,0,1,0,0,0,1,3x in 12 months,Dispatch reliability %
UAE-0804,Budget_Regional_Operator,Hot,Fleet/Maintenance Manager,Low-cost carrier,31-80,20+ years,Other GCC,Scheduled/calendar,6-10,$10M-$50M,34246189,0,0,0,0,1,1,1,1,0,0,0,0,1,0,0,6,No barriers,0,0,0,0,0,1,1,0,On-premise,>$20K,27903,Pay-per-insight,IT/Digital lead,1-3 months,0,0,0,0,0,0,1,1,0,1,1,1,0,0,0,2,6,Boeing narrow (B737),LinkedIn/social media,4,4,3,3,3,0,0,0,0,1,0,1,1,Satisfied but expensive,5,0,1,0,0,1,0,0,1,3x in 12 months,Component lifespan extension
UAE-0805,Budget_Regional_Operator,Hot,Fleet/Maintenance Manager,Commercial airline (full-service),1-10,6-10 years,Outside GCC,Scheduled/calendar,1-2,>$50M,79896129,1,1,1,0,1,0,0,1,0,0,0,0,1,0,0,4,High upfront cost,1,1,1,0,0,0,0,0,Full cloud (SaaS),>$20K,37312,Hardware lease + software,Joint committee,1-3 months,1,0,0,1,1,1,1,0,0,0,1,1,1,0,0,3,7,Boeing narrow (B737),Email invite,3,5,3,2,2,0,1,0,0,0,0,0,0,Dissatisfied - hard to integrate,5,1,0,0,1,1,1,0,0,3x in 12 months,Cost saved per aircraft/yr
UAE-0806,Budget_Regional_Operator,Hot,Director/VP Operations,Commercial airline (full-service),31-80,11-20 years,Dubai,Reactive,0,$2M-$10M,5403151,1,0,0,0,0,0,0,1,0,0,0,0,1,0,0,5,Regulatory concerns,1,0,0,0,0,1,1,0,Full cloud (SaaS),$8K-$20K,14334,Hardware lease + software,Joint committee,<1 month,1,0,1,1,0,0,1,0,1,0,0,0,0,0,0,1,6,Airbus narrow (A320),LinkedIn/social media,3,4,4,2,3,0,0,0,0,1,1,0,0,Dissatisfied - poor support,7,1,0,1,0,0,1,0,0,3x in 12 months,Dispatch reliability %
UAE-0807,Budget_Regional_Operator,Hot,Procurement/Finance,Low-cost carrier,11-30,11-20 years,Abu Dhabi,Condition-based,6-10,$500K-$2M,1302121,0,1,0,1,0,0,1,1,1,1,0,0,1,0,0,4,Regulatory concerns,1,0,0,1,0,1,0,0,On-premise,>$20K,28224,Hardware lease + software,Joint committee,3-6 months,0,0,0,0,1,0,0,1,1,1,1,0,0,0,0,1,9,Airbus narrow (A320),Word of mouth,3,2,4,3,3,1,0,0,0,0,0,0,0,Very satisfied,5,1,1,0,0,1,1,1,0,Strategic value,Cost saved per aircraft/yr
UAE-0808,Budget_Regional_Operator,Exploring,Fleet/Maintenance Manager,Independent MRO,31-80,20+ years,Dubai,Reactive,3-5,$2M-$10M,4898038,1,1,1,0,1,0,0,1,0,0,0,0,1,1,0,3,High upfront cost,0,1,0,1,0,0,1,0,No preference,$1K-$3K,1766,Fixed monthly SaaS,IT/Digital lead,1-3 months,1,0,0,0,0,1,1,0,1,1,0,1,0,0,0,3,4,Regional/turboprop,Word of mouth,3,3,5,3,3,0,0,0,0,1,1,0,0,Dissatisfied - hard to integrate,5,1,0,1,1,0,0,0,0,3x in 12 months,Component lifespan extension
UAE-0809,Budget_Regional_Operator,Not Interested,MRO Engineer/Technician,Low-cost carrier,1-10,11-20 years,Dubai,Scheduled/calendar,3-5,$2M-$10M,5938542,1,0,0,0,0,0,1,0,0,1,0,1,0,0,0,2,Lack data expertise,0,0,1,1,0,0,0,0,Full cloud (SaaS),$8K-$20K,13238,Per-aircraft/year,Joint committee,3-6 months,1,1,1,0,0,0,1,1,1,1,0,1,0,0,0,8,1,Regional/turboprop,Industry event,2,3,5,3,3,0,1,0,0,0,1,0,0,Very satisfied,3,1,1,0,0,1,0,0,0,2x,AOG reduction %
UAE-0810,Budget_Regional_Operator,Not Interested,Procurement/Finance,Aircraft leasing,200+,6-10 years,Outside GCC,Reactive,3-5,>$50M,82012600,0,1,1,0,0,1,1,1,0,0,1,0,0,0,0,2,High upfront cost,1,1,0,1,0,0,0,0,On-premise,$8K-$20K,14539,Per-aircraft/year,Joint committee,1-3 months,0,0,0,1,0,0,0,0,1,1,1,0,0,0,0,6,2,Boeing narrow (B737),LinkedIn/social media,3,3,4,2,3,0,0,0,0,0,1,0,0,No platform,6,1,0,1,1,0,1,1,0,ROI not primary,Unscheduled maintenance reduction
UAE-0811,Budget_Regional_Operator,Hot,Director/VP Operations,Independent MRO,31-80,20+ years,Abu Dhabi,Predictive (some AI),3-5,$2M-$10M,5208320,1,1,1,1,1,0,0,1,0,0,0,0,1,0,1,4,Legacy integration,0,1,1,1,0,0,0,0,No preference,>$20K,26875,Fixed monthly SaaS,Head of Maintenance/CAMO,1-3 months,0,1,0,1,0,1,0,0,1,0,1,0,0,0,0,3,8,Airbus wide (A330/A350/A380),Word of mouth,3,5,3,2,4,1,0,0,0,0,0,0,0,Satisfied but expensive,8,0,1,1,0,0,1,1,0,3x in 12 months,AOG reduction %
UAE-0812,Budget_Regional_Operator,Not Interested,Director/VP Operations,Low-cost carrier,31-80,11-20 years,Dubai,Scheduled/calendar,3-5,$10M-$50M,31767457,1,1,1,1,0,0,1,0,0,1,0,0,0,1,0,1,High upfront cost,1,1,0,1,0,0,0,0,Hybrid,<$1K,488,Hardware lease + software,C-Suite,1-3 months,1,0,0,1,1,0,0,0,1,0,1,0,1,0,0,6,2,Boeing narrow (B737),Industry event,2,3,3,3,3,0,0,0,1,0,0,0,1,Dissatisfied - poor accuracy,5,1,0,0,1,0,1,0,0,2x,Component lifespan extension
UAE-0813,Budget_Regional_Operator,Hot,C-Suite,Independent MRO,81-200,6-10 years,Abu Dhabi,Reactive,3-5,<$500K,250838,0,1,1,0,0,0,0,0,0,0,0,0,0,1,0,4,Legacy integration,1,0,1,1,0,0,0,0,Hybrid,$3K-$8K,6120,Hardware lease + software,Joint committee,6-12 months,1,1,0,0,1,1,1,0,1,1,1,0,0,0,0,3,7,Regional/turboprop,Industry event,4,4,4,4,4,0,0,0,1,0,0,1,1,Dissatisfied - poor accuracy,5,0,1,1,0,1,0,0,0,2x,Cost saved per aircraft/yr
UAE-0814,Budget_Regional_Operator,Warm,Fleet/Maintenance Manager,Charter/private aviation,11-30,11-20 years,Sharjah/Northern Emirates,Reactive,1-2,$2M-$10M,6312657,0,1,1,0,0,0,1,1,0,0,0,0,1,0,0,4,High upfront cost,0,1,0,1,1,0,0,0,Full cloud (SaaS),$1K-$3K,1947,Hardware lease + software,Procurement/Finance,3-6 months,1,1,1,1,0,1,0,0,0,1,1,0,1,0,0,4,6,Boeing narrow (B737),Industry event,3,4,4,2,2,0,0,1,0,0,0,0,0,Dissatisfied - hard to integrate,4,1,1,0,1,0,0,0,0,2x,AOG reduction %
UAE-0815,Budget_Regional_Operator,Exploring,MRO Engineer/Technician,Independent MRO,31-80,20+ years,Sharjah/Northern Emirates,Scheduled/calendar,1-2,<$500K,239415,0,1,1,1,1,0,0,1,0,1,1,0,1,1,0,4,Lack data expertise,1,0,0,1,1,0,0,0,Full cloud (SaaS),<$1K,395,Per-aircraft/year,Procurement/Finance,3-6 months,1,1,1,1,0,1,0,0,1,0,1,0,0,0,0,5,5,Airbus wide (A330/A350/A380),Email invite,3,4,4,3,3,0,0,1,1,0,0,1,0,Dissatisfied - poor accuracy,6,1,0,0,1,0,1,0,0,2x,Cost saved per aircraft/yr
UAE-0816,Budget_Regional_Operator,Warm,IT/Digital Lead,Independent MRO,31-80,6-10 years,Abu Dhabi,Scheduled/calendar,3-5,>$50M,57618115,1,1,1,1,0,1,0,0,0,0,0,0,0,0,1,4,High upfront cost,0,1,1,1,0,0,0,0,No preference,$1K-$3K,2106,Pay-per-insight,IT/Digital lead,6-12 months,0,0,0,1,1,1,0,1,1,0,1,0,0,1,0,5,8,Regional/turboprop,Email invite,3,5,3,4,4,0,0,0,0,0,0,0,1,Dissatisfied - poor support,4,1,0,1,0,0,1,0,0,3x in 12 months,AOG reduction %
UAE-0817,Budget_Regional_Operator,Exploring,Procurement/Finance,Low-cost carrier,31-80,20+ years,Dubai,Condition-based,6-10,$2M-$10M,6276335,1,1,1,0,0,0,1,1,0,1,0,0,0,1,0,2,High upfront cost,0,1,0,0,0,0,1,0,Hybrid,$8K-$20K,15576,Pay-per-insight,C-Suite,<1 month,1,0,0,1,0,0,1,1,1,0,1,1,0,0,0,6,4,Airbus narrow (A320),Email invite,4,3,4,3,4,0,0,0,0,0,1,1,0,Dissatisfied - poor accuracy,4,1,0,0,0,1,1,1,0,5x+,AOG reduction %
UAE-0818,Budget_Regional_Operator,Exploring,MRO Engineer/Technician,Independent MRO,11-30,11-20 years,Abu Dhabi,Predictive (some AI),6-10,$2M-$10M,5447270,1,0,1,0,0,0,0,1,1,0,0,0,0,0,0,4,Lack data expertise,1,0,1,1,0,0,0,0,No preference,$3K-$8K,5059,Per-aircraft/year,Joint committee,<1 month,1,0,0,1,0,0,1,1,1,1,1,0,0,0,0,8,5,Airbus narrow (A320),LinkedIn/social media,3,2,4,3,4,0,0,0,0,0,1,0,0,Dissatisfied - hard to integrate,7,0,0,0,0,0,1,0,1,5x+,AOG reduction %
UAE-0819,Budget_Regional_Operator,Warm,MRO Engineer/Technician,Charter/private aviation,31-80,20+ years,Sharjah/Northern Emirates,Reactive,1-2,$2M-$10M,5383511,0,0,0,1,0,0,0,0,0,0,1,0,0,0,0,6,Cybersecurity,1,0,0,0,0,0,1,0,No preference,$3K-$8K,6257,Per-aircraft/year,Head of Maintenance/CAMO,3-6 months,1,0,1,0,0,1,0,1,1,1,0,0,0,1,0,6,7,Regional/turboprop,Aviation publication,1,3,3,3,4,0,0,0,0,0,1,0,1,No platform,5,1,1,0,1,0,1,0,1,3x in 12 months,Dispatch reliability %
UAE-0820,Budget_Regional_Operator,Warm,IT/Digital Lead,Charter/private aviation,1-10,20+ years,Dubai,Predictive (some AI),0,$500K-$2M,1465267,0,1,0,0,1,1,1,1,0,0,0,0,1,0,1,5,High upfront cost,1,1,1,0,0,0,0,0,Full cloud (SaaS),>$20K,30891,Per-aircraft/year,Head of Maintenance/CAMO,1-3 months,1,0,0,1,1,0,1,1,1,0,0,0,0,0,0,1,6,Business jet/helicopter,LinkedIn/social media,3,3,3,2,3,1,0,0,0,0,0,0,0,Satisfied but expensive,6,0,1,0,0,0,0,0,0,1.5x,AOG reduction %
UAE-0821,Budget_Regional_Operator,Exploring,IT/Digital Lead,Low-cost carrier,11-30,11-20 years,Dubai,Condition-based,6-10,$500K-$2M,1285368,1,1,0,1,1,1,0,1,0,1,0,0,0,0,0,4,Legacy integration,1,1,1,0,0,0,0,0,On-premise,$3K-$8K,4474,Per-aircraft/year,Head of Maintenance/CAMO,3-6 months,0,1,0,1,0,1,0,1,0,1,1,1,0,0,0,7,4,Airbus narrow (A320),Industry event,3,3,5,3,3,0,0,0,0,0,1,0,0,Very satisfied,5,1,1,0,0,0,0,0,0,Strategic value,AOG reduction %
UAE-0822,Budget_Regional_Operator,Warm,MRO Engineer/Technician,Low-cost carrier,1-10,20+ years,Outside GCC,Scheduled/calendar,1-2,<$500K,241016,1,0,1,1,0,0,0,0,1,0,0,0,0,0,1,5,Lack data expertise,1,1,0,0,1,0,0,0,No preference,$3K-$8K,4332,Pay-per-insight,C-Suite,1-3 months,1,1,0,1,0,1,1,0,1,1,1,0,0,0,0,4,7,Boeing narrow (B737),LinkedIn/social media,3,4,4,3,3,0,0,0,0,0,0,1,0,Dissatisfied - hard to integrate,5,1,0,1,0,0,1,0,1,3x in 12 months,Unscheduled maintenance reduction
UAE-0823,Budget_Regional_Operator,Warm,Director/VP Operations,Charter/private aviation,81-200,6-10 years,Dubai,Condition-based,6-10,$10M-$50M,31814848,1,1,1,0,0,0,0,1,0,0,0,0,0,1,0,3,High upfront cost,1,0,1,1,0,0,0,0,Full cloud (SaaS),$3K-$8K,5201,Outcome-based,Procurement/Finance,<1 month,0,1,0,0,0,0,0,1,1,0,1,1,0,0,0,2,8,Airbus narrow (A320),Email invite,3,3,4,3,2,0,1,0,0,0,0,1,0,Dissatisfied - poor support,5,1,0,0,1,1,0,0,0,ROI not primary,Cost saved per aircraft/yr
UAE-0824,Budget_Regional_Operator,Warm,IT/Digital Lead,Aircraft leasing,11-30,2-5 years,Abu Dhabi,Reactive,3-5,$2M-$10M,5698349,1,1,1,1,0,0,0,0,0,0,0,0,1,0,0,3,Lack data expertise,1,0,0,0,1,0,0,1,Hybrid,<$1K,437,Outcome-based,IT/Digital lead,1-3 months,1,0,0,1,1,0,1,0,1,0,1,1,0,0,0,4,6,Boeing wide (B777/B787),Word of mouth,2,4,4,3,3,0,0,0,0,1,1,0,0,Dissatisfied - hard to integrate,4,1,0,0,0,0,1,0,0,1.5x,Unscheduled maintenance reduction
UAE-0825,Budget_Regional_Operator,Exploring,Fleet/Maintenance Manager,Commercial airline (full-service),11-30,20+ years,Outside GCC,Scheduled/calendar,1-2,$10M-$50M,32053601,1,0,1,0,0,0,1,1,0,1,0,0,0,1,0,2,Lack data expertise,1,0,0,1,0,1,0,0,Full cloud (SaaS),<$1K,419,Per-aircraft/year,Head of Maintenance/CAMO,<1 month,0,1,0,0,0,1,0,1,1,0,0,0,1,0,0,7,6,Airbus narrow (A320),LinkedIn/social media,3,4,3,2,4,0,0,0,0,0,1,0,0,Satisfied but expensive,8,0,1,0,1,0,1,0,0,2x,Cost saved per aircraft/yr
UAE-0826,Budget_Regional_Operator,Warm,MRO Engineer/Technician,Low-cost carrier,1-10,6-10 years,Dubai,Scheduled/calendar,6-10,<$500K,307855,1,1,1,0,0,0,1,1,0,0,0,0,1,0,0,4,High upfront cost,1,0,0,0,0,0,0,0,Full cloud (SaaS),$1K-$3K,1584,Per-aircraft/year,IT/Digital lead,1-3 months,0,1,1,1,0,0,1,0,1,1,1,0,0,0,0,3,4,Regional/turboprop,Email invite,4,4,4,4,4,0,1,0,0,0,0,0,0,Satisfied but expensive,4,1,0,0,0,1,1,0,0,2x,AOG reduction %
UAE-0827,Budget_Regional_Operator,Exploring,Fleet/Maintenance Manager,Low-cost carrier,11-30,6-10 years,Outside GCC,Scheduled/calendar,6-10,<$500K,326332,1,1,1,1,1,0,0,1,0,0,1,0,0,0,0,5,Regulatory concerns,1,0,0,1,0,0,0,1,Hybrid,$8K-$20K,13669,Pay-per-insight,C-Suite,1-3 months,1,1,0,0,0,1,0,0,0,0,1,1,0,0,0,5,5,Regional/turboprop,Email invite,3,3,5,4,3,0,0,0,0,0,0,1,0,Dissatisfied - poor accuracy,3,1,0,0,0,0,0,0,1,Strategic value,AOG reduction %
UAE-0828,Budget_Regional_Operator,Exploring,Director/VP Operations,Commercial airline (full-service),1-10,2-5 years,Sharjah/Northern Emirates,Scheduled/calendar,3-5,$2M-$10M,4893426,0,1,1,1,0,1,0,0,1,0,0,0,0,0,0,2,Lack data expertise,1,0,0,1,1,0,0,0,On-premise,$1K-$3K,1820,Outcome-based,Head of Maintenance/CAMO,3-6 months,1,0,1,1,0,1,0,1,0,0,1,1,0,1,0,5,5,Boeing narrow (B737),Word of mouth,3,4,3,3,4,0,1,0,0,0,0,0,0,Dissatisfied - poor accuracy,6,0,1,0,0,0,0,1,0,1.5x,AOG reduction %
UAE-0829,Budget_Regional_Operator,Warm,MRO Engineer/Technician,Aircraft leasing,81-200,11-20 years,Abu Dhabi,Scheduled/calendar,6-10,$10M-$50M,36895711,1,0,0,0,0,1,0,1,1,0,0,0,1,1,0,5,High upfront cost,1,0,0,0,1,0,1,0,Hybrid,<$1K,666,Hardware lease + software,Joint committee,1-3 months,1,0,0,0,0,0,0,0,0,0,1,0,1,0,1,5,7,Airbus narrow (A320),LinkedIn/social media,3,4,4,4,4,0,0,0,0,0,0,0,1,Dissatisfied - hard to integrate,5,0,0,1,0,1,1,0,0,1.5x,Dispatch reliability %
UAE-0830,Budget_Regional_Operator,Warm,IT/Digital Lead,Low-cost carrier,11-30,6-10 years,Dubai,Scheduled/calendar,6-10,<$500K,301650,1,1,1,0,0,1,1,0,0,0,0,0,0,1,0,2,Cybersecurity,1,1,0,0,1,0,0,0,Full cloud (SaaS),$8K-$20K,10415,Hardware lease + software,C-Suite,1-3 months,1,0,1,1,0,0,0,0,0,0,1,1,0,1,0,6,6,Business jet/helicopter,LinkedIn/social media,3,4,4,2,3,1,1,0,0,0,0,0,0,Dissatisfied - hard to integrate,6,0,0,1,0,1,0,1,1,Strategic value,Dispatch reliability %
UAE-0831,Budget_Regional_Operator,Hot,Fleet/Maintenance Manager,Low-cost carrier,200+,6-10 years,Abu Dhabi,Predictive (some AI),0,>$50M,88731194,1,1,0,0,1,0,0,0,0,0,0,0,1,1,1,7,Regulatory concerns,1,0,0,1,1,0,0,0,Hybrid,$8K-$20K,14615,Pay-per-insight,Joint committee,6-12 months,1,1,0,1,0,1,1,1,0,0,1,0,0,0,1,3,6,Boeing narrow (B737),LinkedIn/social media,2,3,5,2,4,0,0,0,0,0,1,1,0,Very satisfied,5,1,0,1,1,0,1,0,0,ROI not primary,AOG reduction %
UAE-0832,Budget_Regional_Operator,Hot,MRO Engineer/Technician,Aircraft leasing,31-80,11-20 years,Abu Dhabi,Scheduled/calendar,1-2,$2M-$10M,5840548,0,1,0,0,1,0,0,0,0,1,1,0,0,0,0,5,High upfront cost,0,0,0,1,0,0,1,1,On-premise,$8K-$20K,13014,Per-aircraft/year,Head of Maintenance/CAMO,1-3 months,0,0,0,1,0,1,0,0,1,0,1,1,0,0,0,2,6,Airbus narrow (A320),Industry event,3,3,3,3,3,1,0,0,0,0,0,0,0,Very satisfied,5,1,0,0,0,1,0,0,0,3x in 12 months,Dispatch reliability %
UAE-0833,Budget_Regional_Operator,Warm,Procurement/Finance,Low-cost carrier,1-10,11-20 years,Sharjah/Northern Emirates,Reactive,6-10,$500K-$2M,1436640,1,1,0,1,1,0,1,0,1,0,1,0,1,1,0,5,Legacy integration,1,0,0,1,1,0,0,0,Full cloud (SaaS),$3K-$8K,5207,Per-aircraft/year,Joint committee,3-6 months,1,0,1,0,0,1,1,1,1,1,0,1,0,0,0,4,6,Airbus narrow (A320),Aviation publication,3,4,5,2,3,0,0,0,0,0,0,1,0,Satisfied but expensive,6,1,1,1,0,0,0,0,0,2x,Audit pass rate
UAE-0834,Budget_Regional_Operator,Not Interested,MRO Engineer/Technician,Commercial airline (full-service),1-10,20+ years,Abu Dhabi,Reactive,0,$500K-$2M,1450249,1,1,0,0,0,0,0,1,1,0,0,0,1,0,0,3,Regulatory concerns,1,0,0,1,0,0,1,0,On-premise,$1K-$3K,1977,Hardware lease + software,Procurement/Finance,<1 month,1,1,1,1,0,0,1,0,0,0,1,1,1,0,0,6,1,Boeing narrow (B737),LinkedIn/social media,3,4,3,3,3,0,1,0,1,0,0,0,0,Dissatisfied - poor accuracy,3,1,0,0,0,0,0,0,0,ROI not primary,AOG reduction %
UAE-0835,Budget_Regional_Operator,Not Interested,MRO Engineer/Technician,Low-cost carrier,1-10,11-20 years,Dubai,Scheduled/calendar,1-2,<$500K,291437,0,0,1,0,0,1,0,0,0,0,0,0,0,0,1,10,High upfront cost,0,0,1,1,1,0,0,0,On-premise,<$1K,613,Fixed monthly SaaS,C-Suite,6-12 months,1,1,0,0,0,0,0,1,1,0,1,1,0,0,0,7,1,Airbus narrow (A320),Aviation publication,2,3,4,3,3,0,0,0,0,0,1,1,0,Very satisfied,5,0,0,1,1,0,1,1,0,Strategic value,Component lifespan extension
UAE-0836,Budget_Regional_Operator,Exploring,Fleet/Maintenance Manager,Low-cost carrier,81-200,20+ years,Dubai,Scheduled/calendar,6-10,>$50M,74256235,1,0,1,1,0,0,0,1,0,0,0,0,1,0,0,1,Legacy integration,1,1,0,1,0,0,0,0,Full cloud (SaaS),$8K-$20K,14987,Hardware lease + software,Joint committee,3-6 months,1,0,0,1,1,0,1,0,1,1,1,0,0,0,0,6,6,Airbus narrow (A320),LinkedIn/social media,2,2,4,3,2,0,1,0,0,0,1,0,0,No platform,3,1,0,0,1,0,1,0,1,Strategic value,AOG reduction %
UAE-0837,Budget_Regional_Operator,Not Interested,Fleet/Maintenance Manager,Low-cost carrier,1-10,20+ years,Dubai,Predictive (some AI),3-5,$500K-$2M,1538261,1,1,1,1,1,0,1,0,1,0,0,0,1,1,1,4,Regulatory concerns,0,1,1,1,0,0,0,0,Full cloud (SaaS),$1K-$3K,1104,Fixed monthly SaaS,Head of Maintenance/CAMO,1-3 months,0,1,0,0,1,1,0,1,0,0,0,0,0,1,0,7,4,Boeing narrow (B737),Word of mouth,2,3,4,2,2,0,0,0,0,0,0,1,0,Dissatisfied - poor accuracy,7,1,0,0,1,0,0,0,0,3x in 12 months,Component lifespan extension
UAE-0838,Budget_Regional_Operator,Exploring,Director/VP Operations,Independent MRO,11-30,20+ years,Dubai,Reactive,3-5,$500K-$2M,904449,1,1,0,1,0,1,0,1,1,0,0,0,0,1,0,3,High upfront cost,0,1,0,0,1,0,1,0,Full cloud (SaaS),$3K-$8K,6377,Outcome-based,Joint committee,>12 months,1,1,0,1,0,0,0,1,0,1,0,0,0,0,0,4,3,Boeing narrow (B737),LinkedIn/social media,4,4,3,4,4,0,0,0,0,0,0,1,0,Very satisfied,5,1,1,1,1,1,1,0,0,ROI not primary,Dispatch reliability %
UAE-0839,Budget_Regional_Operator,Not Interested,MRO Engineer/Technician,Charter/private aviation,1-10,11-20 years,Dubai,Predictive (some AI),0,<$500K,216243,1,1,0,1,0,0,1,0,0,1,0,0,1,0,0,2,Legacy integration,1,0,0,1,0,0,0,1,On-premise,<$1K,525,Hardware lease + software,Procurement/Finance,<1 month,1,1,1,0,0,0,0,0,1,0,1,0,0,0,0,7,3,Boeing narrow (B737),Aviation publication,2,2,4,2,3,0,0,0,0,0,0,1,0,Dissatisfied - poor accuracy,2,1,0,0,0,1,1,1,0,5x+,AOG reduction %
UAE-0840,Budget_Regional_Operator,Hot,IT/Digital Lead,Low-cost carrier,31-80,11-20 years,Dubai,Scheduled/calendar,1-2,$500K-$2M,1253664,1,1,0,0,1,0,1,1,0,1,0,0,0,0,0,5,Lack data expertise,1,0,0,1,0,0,1,0,No preference,$8K-$20K,15646,Fixed monthly SaaS,Head of Maintenance/CAMO,<1 month,1,0,1,0,0,1,1,1,1,1,0,1,0,0,0,3,8,Airbus narrow (A320),LinkedIn/social media,4,3,4,2,2,0,0,0,0,0,0,1,0,No platform,3,0,1,0,1,0,1,1,0,Strategic value,AOG reduction %
UAE-0841,Budget_Regional_Operator,Warm,MRO Engineer/Technician,Commercial airline (full-service),11-30,20+ years,Dubai,Predictive (some AI),1-2,$2M-$10M,6703748,0,0,1,1,0,1,0,1,1,1,0,0,0,1,0,5,Legacy integration,0,0,0,1,1,1,0,0,On-premise,$1K-$3K,1995,Hardware lease + software,C-Suite,3-6 months,0,0,0,0,0,0,1,0,1,0,1,1,0,0,0,3,6,Boeing narrow (B737),Aviation publication,2,4,3,4,2,0,0,1,0,0,0,0,0,Dissatisfied - hard to integrate,4,0,1,0,1,0,1,0,0,5x+,Audit pass rate
UAE-0842,Budget_Regional_Operator,Exploring,Fleet/Maintenance Manager,Low-cost carrier,11-30,6-10 years,Dubai,Condition-based,3-5,>$50M,93868505,1,1,1,1,1,0,0,0,0,0,0,0,1,0,1,2,High upfront cost,0,1,0,1,0,0,0,0,Hybrid,$1K-$3K,1526,Hardware lease + software,Head of Maintenance/CAMO,1-3 months,0,0,1,0,1,1,1,1,0,0,0,0,0,1,1,6,3,Airbus narrow (A320),LinkedIn/social media,2,3,5,3,2,0,0,1,0,0,1,0,0,Satisfied but expensive,7,1,1,0,1,0,1,0,1,2x,Component lifespan extension
UAE-0843,Budget_Regional_Operator,Warm,Director/VP Operations,Low-cost carrier,11-30,20+ years,Outside GCC,Condition-based,10+,$2M-$10M,6549963,1,1,1,0,1,0,0,0,0,1,0,0,1,1,0,4,Lack data expertise,0,0,0,1,1,0,1,0,Full cloud (SaaS),$8K-$20K,11648,Per-aircraft/year,Head of Maintenance/CAMO,1-3 months,1,1,0,1,1,1,1,0,1,0,1,1,0,0,0,6,6,Airbus wide (A330/A350/A380),LinkedIn/social media,1,5,3,4,4,0,0,1,0,0,0,0,1,Very satisfied,3,0,0,0,0,0,1,0,0,1.5x,Cost saved per aircraft/yr
UAE-0844,Budget_Regional_Operator,Exploring,Director/VP Operations,Charter/private aviation,1-10,20+ years,Outside GCC,Scheduled/calendar,3-5,<$500K,288744,1,1,0,1,0,0,0,1,0,1,0,0,0,1,0,2,Regulatory concerns,1,1,0,0,0,0,1,0,Full cloud (SaaS),$1K-$3K,1327,Fixed monthly SaaS,IT/Digital lead,3-6 months,1,0,0,0,1,0,0,1,1,1,0,1,0,0,0,5,5,Boeing wide (B777/B787),LinkedIn/social media,2,3,5,3,2,0,0,0,0,0,1,0,0,No platform,6,0,0,1,0,0,1,0,0,1.5x,Cost saved per aircraft/yr
UAE-0845,Budget_Regional_Operator,Exploring,MRO Engineer/Technician,Commercial airline (full-service),11-30,20+ years,Outside GCC,Reactive,0,$2M-$10M,6177908,1,0,1,1,1,1,0,0,1,1,0,0,0,1,0,1,No barriers,1,0,0,1,0,1,0,0,Hybrid,$3K-$8K,5924,Hardware lease + software,IT/Digital lead,6-12 months,0,0,0,1,0,0,1,1,1,1,1,0,0,0,0,7,4,Airbus narrow (A320),Email invite,3,3,4,2,3,1,0,0,0,0,1,0,0,Dissatisfied - poor support,8,1,0,0,0,0,1,0,0,2x,AOG reduction %
UAE-0846,Budget_Regional_Operator,Warm,Fleet/Maintenance Manager,Charter/private aviation,81-200,11-20 years,Sharjah/Northern Emirates,Scheduled/calendar,1-2,>$50M,63807866,1,0,0,0,0,0,0,0,0,0,0,0,1,1,1,4,No barriers,1,0,0,1,0,0,0,0,Full cloud (SaaS),$8K-$20K,12210,Hardware lease + software,C-Suite,3-6 months,0,1,1,1,0,0,1,1,0,1,0,0,0,1,1,5,5,Regional/turboprop,LinkedIn/social media,3,4,4,2,4,0,0,0,0,1,0,0,0,Dissatisfied - hard to integrate,6,1,0,0,1,0,0,0,0,3x in 12 months,Dispatch reliability %
UAE-0847,Budget_Regional_Operator,Warm,C-Suite,Charter/private aviation,1-10,6-10 years,Dubai,Condition-based,3-5,$2M-$10M,6747145,1,0,1,0,1,0,0,0,0,0,0,0,0,1,1,5,Lack data expertise,1,1,0,1,0,0,0,0,Full cloud (SaaS),$1K-$3K,2079,Hardware lease + software,C-Suite,3-6 months,1,0,0,0,0,0,1,0,0,1,1,1,0,0,0,6,9,Boeing narrow (B737),LinkedIn/social media,2,4,4,3,2,0,0,0,0,0,1,0,0,Dissatisfied - poor accuracy,5,1,0,0,0,1,1,0,0,3x in 12 months,Cost saved per aircraft/yr
UAE-0848,Budget_Regional_Operator,Not Interested,MRO Engineer/Technician,Defence/government,81-200,2-5 years,Dubai,Condition-based,3-5,$10M-$50M,25512307,1,0,1,1,0,0,1,0,1,0,0,0,0,0,0,2,High upfront cost,0,1,0,1,0,0,1,0,No preference,$8K-$20K,11232,Per-aircraft/year,C-Suite,6-12 months,1,0,0,1,0,1,1,1,1,0,1,1,0,0,0,7,1,Regional/turboprop,Industry event,3,2,3,3,2,0,0,0,0,0,0,0,1,Dissatisfied - poor accuracy,7,1,1,1,0,0,0,1,0,3x in 12 months,Dispatch reliability %
UAE-0849,Budget_Regional_Operator,Not Interested,Procurement/Finance,Aircraft leasing,11-30,6-10 years,Abu Dhabi,Condition-based,1-2,$2M-$10M,6202742,0,1,0,1,0,1,0,0,1,0,1,0,0,1,0,3,Lack data expertise,0,0,0,0,1,0,1,1,Full cloud (SaaS),$1K-$3K,2507,Per-aircraft/year,Joint committee,<1 month,0,1,1,0,0,0,0,0,0,0,0,1,0,1,1,7,1,Airbus narrow (A320),Industry event,3,4,4,4,3,0,0,0,0,0,0,1,1,Dissatisfied - poor accuracy,5,1,0,0,0,1,0,0,0,2x,Dispatch reliability %
UAE-0850,Budget_Regional_Operator,Exploring,Director/VP Operations,Aircraft leasing,31-80,11-20 years,Other GCC,Scheduled/calendar,6-10,$2M-$10M,6019100,1,1,0,1,1,0,1,1,0,1,1,1,1,1,0,1,Lack data expertise,0,1,0,1,1,0,0,0,Full cloud (SaaS),$3K-$8K,5576,Fixed monthly SaaS,C-Suite,1-3 months,1,0,0,1,0,1,0,0,1,0,0,1,0,1,0,8,5,Airbus narrow (A320),Email invite,3,3,4,3,3,0,0,0,0,0,0,0,1,Very satisfied,5,0,1,0,0,0,0,1,0,5x+,AOG reduction %
UAE-0851,Budget_Regional_Operator,Exploring,MRO Engineer/Technician,Charter/private aviation,11-30,<2 years,Dubai,Condition-based,3-5,$2M-$10M,6292303,1,0,0,0,1,0,1,1,0,0,0,0,0,0,1,3,High upfront cost,1,1,1,0,0,0,0,0,Full cloud (SaaS),$1K-$3K,1637,Fixed monthly SaaS,Procurement/Finance,3-6 months,1,0,0,0,0,0,1,0,1,0,1,1,0,0,0,6,1,Regional/turboprop,Email invite,3,4,4,3,3,0,0,1,0,0,1,0,1,Dissatisfied - poor support,7,1,0,1,0,1,1,0,0,3x in 12 months,Component lifespan extension
UAE-0852,Budget_Regional_Operator,Warm,Procurement/Finance,Low-cost carrier,31-80,2-5 years,Dubai,Condition-based,1-2,$10M-$50M,36361963,1,0,1,1,0,0,1,1,0,0,1,0,0,1,0,5,High upfront cost,0,0,0,0,1,1,1,0,No preference,$3K-$8K,5637,Outcome-based,Head of Maintenance/CAMO,1-3 months,1,1,0,0,0,0,1,1,0,0,0,1,0,1,0,6,4,Boeing narrow (B737),LinkedIn/social media,3,4,4,3,2,0,1,0,0,0,0,0,0,Dissatisfied - poor accuracy,5,0,1,0,1,0,1,1,1,ROI not primary,Cost saved per aircraft/yr
UAE-0853,Budget_Regional_Operator,Warm,MRO Engineer/Technician,Low-cost carrier,11-30,11-20 years,Outside GCC,Condition-based,3-5,$10M-$50M,27345380,0,1,0,0,0,0,1,0,0,0,0,0,0,0,1,5,Lack data expertise,0,1,0,1,1,0,0,0,Full cloud (SaaS),$3K-$8K,4698,Pay-per-insight,Head of Maintenance/CAMO,3-6 months,1,1,0,0,0,0,0,1,1,0,1,0,1,0,0,3,3,Boeing narrow (B737),LinkedIn/social media,4,3,4,3,2,0,0,0,0,0,1,0,0,Satisfied but expensive,3,0,1,0,1,1,1,0,1,2x,Cost saved per aircraft/yr
UAE-0854,Budget_Regional_Operator,Not Interested,MRO Engineer/Technician,Commercial airline (full-service),1-10,11-20 years,Abu Dhabi,Scheduled/calendar,1-2,<$500K,212300,1,0,0,0,0,1,0,1,0,0,0,0,0,1,0,1,No barriers,1,1,0,1,0,0,0,0,Hybrid,$1K-$3K,2131,Per-aircraft/year,Head of Maintenance/CAMO,3-6 months,1,1,1,0,0,1,0,0,1,1,1,0,0,0,0,6,4,Boeing narrow (B737),Email invite,4,4,4,4,3,0,0,0,0,0,0,1,0,Dissatisfied - poor support,5,0,1,0,0,1,1,0,1,2x,Dispatch reliability %
UAE-0855,Budget_Regional_Operator,Exploring,Fleet/Maintenance Manager,Low-cost carrier,11-30,20+ years,Abu Dhabi,Condition-based,6-10,$500K-$2M,1281870,0,1,1,0,0,0,0,1,0,1,0,0,0,1,0,3,Legacy integration,0,0,0,1,1,1,0,0,On-premise,$8K-$20K,15605,Fixed monthly SaaS,IT/Digital lead,3-6 months,1,0,1,1,0,0,0,0,0,0,0,0,1,1,1,5,3,Airbus narrow (A320),Industry event,3,4,4,2,3,0,0,0,0,0,1,1,0,No platform,6,0,0,1,1,0,1,0,0,3x in 12 months,Audit pass rate
UAE-0856,Budget_Regional_Operator,Exploring,Fleet/Maintenance Manager,Independent MRO,1-10,2-5 years,Sharjah/Northern Emirates,Scheduled/calendar,6-10,<$500K,317703,1,1,0,1,0,1,0,0,0,1,0,0,0,1,1,1,Legacy integration,0,0,0,0,1,0,1,1,Full cloud (SaaS),$3K-$8K,5077,Hardware lease + software,C-Suite,1-3 months,0,0,1,0,0,1,1,1,1,0,1,0,0,0,1,5,6,Boeing narrow (B737),Word of mouth,3,3,4,3,2,1,0,0,0,0,0,0,0,Satisfied but expensive,4,1,1,0,0,0,0,0,1,2x,Dispatch reliability %
UAE-0857,Budget_Regional_Operator,Hot,Fleet/Maintenance Manager,Aircraft leasing,11-30,11-20 years,Other GCC,Scheduled/calendar,1-2,$2M-$10M,7560637,1,0,0,0,0,1,0,0,0,0,0,0,1,0,0,5,High upfront cost,1,1,0,1,0,0,0,0,Full cloud (SaaS),<$1K,509,Fixed monthly SaaS,Joint committee,<1 month,0,0,0,1,0,0,1,1,1,1,1,0,0,0,0,2,8,Boeing wide (B777/B787),Word of mouth,3,4,4,3,3,0,0,0,0,0,1,0,0,Dissatisfied - hard to integrate,4,0,1,0,1,1,0,0,0,5x+,AOG reduction %
UAE-0858,Budget_Regional_Operator,Warm,Fleet/Maintenance Manager,Independent MRO,1-10,20+ years,Sharjah/Northern Emirates,Condition-based,0,<$500K,227034,1,1,1,0,1,0,0,0,0,0,0,0,1,1,0,2,High upfront cost,1,0,0,1,0,1,0,0,Hybrid,<$1K,682,Pay-per-insight,Head of Maintenance/CAMO,1-3 months,1,0,0,0,0,0,0,1,0,0,1,0,0,1,1,6,5,Airbus narrow (A320),LinkedIn/social media,3,3,5,2,3,0,0,0,0,0,1,0,0,Dissatisfied - poor support,5,0,0,0,0,0,1,0,0,ROI not primary,Cost saved per aircraft/yr
UAE-0859,Budget_Regional_Operator,Exploring,Fleet/Maintenance Manager,Independent MRO,11-30,2-5 years,Sharjah/Northern Emirates,Scheduled/calendar,10+,$10M-$50M,33720773,0,0,1,0,0,0,0,0,0,0,0,0,1,0,0,2,High upfront cost,1,1,1,0,0,0,0,0,Hybrid,$1K-$3K,1367,Fixed monthly SaaS,C-Suite,1-3 months,1,0,0,1,0,0,0,1,1,1,0,1,0,0,0,6,3,Boeing narrow (B737),LinkedIn/social media,3,5,3,2,3,0,0,0,0,0,1,0,0,No platform,4,0,0,1,0,0,1,0,0,Strategic value,Cost saved per aircraft/yr
UAE-0860,Budget_Regional_Operator,Hot,MRO Engineer/Technician,Commercial airline (full-service),31-80,20+ years,Sharjah/Northern Emirates,Reactive,3-5,$10M-$50M,33330565,1,1,0,1,0,1,1,0,1,0,0,0,0,1,0,5,Cybersecurity,1,1,0,1,0,0,0,0,Full cloud (SaaS),$3K-$8K,5911,Hardware lease + software,IT/Digital lead,1-3 months,1,1,0,1,1,0,1,0,1,0,0,1,0,1,0,2,8,Airbus narrow (A320),Word of mouth,3,3,4,3,4,0,0,1,0,0,0,0,0,Dissatisfied - hard to integrate,5,1,0,1,1,1,1,0,0,3x in 12 months,Unscheduled maintenance reduction
UAE-0861,Budget_Regional_Operator,Exploring,MRO Engineer/Technician,Low-cost carrier,1-10,20+ years,Sharjah/Northern Emirates,Predictive (some AI),1-2,$10M-$50M,31715600,1,1,1,1,1,1,0,0,0,0,0,0,0,1,1,2,Regulatory concerns,1,1,0,1,0,0,0,0,Hybrid,>$20K,27515,Per-aircraft/year,IT/Digital lead,<1 month,1,0,0,1,0,1,1,1,1,1,0,1,0,0,0,6,5,Boeing wide (B777/B787),LinkedIn/social media,2,5,2,2,3,1,0,0,0,0,0,0,0,Dissatisfied - poor accuracy,6,0,0,0,0,0,1,1,1,2x,Unscheduled maintenance reduction
UAE-0862,Budget_Regional_Operator,Exploring,C-Suite,Low-cost carrier,31-80,2-5 years,Abu Dhabi,Reactive,1-2,$2M-$10M,7418555,1,1,0,1,1,0,0,0,0,1,0,0,0,1,1,1,High upfront cost,1,0,0,1,1,0,0,0,Hybrid,<$1K,454,Fixed monthly SaaS,Procurement/Finance,<1 month,1,1,1,1,1,1,1,0,0,1,1,1,0,0,0,3,4,Boeing narrow (B737),Word of mouth,3,5,4,4,3,0,0,0,0,0,1,0,0,Dissatisfied - poor support,4,0,0,0,0,0,0,1,0,1.5x,Cost saved per aircraft/yr
UAE-0863,Budget_Regional_Operator,Exploring,MRO Engineer/Technician,Low-cost carrier,31-80,<2 years,Abu Dhabi,Reactive,1-2,$500K-$2M,985819,0,0,0,0,0,1,0,1,0,0,0,0,0,1,1,3,Legacy integration,1,0,0,1,1,0,0,0,No preference,$8K-$20K,10239,Per-aircraft/year,IT/Digital lead,1-3 months,1,0,0,0,1,0,1,1,0,0,1,1,0,0,1,8,4,Airbus narrow (A320),LinkedIn/social media,4,3,4,3,3,0,1,0,0,0,1,1,0,Dissatisfied - hard to integrate,4,1,0,0,1,0,1,0,0,3x in 12 months,Component lifespan extension
UAE-0864,Budget_Regional_Operator,Warm,MRO Engineer/Technician,Low-cost carrier,81-200,6-10 years,Abu Dhabi,Scheduled/calendar,6-10,$10M-$50M,31766052,1,0,0,1,0,0,1,0,0,0,1,0,1,1,0,4,Legacy integration,1,0,0,0,0,0,1,1,Hybrid,$8K-$20K,10952,Hardware lease + software,C-Suite,<1 month,0,0,0,0,1,1,1,0,1,0,1,1,0,0,0,6,7,Boeing narrow (B737),Industry event,3,5,4,4,3,0,0,0,0,0,1,0,0,Dissatisfied - poor support,3,0,1,0,1,1,0,1,0,3x in 12 months,Component lifespan extension
UAE-0865,Budget_Regional_Operator,Warm,MRO Engineer/Technician,Independent MRO,31-80,20+ years,Outside GCC,Scheduled/calendar,6-10,$2M-$10M,7663236,1,0,1,1,0,0,0,1,0,0,0,0,1,1,0,6,Lack data expertise,0,0,1,1,1,0,0,0,No preference,$1K-$3K,1956,Pay-per-insight,Head of Maintenance/CAMO,<1 month,0,0,1,1,1,1,1,0,1,0,0,1,1,0,0,6,5,Airbus narrow (A320),Industry event,3,2,3,3,3,0,0,1,0,0,0,0,0,No platform,5,1,0,0,0,1,0,0,0,ROI not primary,Unscheduled maintenance reduction
UAE-0866,Budget_Regional_Operator,Warm,C-Suite,Aircraft leasing,31-80,11-20 years,Dubai,Scheduled/calendar,6-10,$10M-$50M,23939464,1,0,1,1,1,1,1,0,0,1,0,0,1,0,0,7,Cybersecurity,0,1,1,1,0,0,0,0,Full cloud (SaaS),$8K-$20K,17000,Per-aircraft/year,Head of Maintenance/CAMO,6-12 months,1,0,0,1,0,1,0,1,1,0,0,0,0,0,1,4,5,Airbus narrow (A320),Word of mouth,4,5,4,4,2,0,0,0,1,0,0,0,1,Dissatisfied - poor accuracy,4,0,0,1,1,0,1,1,0,Strategic value,Dispatch reliability %
UAE-0867,Budget_Regional_Operator,Warm,Fleet/Maintenance Manager,Charter/private aviation,11-30,6-10 years,Sharjah/Northern Emirates,Condition-based,0,$500K-$2M,1027073,0,1,0,0,1,0,1,0,0,0,0,0,1,0,0,5,Lack data expertise,1,0,0,0,1,0,1,0,Hybrid,$1K-$3K,2063,Per-aircraft/year,C-Suite,1-3 months,1,0,0,0,1,0,1,0,0,0,0,1,0,1,0,4,7,Boeing narrow (B737),Word of mouth,4,2,3,3,3,0,0,0,0,0,1,0,0,Satisfied but expensive,4,1,1,0,0,1,1,0,0,ROI not primary,AOG reduction %
UAE-0868,Budget_Regional_Operator,Not Interested,Fleet/Maintenance Manager,Charter/private aviation,1-10,11-20 years,Other GCC,Scheduled/calendar,1-2,<$500K,288195,0,1,1,0,0,1,0,1,1,1,0,0,0,0,0,1,High upfront cost,0,1,0,1,0,1,0,0,Full cloud (SaaS),<$1K,472,Fixed monthly SaaS,Joint committee,1-3 months,1,1,0,0,1,0,1,1,1,1,1,0,0,0,0,8,1,Regional/turboprop,Word of mouth,3,3,5,3,3,0,0,0,0,0,1,0,0,Satisfied but expensive,6,1,0,0,1,0,0,1,0,ROI not primary,Cost saved per aircraft/yr
UAE-0869,Budget_Regional_Operator,Warm,IT/Digital Lead,Low-cost carrier,31-80,2-5 years,Sharjah/Northern Emirates,Scheduled/calendar,6-10,$2M-$10M,5435213,1,0,0,1,1,0,0,0,0,1,0,0,0,0,0,2,Lack data expertise,1,1,0,0,0,1,0,0,Hybrid,>$20K,29818,Fixed monthly SaaS,Head of Maintenance/CAMO,1-3 months,1,0,0,1,0,0,1,1,1,1,1,0,0,0,0,5,7,Boeing narrow (B737),Industry event,3,3,5,2,4,1,0,0,0,0,0,0,0,Dissatisfied - poor support,4,1,0,1,1,1,1,0,0,1.5x,AOG reduction %
UAE-0870,Budget_Regional_Operator,Not Interested,Fleet/Maintenance Manager,Commercial airline (full-service),31-80,20+ years,Outside GCC,Condition-based,3-5,$2M-$10M,5697799,1,1,1,0,1,1,1,1,0,0,0,0,0,1,0,2,Regulatory concerns,1,0,0,0,0,0,1,1,Hybrid,$8K-$20K,11975,Pay-per-insight,Joint committee,1-3 months,1,0,0,1,0,1,0,1,1,1,1,0,0,0,0,8,3,Airbus narrow (A320),Email invite,3,4,3,3,5,0,1,0,0,0,0,0,1,Very satisfied,4,1,1,0,0,1,0,0,1,Strategic value,Component lifespan extension
UAE-0871,Budget_Regional_Operator,Hot,MRO Engineer/Technician,Commercial airline (full-service),11-30,11-20 years,Dubai,Condition-based,0,$2M-$10M,5661614,0,0,1,1,1,0,0,0,0,0,0,0,1,0,1,4,Legacy integration,1,1,0,1,0,0,0,0,On-premise,<$1K,455,Per-aircraft/year,Head of Maintenance/CAMO,3-6 months,1,1,1,1,0,1,1,0,0,1,1,0,1,0,0,1,9,Boeing narrow (B737),LinkedIn/social media,2,2,4,2,3,1,0,0,0,1,1,1,1,Dissatisfied - poor support,7,1,1,0,0,1,0,0,0,2x,AOG reduction %
UAE-0872,Budget_Regional_Operator,Exploring,MRO Engineer/Technician,Low-cost carrier,11-30,2-5 years,Abu Dhabi,Predictive (some AI),6-10,$2M-$10M,4731705,0,0,1,1,0,0,1,0,0,0,0,0,0,0,1,1,High upfront cost,1,0,0,1,1,0,0,0,On-premise,$3K-$8K,5766,Per-aircraft/year,Joint committee,3-6 months,0,0,0,1,0,0,1,1,1,0,1,1,0,0,0,8,2,Airbus narrow (A320),Aviation publication,3,4,2,3,4,0,0,0,0,0,1,0,0,Dissatisfied - poor support,5,0,0,0,0,0,1,0,0,2x,Dispatch reliability %
UAE-0873,Budget_Regional_Operator,Not Interested,IT/Digital Lead,Low-cost carrier,1-10,11-20 years,Abu Dhabi,Condition-based,1-2,$500K-$2M,1484814,1,0,1,1,1,1,1,0,1,0,1,0,0,1,1,4,No barriers,1,0,1,1,0,0,0,0,Hybrid,$3K-$8K,5602,Per-aircraft/year,Head of Maintenance/CAMO,<1 month,1,1,0,0,0,0,1,0,1,0,0,0,0,0,1,7,1,Airbus narrow (A320),Email invite,3,4,4,1,4,1,0,0,0,0,0,1,0,Very satisfied,5,0,1,0,0,0,1,0,0,3x in 12 months,Component lifespan extension
UAE-0874,Budget_Regional_Operator,Exploring,MRO Engineer/Technician,Low-cost carrier,11-30,2-5 years,Dubai,Scheduled/calendar,1-2,$10M-$50M,28291689,1,0,1,1,0,1,0,0,0,1,0,0,0,0,0,3,Regulatory concerns,0,0,0,1,0,0,0,0,Full cloud (SaaS),$1K-$3K,2548,Fixed monthly SaaS,C-Suite,1-3 months,0,0,0,1,0,1,0,0,1,1,1,0,0,0,0,2,5,Airbus narrow (A320),Aviation publication,2,4,4,3,3,1,0,0,0,0,1,0,0,Dissatisfied - poor support,2,0,0,0,0,0,0,1,0,2x,Dispatch reliability %
UAE-0875,Budget_Regional_Operator,Exploring,Director/VP Operations,Low-cost carrier,31-80,2-5 years,Other GCC,Scheduled/calendar,3-5,$10M-$50M,27973343,1,1,0,0,0,1,0,1,0,1,0,0,1,1,0,3,Legacy integration,1,1,0,1,0,0,0,0,Hybrid,$3K-$8K,6505,Pay-per-insight,Joint committee,6-12 months,1,0,1,1,0,0,1,1,0,0,1,0,1,1,0,4,5,Boeing narrow (B737),LinkedIn/social media,2,4,3,3,4,0,1,0,0,1,1,1,0,Dissatisfied - poor support,3,0,0,0,0,0,0,1,1,1.5x,AOG reduction %
UAE-0876,Budget_Regional_Operator,Exploring,Procurement/Finance,Aircraft leasing,1-10,20+ years,Other GCC,Scheduled/calendar,3-5,<$500K,224503,1,1,1,1,1,0,0,0,0,1,0,0,0,1,0,3,High upfront cost,0,1,0,1,1,0,0,0,No preference,$3K-$8K,7877,Per-aircraft/year,Procurement/Finance,3-6 months,1,0,0,0,0,1,0,1,1,1,0,0,0,0,0,5,7,Airbus narrow (A320),Word of mouth,4,3,4,2,3,1,1,0,0,0,1,0,0,No platform,3,0,1,0,0,1,0,0,0,ROI not primary,Dispatch reliability %
UAE-0877,Budget_Regional_Operator,Exploring,MRO Engineer/Technician,Charter/private aviation,11-30,2-5 years,Other GCC,Condition-based,3-5,$10M-$50M,29656924,1,1,0,1,0,0,1,1,0,0,0,0,1,0,1,4,Lack data expertise,1,0,0,1,1,0,0,0,Full cloud (SaaS),$3K-$8K,4895,Per-aircraft/year,C-Suite,1-3 months,1,1,1,1,1,0,1,0,0,1,1,1,0,0,0,6,2,Airbus narrow (A320),Word of mouth,3,4,4,3,3,0,0,0,0,0,0,0,1,Very satisfied,6,1,0,0,1,1,0,1,0,ROI not primary,AOG reduction %
UAE-0878,Budget_Regional_Operator,Exploring,Fleet/Maintenance Manager,Low-cost carrier,1-10,2-5 years,Dubai,Condition-based,3-5,<$500K,248919,0,1,0,1,0,0,1,0,1,1,0,0,1,0,0,3,Regulatory concerns,0,0,0,0,0,0,1,1,Hybrid,$1K-$3K,2077,Pay-per-insight,Head of Maintenance/CAMO,1-3 months,1,1,0,0,0,1,1,0,0,1,1,1,0,0,0,8,5,Boeing narrow (B737),Industry event,3,5,4,4,3,1,0,0,0,0,1,0,1,Satisfied but expensive,2,1,1,0,0,1,1,1,0,2x,Unscheduled maintenance reduction
UAE-0879,Budget_Regional_Operator,Hot,Director/VP Operations,Defence/government,81-200,20+ years,Other GCC,Scheduled/calendar,1-2,$2M-$10M,7174351,1,0,0,0,1,1,1,1,0,0,0,0,0,0,1,5,High upfront cost,1,0,0,0,1,1,0,0,No preference,$3K-$8K,5448,Per-aircraft/year,C-Suite,3-6 months,1,1,1,0,0,1,1,0,1,0,1,1,0,0,0,3,8,Airbus narrow (A320),LinkedIn/social media,3,3,5,3,3,1,0,0,0,0,0,0,0,No platform,4,1,0,0,0,1,1,0,1,2x,Dispatch reliability %
UAE-0880,Budget_Regional_Operator,Exploring,Procurement/Finance,Independent MRO,11-30,6-10 years,Other GCC,Scheduled/calendar,0,$10M-$50M,31209491,1,1,1,0,1,0,0,1,0,1,0,0,0,1,0,3,High upfront cost,1,0,0,0,0,1,1,0,Hybrid,<$1K,534,Per-aircraft/year,IT/Digital lead,3-6 months,0,0,0,0,1,0,1,1,0,1,0,1,0,0,0,4,2,Boeing narrow (B737),Word of mouth,3,5,3,4,3,0,0,0,0,0,0,1,0,Dissatisfied - poor accuracy,5,0,0,1,0,1,0,0,0,ROI not primary,Cost saved per aircraft/yr
UAE-0881,Budget_Regional_Operator,Exploring,MRO Engineer/Technician,Charter/private aviation,31-80,6-10 years,Abu Dhabi,Scheduled/calendar,6-10,>$50M,70527577,1,1,0,0,0,0,0,0,1,1,0,0,0,1,0,1,Regulatory concerns,0,0,0,1,1,0,0,1,Full cloud (SaaS),>$20K,32978,Hardware lease + software,IT/Digital lead,1-3 months,1,0,0,1,0,1,0,1,0,0,0,0,0,1,0,5,3,Boeing narrow (B737),Industry event,3,2,3,3,3,1,0,0,0,0,1,1,1,Very satisfied,6,1,0,1,0,0,1,0,1,2x,Cost saved per aircraft/yr
UAE-0882,Budget_Regional_Operator,Exploring,Fleet/Maintenance Manager,Low-cost carrier,1-10,6-10 years,Other GCC,Reactive,6-10,$500K-$2M,1193412,1,1,1,1,0,0,1,0,0,0,0,0,1,0,1,5,Cybersecurity,0,0,1,1,1,0,0,0,Hybrid,>$20K,26851,Per-aircraft/year,Head of Maintenance/CAMO,3-6 months,0,1,1,0,0,1,1,0,1,0,0,1,1,0,0,6,3,Boeing wide (B777/B787),Industry event,3,4,5,2,3,0,0,1,0,0,0,0,0,No platform,6,0,0,1,0,0,1,0,0,Strategic value,Cost saved per aircraft/yr
UAE-0883,Budget_Regional_Operator,Exploring,C-Suite,Low-cost carrier,1-10,11-20 years,Dubai,Full predictive + digital twin,6-10,$500K-$2M,1360073,1,1,1,1,0,1,1,1,0,1,1,0,0,0,1,2,High upfront cost,1,1,0,1,0,0,0,0,Full cloud (SaaS),>$20K,30733,Hardware lease + software,Head of Maintenance/CAMO,6-12 months,0,0,1,1,0,1,0,1,0,1,1,0,0,0,0,5,6,Boeing narrow (B737),Email invite,3,3,3,2,3,0,0,0,0,0,1,0,0,Satisfied but expensive,3,0,1,0,0,0,0,1,0,2x,Cost saved per aircraft/yr
UAE-0884,Budget_Regional_Operator,Exploring,Procurement/Finance,Charter/private aviation,1-10,11-20 years,Dubai,Scheduled/calendar,1-2,$500K-$2M,1187932,1,0,1,1,0,0,0,0,0,1,0,0,0,0,1,3,Cybersecurity,1,0,1,0,1,0,0,0,Hybrid,$1K-$3K,1976,Hardware lease + software,C-Suite,3-6 months,1,0,1,0,1,0,1,0,1,1,1,0,0,0,0,6,3,Airbus wide (A330/A350/A380),LinkedIn/social media,3,3,4,3,3,0,0,0,0,0,1,0,1,Dissatisfied - hard to integrate,5,1,1,0,1,1,0,0,0,3x in 12 months,Cost saved per aircraft/yr
UAE-0885,Budget_Regional_Operator,Exploring,Fleet/Maintenance Manager,Low-cost carrier,200+,6-10 years,Dubai,Scheduled/calendar,3-5,$10M-$50M,26622179,1,1,0,1,1,0,1,0,0,0,0,0,1,1,0,2,High upfront cost,0,1,0,1,0,1,0,0,Hybrid,$8K-$20K,14005,Per-aircraft/year,Joint committee,<1 month,1,0,0,0,0,0,1,0,1,1,1,0,0,0,0,4,3,Boeing wide (B777/B787),Industry event,3,3,5,4,2,0,0,0,0,0,1,1,0,Very satisfied,7,1,1,1,1,0,0,1,0,Strategic value,AOG reduction %
UAE-0886,Budget_Regional_Operator,Exploring,Fleet/Maintenance Manager,Independent MRO,11-30,6-10 years,Other GCC,Predictive (some AI),6-10,<$500K,244615,0,1,1,0,0,1,0,1,1,0,0,0,0,1,0,3,Lack data expertise,1,0,0,1,0,1,0,0,Full cloud (SaaS),$8K-$20K,12748,Fixed monthly SaaS,Joint committee,1-3 months,1,0,0,1,0,0,0,1,1,0,1,0,0,1,0,7,5,Boeing narrow (B737),Word of mouth,2,3,3,3,3,0,0,1,0,0,0,0,0,Dissatisfied - poor accuracy,6,1,0,0,0,0,1,0,0,2x,AOG reduction %
UAE-0887,Budget_Regional_Operator,Not Interested,IT/Digital Lead,Commercial airline (full-service),1-10,20+ years,Sharjah/Northern Emirates,Scheduled/calendar,6-10,<$500K,245575,0,1,1,0,1,0,1,0,0,0,0,0,0,1,0,1,High upfront cost,1,1,0,1,0,0,0,0,Hybrid,$8K-$20K,12281,Pay-per-insight,C-Suite,<1 month,0,0,1,0,0,0,0,0,1,0,1,0,0,1,0,9,1,Airbus narrow (A320),Industry event,3,3,4,2,4,0,0,1,0,0,0,0,0,Satisfied but expensive,6,0,1,0,0,0,1,1,1,ROI not primary,AOG reduction %
UAE-0888,Budget_Regional_Operator,Warm,MRO Engineer/Technician,Low-cost carrier,81-200,11-20 years,Sharjah/Northern Emirates,Scheduled/calendar,3-5,>$50M,69423308,0,0,0,1,0,0,1,0,0,1,0,0,1,1,0,5,Legacy integration,1,1,0,0,0,0,0,0,Hybrid,>$20K,25222,Per-aircraft/year,C-Suite,1-3 months,1,0,0,1,1,0,1,1,1,0,1,0,0,0,1,2,5,Regional/turboprop,Aviation publication,3,4,4,3,4,0,0,0,0,0,0,0,1,Dissatisfied - hard to integrate,5,1,1,0,1,0,0,0,0,2x,AOG reduction %
UAE-0889,Budget_Regional_Operator,Exploring,IT/Digital Lead,Low-cost carrier,31-80,11-20 years,Abu Dhabi,Scheduled/calendar,1-2,>$50M,82911605,0,1,0,1,1,0,1,0,0,0,0,0,1,1,0,1,High upfront cost,1,1,1,0,0,0,0,0,No preference,$1K-$3K,800,Fixed monthly SaaS,IT/Digital lead,1-3 months,0,1,1,1,0,0,0,1,1,1,0,1,0,0,0,6,2,Airbus wide (A330/A350/A380),Aviation publication,3,3,5,3,3,0,0,1,0,0,0,0,0,Dissatisfied - poor support,6,1,0,1,0,0,1,1,0,2x,Cost saved per aircraft/yr
UAE-0890,Budget_Regional_Operator,Hot,Fleet/Maintenance Manager,Low-cost carrier,31-80,11-20 years,Abu Dhabi,Condition-based,10+,$2M-$10M,6331647,1,1,1,0,1,0,0,1,0,1,0,1,0,0,0,4,High upfront cost,0,0,1,0,0,0,0,0,Hybrid,$3K-$8K,6560,Pay-per-insight,C-Suite,3-6 months,1,0,0,0,0,1,0,1,1,1,0,0,0,0,0,1,8,Regional/turboprop,Industry event,2,4,4,4,2,0,0,0,0,1,1,0,0,Dissatisfied - hard to integrate,4,1,0,1,0,1,0,0,1,3x in 12 months,Unscheduled maintenance reduction
UAE-0891,Budget_Regional_Operator,Exploring,MRO Engineer/Technician,Low-cost carrier,11-30,6-10 years,Abu Dhabi,Scheduled/calendar,6-10,$2M-$10M,6740414,1,1,0,0,0,0,1,0,0,1,0,0,0,0,1,3,High upfront cost,1,0,0,1,0,0,1,0,Full cloud (SaaS),$8K-$20K,14454,Per-aircraft/year,Joint committee,1-3 months,0,1,0,0,1,0,0,0,1,0,1,0,0,1,0,5,3,Regional/turboprop,LinkedIn/social media,4,3,4,3,2,0,0,0,0,0,0,1,0,Satisfied but expensive,6,1,1,0,0,1,0,0,1,3x in 12 months,Unscheduled maintenance reduction
UAE-0892,Budget_Regional_Operator,Exploring,Director/VP Operations,Low-cost carrier,1-10,2-5 years,Abu Dhabi,Condition-based,0,$500K-$2M,1344356,1,1,1,0,1,0,0,0,0,0,0,0,1,1,1,5,High upfront cost,0,0,0,1,0,0,1,0,Full cloud (SaaS),$8K-$20K,11440,Pay-per-insight,Head of Maintenance/CAMO,3-6 months,1,0,0,0,0,0,0,1,0,1,1,0,0,1,0,7,2,Airbus narrow (A320),Email invite,3,4,2,3,3,0,0,0,0,1,0,0,0,Dissatisfied - hard to integrate,4,1,0,0,1,1,1,0,0,ROI not primary,Component lifespan extension
UAE-0893,Budget_Regional_Operator,Warm,IT/Digital Lead,Low-cost carrier,1-10,11-20 years,Dubai,Scheduled/calendar,3-5,<$500K,264445,0,1,1,0,1,1,0,1,0,0,0,0,0,0,1,6,High upfront cost,0,1,0,1,0,0,0,1,Full cloud (SaaS),$1K-$3K,1952,Hardware lease + software,Head of Maintenance/CAMO,<1 month,1,0,0,0,0,0,1,0,0,1,1,0,0,1,0,5,6,Boeing narrow (B737),Email invite,3,3,5,3,3,0,0,0,0,0,1,0,0,No platform,4,1,0,1,1,0,1,0,0,1.5x,Cost saved per aircraft/yr
UAE-0894,Budget_Regional_Operator,Warm,MRO Engineer/Technician,Charter/private aviation,31-80,6-10 years,Other GCC,Scheduled/calendar,6-10,$10M-$50M,27933508,1,1,0,1,0,0,1,0,0,0,1,0,0,1,0,5,Regulatory concerns,0,1,0,0,1,0,0,0,No preference,$8K-$20K,10134,Outcome-based,Procurement/Finance,<1 month,1,0,0,0,0,0,1,1,1,0,1,1,0,0,0,2,5,Boeing narrow (B737),Email invite,3,3,3,2,3,0,1,1,0,0,1,0,0,Dissatisfied - hard to integrate,4,1,0,0,0,1,0,0,0,1.5x,AOG reduction %
UAE-0895,Budget_Regional_Operator,Exploring,IT/Digital Lead,Low-cost carrier,11-30,20+ years,Dubai,Condition-based,1-2,$500K-$2M,1656035,0,1,0,0,1,0,0,1,0,0,0,0,1,0,1,4,Lack data expertise,1,0,0,1,0,1,0,0,No preference,<$1K,592,Pay-per-insight,IT/Digital lead,3-6 months,1,1,0,0,0,0,1,1,1,0,1,0,0,0,0,8,3,Boeing narrow (B737),LinkedIn/social media,2,3,5,2,2,0,1,0,0,0,0,0,0,Dissatisfied - poor accuracy,4,1,0,0,1,0,1,1,0,5x+,Cost saved per aircraft/yr
UAE-0896,Budget_Regional_Operator,Warm,Director/VP Operations,Independent MRO,1-10,<2 years,Abu Dhabi,Condition-based,3-5,<$500K,241052,0,1,1,0,1,0,0,0,0,1,0,0,0,0,0,5,Lack data expertise,1,0,1,0,0,1,0,0,Full cloud (SaaS),$3K-$8K,5748,Pay-per-insight,IT/Digital lead,1-3 months,1,0,0,1,0,0,1,1,1,0,1,1,0,0,0,3,7,Airbus narrow (A320),Industry event,2,3,4,2,3,0,1,0,0,0,0,0,0,Dissatisfied - poor support,6,1,0,0,1,0,1,0,0,3x in 12 months,AOG reduction %
UAE-0897,Budget_Regional_Operator,Warm,Procurement/Finance,Commercial airline (full-service),81-200,2-5 years,Outside GCC,Reactive,1-2,>$50M,65350501,0,1,1,1,1,0,0,0,0,0,0,0,0,1,0,4,Legacy integration,1,0,0,1,0,0,1,0,No preference,>$20K,30800,Pay-per-insight,C-Suite,3-6 months,1,0,0,0,0,1,1,0,0,1,1,1,0,0,0,8,7,Boeing wide (B777/B787),Aviation publication,3,4,3,3,3,1,0,0,0,0,0,0,0,Satisfied but expensive,5,0,1,1,0,1,1,0,1,2x,Cost saved per aircraft/yr
UAE-0898,Budget_Regional_Operator,Hot,MRO Engineer/Technician,Charter/private aviation,31-80,20+ years,Abu Dhabi,Scheduled/calendar,6-10,$500K-$2M,1271845,0,0,1,1,1,0,0,1,1,1,0,0,0,1,0,5,High upfront cost,1,0,0,1,0,1,0,0,Full cloud (SaaS),$1K-$3K,1887,Pay-per-insight,IT/Digital lead,6-12 months,1,1,1,1,0,0,1,0,0,0,1,1,1,0,0,3,6,Business jet/helicopter,Industry event,3,4,4,3,4,0,0,0,0,0,0,1,0,Very satisfied,3,1,1,0,0,1,0,0,0,3x in 12 months,AOG reduction %
UAE-0899,Budget_Regional_Operator,Warm,Fleet/Maintenance Manager,Charter/private aviation,31-80,6-10 years,Dubai,Scheduled/calendar,3-5,$10M-$50M,25007450,1,1,0,0,1,1,0,0,0,0,1,0,1,0,0,7,Legacy integration,1,0,0,1,1,0,0,0,On-premise,$8K-$20K,14115,Pay-per-insight,Procurement/Finance,1-3 months,0,0,0,1,0,0,1,0,0,1,1,0,0,1,0,4,4,Airbus narrow (A320),Aviation publication,3,4,3,3,3,1,0,0,1,0,0,0,0,No platform,5,0,1,1,0,0,1,1,0,Strategic value,Cost saved per aircraft/yr
UAE-0900,Budget_Regional_Operator,Exploring,C-Suite,Independent MRO,11-30,6-10 years,Dubai,Predictive (some AI),3-5,$500K-$2M,1040140,1,1,1,0,0,1,0,1,0,0,0,0,1,0,0,4,High upfront cost,1,1,0,1,0,0,0,0,Full cloud (SaaS),$8K-$20K,16307,Outcome-based,Procurement/Finance,1-3 months,0,1,0,0,0,0,0,1,1,0,0,1,0,0,0,5,4,Airbus narrow (A320),LinkedIn/social media,3,3,3,3,4,1,0,0,0,0,0,0,0,No platform,6,1,0,0,0,1,0,0,0,3x in 12 months,Cost saved per aircraft/yr
UAE-0901,Budget_Regional_Operator,Exploring,Fleet/Maintenance Manager,Low-cost carrier,31-80,6-10 years,Sharjah/Northern Emirates,Reactive,1-2,$10M-$50M,34205946,1,0,0,0,1,0,1,0,0,1,1,0,1,0,0,3,High upfront cost,0,1,0,1,0,1,0,0,Full cloud (SaaS),$8K-$20K,11184,Per-aircraft/year,Head of Maintenance/CAMO,<1 month,1,1,0,0,0,1,0,0,1,1,0,1,0,0,0,6,5,Boeing narrow (B737),LinkedIn/social media,2,4,5,4,4,1,0,1,0,0,0,0,0,Very satisfied,5,1,0,0,0,1,1,0,0,3x in 12 months,Cost saved per aircraft/yr
UAE-0902,Budget_Regional_Operator,Exploring,IT/Digital Lead,Commercial airline (full-service),1-10,20+ years,Dubai,Scheduled/calendar,0,<$500K,286297,1,1,1,1,0,0,0,0,0,1,0,0,1,1,0,1,Legacy integration,0,0,0,1,1,0,0,0,On-premise,$8K-$20K,16005,Fixed monthly SaaS,Joint committee,<1 month,0,0,0,1,0,1,1,1,0,0,1,1,0,1,0,7,4,Regional/turboprop,Industry event,4,3,4,3,2,1,0,1,1,0,0,0,0,Satisfied but expensive,5,1,0,0,0,1,0,0,0,2x,AOG reduction %
UAE-0903,Budget_Regional_Operator,Exploring,Director/VP Operations,Commercial airline (full-service),1-10,20+ years,Dubai,Scheduled/calendar,3-5,$500K-$2M,927700,1,0,0,1,1,1,0,1,0,1,0,0,0,1,0,4,Regulatory concerns,0,1,0,0,1,0,1,0,On-premise,$3K-$8K,5546,Outcome-based,Head of Maintenance/CAMO,<1 month,1,0,1,1,0,0,0,1,0,0,1,1,1,0,0,5,3,Boeing wide (B777/B787),Industry event,3,4,4,2,2,0,0,0,0,1,0,0,0,Dissatisfied - hard to integrate,6,0,0,0,1,0,0,0,1,Strategic value,AOG reduction %
UAE-0904,Budget_Regional_Operator,Exploring,Procurement/Finance,Commercial airline (full-service),31-80,11-20 years,Abu Dhabi,Scheduled/calendar,1-2,$10M-$50M,26749436,1,0,1,1,0,0,1,1,0,1,0,0,1,1,0,2,Regulatory concerns,1,1,0,0,1,0,0,0,Hybrid,>$20K,28623,Outcome-based,Head of Maintenance/CAMO,3-6 months,1,0,0,0,0,1,1,1,0,1,1,1,0,0,0,6,5,Airbus narrow (A320),Word of mouth,2,2,3,4,4,0,0,0,0,0,1,0,1,Dissatisfied - hard to integrate,8,0,1,0,1,0,1,1,0,3x in 12 months,Cost saved per aircraft/yr
UAE-0905,Budget_Regional_Operator,Not Interested,C-Suite,Charter/private aviation,11-30,11-20 years,Dubai,Predictive (some AI),6-10,<$500K,242763,1,1,1,1,0,0,0,1,0,0,0,0,0,1,0,1,High upfront cost,1,1,0,0,1,0,0,0,Hybrid,$8K-$20K,8095,Outcome-based,C-Suite,1-3 months,0,0,1,1,0,1,1,1,1,0,0,1,0,0,0,7,1,Boeing wide (B777/B787),Email invite,4,4,4,2,2,0,0,0,1,0,0,0,0,No platform,5,1,0,1,1,0,0,0,1,3x in 12 months,AOG reduction %
UAE-0906,Budget_Regional_Operator,Not Interested,Fleet/Maintenance Manager,Charter/private aviation,1-10,20+ years,Dubai,Condition-based,0,<$500K,276139,1,1,1,0,1,0,1,1,0,0,1,0,0,0,0,3,Legacy integration,1,0,0,1,0,0,0,0,Full cloud (SaaS),$3K-$8K,4475,Fixed monthly SaaS,Joint committee,<1 month,1,0,0,1,1,1,1,1,1,1,1,0,0,0,0,8,2,Airbus narrow (A320),Email invite,2,3,4,3,4,1,0,1,1,0,1,1,0,Dissatisfied - hard to integrate,6,0,1,1,0,1,1,0,0,2x,AOG reduction %
UAE-0907,Budget_Regional_Operator,Exploring,Fleet/Maintenance Manager,Low-cost carrier,1-10,20+ years,Other GCC,Scheduled/calendar,3-5,<$500K,231751,1,0,1,1,1,0,0,1,1,0,0,0,0,0,0,2,High upfront cost,1,1,0,1,0,0,0,0,Hybrid,$1K-$3K,2022,Hardware lease + software,Head of Maintenance/CAMO,1-3 months,0,0,1,0,0,0,1,1,1,0,1,1,0,0,0,5,3,Boeing narrow (B737),Industry event,3,4,4,4,3,0,0,0,0,0,1,0,0,Dissatisfied - hard to integrate,8,0,0,0,0,0,1,0,0,1.5x,Dispatch reliability %
UAE-0908,Budget_Regional_Operator,Hot,MRO Engineer/Technician,Commercial airline (full-service),1-10,11-20 years,Other GCC,Scheduled/calendar,0,$2M-$10M,5189170,1,0,1,0,0,1,0,0,0,1,0,0,0,0,0,4,Lack data expertise,1,0,0,1,1,0,0,0,On-premise,<$1K,341,Per-aircraft/year,C-Suite,1-3 months,1,0,0,0,1,0,1,1,1,1,1,0,0,0,0,2,7,Airbus narrow (A320),Word of mouth,3,4,3,3,3,0,0,0,0,0,1,0,0,Dissatisfied - poor accuracy,2,0,0,1,0,1,1,1,0,1.5x,Dispatch reliability %
UAE-0909,Budget_Regional_Operator,Warm,MRO Engineer/Technician,Charter/private aviation,1-10,11-20 years,Abu Dhabi,Reactive,6-10,$500K-$2M,1066072,1,1,1,0,1,0,0,0,1,0,0,0,0,0,1,4,High upfront cost,0,1,0,0,1,1,0,0,Hybrid,$1K-$3K,2516,Pay-per-insight,IT/Digital lead,3-6 months,1,0,1,1,1,1,0,0,1,0,1,0,1,0,0,5,7,Boeing narrow (B737),Industry event,2,4,5,1,3,1,0,0,0,1,0,0,0,Satisfied but expensive,6,0,0,0,0,1,0,0,0,2x,Cost saved per aircraft/yr
UAE-0910,Budget_Regional_Operator,Exploring,C-Suite,Low-cost carrier,11-30,6-10 years,Dubai,Condition-based,0,$500K-$2M,1370822,0,0,1,0,1,0,1,1,0,0,0,1,0,0,0,1,High upfront cost,0,0,1,1,1,0,0,0,Full cloud (SaaS),$3K-$8K,5197,Fixed monthly SaaS,IT/Digital lead,3-6 months,1,0,1,0,1,1,0,0,1,0,1,0,1,0,0,5,4,Airbus narrow (A320),Word of mouth,4,3,5,2,2,0,0,0,0,0,0,0,1,Dissatisfied - poor accuracy,6,1,0,1,0,0,0,1,1,2x,Component lifespan extension
UAE-0911,Budget_Regional_Operator,Warm,MRO Engineer/Technician,Aircraft leasing,11-30,11-20 years,Other GCC,Scheduled/calendar,10+,$500K-$2M,1422863,1,1,0,1,1,0,0,0,1,0,0,0,1,1,0,6,No barriers,0,1,0,1,0,0,1,0,Full cloud (SaaS),$3K-$8K,4197,Per-aircraft/year,IT/Digital lead,1-3 months,0,1,0,1,1,1,1,1,0,0,1,0,0,0,0,4,7,Airbus narrow (A320),LinkedIn/social media,3,3,4,2,4,0,0,0,0,0,1,0,0,Dissatisfied - hard to integrate,7,0,0,0,0,1,0,0,0,2x,AOG reduction %
UAE-0912,Budget_Regional_Operator,Warm,MRO Engineer/Technician,Independent MRO,31-80,11-20 years,Abu Dhabi,Scheduled/calendar,3-5,$2M-$10M,6543687,1,0,0,0,1,0,0,0,0,0,0,0,0,1,0,6,Lack data expertise,1,0,0,1,1,0,0,0,Hybrid,$8K-$20K,14163,Pay-per-insight,IT/Digital lead,3-6 months,1,0,0,1,0,0,1,0,1,0,1,1,0,0,0,6,8,Boeing narrow (B737),Industry event,3,3,3,3,4,1,0,0,0,0,0,0,0,Dissatisfied - hard to integrate,6,0,0,1,0,0,1,1,0,2x,Cost saved per aircraft/yr
UAE-0913,Budget_Regional_Operator,Exploring,Fleet/Maintenance Manager,Defence/government,1-10,<2 years,Abu Dhabi,Scheduled/calendar,0,$500K-$2M,1344568,1,1,1,1,0,0,0,0,1,0,0,0,0,1,0,2,Lack data expertise,1,0,0,0,1,0,1,0,Full cloud (SaaS),>$20K,46905,Per-aircraft/year,Procurement/Finance,6-12 months,0,1,0,0,0,1,1,1,1,0,1,0,0,1,0,5,4,Boeing narrow (B737),LinkedIn/social media,3,4,5,3,3,0,0,0,0,1,1,1,0,Dissatisfied - hard to integrate,5,0,0,0,1,1,0,0,0,1.5x,Dispatch reliability %
UAE-0914,Budget_Regional_Operator,Exploring,Fleet/Maintenance Manager,Independent MRO,200+,6-10 years,Dubai,Reactive,3-5,$2M-$10M,6111946,1,1,0,0,1,0,0,0,0,0,0,0,1,0,0,1,Legacy integration,1,1,0,0,0,0,1,0,Hybrid,$1K-$3K,2043,Hardware lease + software,Head of Maintenance/CAMO,<1 month,0,1,0,0,0,1,1,1,1,0,1,0,1,0,0,7,4,Airbus narrow (A320),LinkedIn/social media,3,4,3,3,3,0,0,0,0,1,0,0,0,Dissatisfied - poor support,3,1,0,0,0,0,0,0,1,1.5x,Dispatch reliability %
UAE-0915,Budget_Regional_Operator,Exploring,Fleet/Maintenance Manager,Charter/private aviation,1-10,20+ years,Abu Dhabi,Scheduled/calendar,1-2,<$500K,208583,1,1,1,1,0,0,0,0,0,0,0,0,1,0,0,3,Cybersecurity,1,1,1,0,0,0,0,0,Full cloud (SaaS),$1K-$3K,1919,Per-aircraft/year,Head of Maintenance/CAMO,6-12 months,1,1,0,1,1,0,1,0,1,1,1,0,0,0,0,3,5,Boeing narrow (B737),Industry event,2,4,4,3,4,1,0,0,0,1,0,0,1,Dissatisfied - poor accuracy,3,0,0,1,0,0,0,0,0,2x,AOG reduction %
UAE-0916,Budget_Regional_Operator,Exploring,C-Suite,Charter/private aviation,31-80,6-10 years,Dubai,Condition-based,1-2,$10M-$50M,29763867,1,0,0,0,1,0,0,0,0,0,0,0,0,1,0,2,High upfront cost,0,0,0,0,0,1,1,0,Hybrid,$1K-$3K,2156,Fixed monthly SaaS,Head of Maintenance/CAMO,3-6 months,1,0,1,0,0,0,1,0,1,0,1,1,0,0,0,6,4,Airbus narrow (A320),Word of mouth,2,2,2,2,2,1,0,0,0,0,1,0,0,No platform,5,0,0,1,0,0,1,0,0,3x in 12 months,Cost saved per aircraft/yr
UAE-0917,Budget_Regional_Operator,Not Interested,C-Suite,Aircraft leasing,1-10,20+ years,Abu Dhabi,Scheduled/calendar,3-5,<$500K,225368,1,1,1,0,1,0,0,0,1,0,0,0,0,1,0,1,Legacy integration,0,0,0,0,1,1,1,0,On-premise,$3K-$8K,5855,Pay-per-insight,Procurement/Finance,3-6 months,1,1,1,0,1,0,1,0,0,0,1,0,1,1,0,6,4,Boeing narrow (B737),Word of mouth,1,1,1,1,1,1,1,1,0,0,0,1,0,Dissatisfied - poor accuracy,4,1,0,0,1,0,0,0,1,2x,Unscheduled maintenance reduction
UAE-0918,Budget_Regional_Operator,Not Interested,Fleet/Maintenance Manager,Independent MRO,81-200,6-10 years,Dubai,Condition-based,3-5,$2M-$10M,4756407,1,0,1,0,1,0,0,0,0,0,1,0,0,0,0,3,High upfront cost,1,0,0,0,1,1,0,0,Hybrid,>$20K,35590,Per-aircraft/year,Head of Maintenance/CAMO,1-3 months,1,0,0,1,0,0,1,0,0,1,1,1,0,0,0,7,1,Boeing narrow (B737),Aviation publication,1,3,4,4,3,0,0,1,0,0,0,1,0,Satisfied but expensive,5,1,0,1,0,0,1,1,0,5x+,Dispatch reliability %
UAE-0919,Budget_Regional_Operator,Hot,Fleet/Maintenance Manager,Low-cost carrier,31-80,20+ years,Dubai,Predictive (some AI),3-5,$2M-$10M,5639892,1,1,0,0,1,1,1,0,0,1,0,0,0,0,0,4,High upfront cost,1,0,0,1,1,0,0,0,On-premise,$8K-$20K,17542,Fixed monthly SaaS,Joint committee,3-6 months,0,1,1,0,0,1,1,1,0,0,1,1,1,0,0,3,5,Regional/turboprop,Aviation publication,2,3,3,3,3,0,0,0,0,0,0,0,1,Dissatisfied - poor support,5,1,1,1,0,1,1,0,0,5x+,Cost saved per aircraft/yr
UAE-0920,Budget_Regional_Operator,Warm,Procurement/Finance,Independent MRO,1-10,2-5 years,Dubai,Condition-based,3-5,<$500K,299255,0,0,0,1,1,0,0,0,1,1,0,0,1,1,1,4,High upfront cost,1,1,0,0,0,0,0,1,Full cloud (SaaS),>$20K,37395,Per-aircraft/year,C-Suite,<1 month,1,1,1,0,0,1,0,1,1,0,1,0,0,0,1,3,6,Boeing wide (B777/B787),Aviation publication,3,4,4,3,2,0,0,0,1,1,1,0,1,Dissatisfied - poor accuracy,3,1,0,1,0,1,0,0,0,3x in 12 months,Unscheduled maintenance reduction
UAE-0921,Budget_Regional_Operator,Exploring,Fleet/Maintenance Manager,Charter/private aviation,1-10,6-10 years,Dubai,Scheduled/calendar,3-5,$2M-$10M,8252854,0,1,0,0,1,0,0,1,0,1,0,0,0,0,0,2,Legacy integration,1,0,0,0,1,0,0,1,Full cloud (SaaS),>$20K,46846,Per-aircraft/year,Head of Maintenance/CAMO,1-3 months,0,1,1,0,1,0,0,0,0,1,0,0,1,1,0,4,4,Boeing narrow (B737),Aviation publication,3,4,2,3,2,0,1,0,0,0,0,0,0,No platform,5,0,0,0,1,0,1,0,0,2x,AOG reduction %
UAE-0922,Budget_Regional_Operator,Exploring,Procurement/Finance,Independent MRO,31-80,20+ years,Dubai,Reactive,1-2,$10M-$50M,25336518,1,1,0,0,1,0,1,1,0,0,0,0,1,0,1,1,Lack data expertise,1,1,1,0,0,0,0,0,No preference,>$20K,26620,Per-aircraft/year,C-Suite,1-3 months,1,0,0,1,0,0,1,1,0,0,1,0,0,1,1,4,3,Regional/turboprop,Industry event,2,2,5,2,3,1,0,1,0,0,1,1,1,Dissatisfied - poor support,6,1,0,0,0,1,1,0,1,2x,Dispatch reliability %
UAE-0923,Budget_Regional_Operator,Warm,MRO Engineer/Technician,Independent MRO,31-80,11-20 years,Dubai,Predictive (some AI),1-2,$10M-$50M,27232751,1,0,0,1,0,1,0,0,0,1,0,1,0,0,1,4,Lack data expertise,1,0,0,1,1,0,0,0,Full cloud (SaaS),$1K-$3K,2081,Fixed monthly SaaS,Head of Maintenance/CAMO,3-6 months,0,0,1,1,0,1,1,0,0,0,0,1,0,0,1,6,4,Regional/turboprop,LinkedIn/social media,3,2,4,3,2,1,0,0,0,1,1,1,0,Dissatisfied - poor accuracy,4,1,1,0,1,1,1,0,1,5x+,Cost saved per aircraft/yr
UAE-0924,Budget_Regional_Operator,Exploring,Fleet/Maintenance Manager,Low-cost carrier,1-10,6-10 years,Sharjah/Northern Emirates,Reactive,1-2,$10M-$50M,23662979,1,1,1,0,1,1,1,0,1,1,0,0,0,0,1,2,Legacy integration,1,1,0,0,0,1,0,0,Hybrid,$8K-$20K,16660,Fixed monthly SaaS,Procurement/Finance,3-6 months,1,0,0,1,0,0,1,1,0,0,0,0,0,1,1,4,3,Airbus narrow (A320),LinkedIn/social media,3,4,3,3,3,1,0,0,0,0,1,0,0,Dissatisfied - hard to integrate,5,0,0,0,1,0,1,1,0,3x in 12 months,Cost saved per aircraft/yr
UAE-0925,Budget_Regional_Operator,Exploring,Fleet/Maintenance Manager,Aircraft leasing,1-10,11-20 years,Dubai,Condition-based,6-10,<$500K,157120,1,1,1,0,1,0,0,1,0,0,1,0,0,0,0,3,Regulatory concerns,1,0,1,0,0,1,0,0,Full cloud (SaaS),$3K-$8K,7004,Fixed monthly SaaS,Joint committee,6-12 months,1,1,1,0,0,0,0,1,1,1,1,0,0,0,0,6,3,Regional/turboprop,Industry event,2,5,4,3,3,0,0,0,0,0,1,1,0,No platform,4,0,0,0,1,1,0,0,0,Strategic value,AOG reduction %
UAE-0926,Budget_Regional_Operator,Warm,Procurement/Finance,Commercial airline (full-service),1-10,6-10 years,Abu Dhabi,Condition-based,6-10,$500K-$2M,1212392,1,0,0,1,1,1,0,0,0,0,1,0,0,0,0,5,High upfront cost,1,0,0,1,0,0,0,0,Full cloud (SaaS),$3K-$8K,6044,Hardware lease + software,C-Suite,1-3 months,1,1,1,1,0,0,1,1,1,0,1,1,0,0,0,7,7,Boeing narrow (B737),Word of mouth,2,4,4,3,3,0,1,0,0,0,0,0,0,Dissatisfied - poor accuracy,9,0,1,0,1,1,1,0,0,1.5x,AOG reduction %
UAE-0927,Budget_Regional_Operator,Warm,MRO Engineer/Technician,Low-cost carrier,1-10,20+ years,Other GCC,Scheduled/calendar,10+,<$500K,202109,1,1,0,1,0,0,0,0,1,1,0,0,1,1,0,4,High upfront cost,1,1,0,1,0,0,0,0,Hybrid,$8K-$20K,14588,Hardware lease + software,Head of Maintenance/CAMO,3-6 months,0,0,0,1,0,0,0,1,0,1,0,1,1,0,0,8,5,Airbus narrow (A320),Industry event,3,4,4,3,3,0,0,0,0,0,0,0,1,Dissatisfied - poor support,5,0,0,0,1,1,0,0,0,5x+,Cost saved per aircraft/yr
UAE-0928,Budget_Regional_Operator,Exploring,IT/Digital Lead,Commercial airline (full-service),11-30,6-10 years,Dubai,Reactive,10+,$500K-$2M,1443207,1,0,1,1,0,1,1,0,1,0,0,0,0,0,0,4,Regulatory concerns,1,0,0,1,0,1,0,0,On-premise,$8K-$20K,14773,Outcome-based,Head of Maintenance/CAMO,>12 months,0,0,0,0,1,0,0,0,1,1,0,1,0,0,0,6,4,Airbus narrow (A320),Aviation publication,3,4,4,4,4,0,0,0,0,0,1,0,0,Dissatisfied - poor support,3,0,0,1,0,0,1,0,0,3x in 12 months,AOG reduction %
UAE-0929,Budget_Regional_Operator,Exploring,Fleet/Maintenance Manager,Independent MRO,31-80,6-10 years,Dubai,Reactive,10+,$2M-$10M,6009019,1,1,1,0,0,0,1,0,0,0,1,0,0,0,0,1,Regulatory concerns,1,1,0,0,0,0,0,0,No preference,>$20K,26432,Pay-per-insight,Joint committee,1-3 months,1,1,0,0,1,1,1,1,1,0,1,1,0,0,0,7,5,Airbus narrow (A320),LinkedIn/social media,5,5,5,5,5,0,0,0,0,0,1,1,0,Dissatisfied - poor accuracy,7,1,0,0,1,0,0,0,0,2x,Cost saved per aircraft/yr
UAE-0930,Budget_Regional_Operator,Warm,Director/VP Operations,Charter/private aviation,11-30,6-10 years,Abu Dhabi,Scheduled/calendar,3-5,$500K-$2M,1347730,1,1,1,1,1,1,0,1,0,1,0,0,0,0,0,6,Lack data expertise,1,0,0,1,1,0,0,0,Full cloud (SaaS),$8K-$20K,13499,Per-aircraft/year,Joint committee,3-6 months,1,1,1,1,0,1,1,1,0,1,1,1,0,0,0,1,7,Airbus narrow (A320),LinkedIn/social media,4,4,3,3,3,0,0,1,0,0,1,1,1,Satisfied but expensive,4,0,1,1,1,1,1,0,1,2x,Dispatch reliability %
UAE-0931,Budget_Regional_Operator,Exploring,IT/Digital Lead,Charter/private aviation,1-10,11-20 years,Abu Dhabi,Scheduled/calendar,1-2,$500K-$2M,1429135,1,0,0,0,0,0,1,0,0,1,0,0,0,1,1,1,Lack data expertise,1,1,0,1,0,0,0,0,Full cloud (SaaS),$1K-$3K,1678,Per-aircraft/year,Joint committee,<1 month,1,1,1,1,0,0,0,1,0,0,1,0,1,1,0,4,2,Airbus wide (A330/A350/A380),LinkedIn/social media,3,4,4,2,4,0,0,0,0,0,0,0,1,Dissatisfied - hard to integrate,8,0,0,0,1,1,0,0,0,2x,Cost saved per aircraft/yr
UAE-0932,Budget_Regional_Operator,Exploring,Procurement/Finance,Independent MRO,1-10,6-10 years,Dubai,Scheduled/calendar,1-2,$500K-$2M,1128829,1,1,1,0,1,1,0,0,0,0,0,0,1,0,0,2,Lack data expertise,1,1,1,0,0,0,0,0,Full cloud (SaaS),<$1K,546,Per-aircraft/year,IT/Digital lead,<1 month,0,0,0,0,0,1,0,0,1,0,0,1,1,0,0,8,3,Airbus narrow (A320),Word of mouth,2,4,4,3,3,0,0,0,0,1,0,0,0,Dissatisfied - hard to integrate,6,0,1,0,1,0,0,0,0,ROI not primary,Cost saved per aircraft/yr
UAE-0933,Budget_Regional_Operator,Warm,Fleet/Maintenance Manager,Charter/private aviation,11-30,11-20 years,Other GCC,Scheduled/calendar,1-2,$500K-$2M,1349006,1,1,1,0,1,0,1,1,0,1,0,0,0,0,0,4,High upfront cost,1,1,0,0,0,1,0,0,Hybrid,$3K-$8K,5548,Pay-per-insight,Head of Maintenance/CAMO,3-6 months,1,1,0,1,0,0,0,0,0,0,1,1,0,0,0,2,7,Regional/turboprop,Email invite,3,3,4,3,4,1,0,0,0,0,1,1,0,Very satisfied,6,0,1,0,0,1,1,0,1,Strategic value,Unscheduled maintenance reduction
UAE-0934,Budget_Regional_Operator,Warm,Fleet/Maintenance Manager,Independent MRO,1-10,6-10 years,Abu Dhabi,Condition-based,0,$2M-$10M,5859231,0,0,0,1,0,1,0,0,0,0,0,0,1,1,0,6,High upfront cost,0,0,0,1,1,1,0,0,Hybrid,<$1K,536,Pay-per-insight,Joint committee,1-3 months,0,0,0,0,0,0,0,1,1,0,1,1,0,0,0,4,6,Regional/turboprop,Industry event,3,4,4,3,4,0,0,0,0,0,0,1,0,Dissatisfied - poor support,6,1,0,1,0,0,0,1,0,Strategic value,Dispatch reliability %
UAE-0935,Budget_Regional_Operator,Exploring,Director/VP Operations,Charter/private aviation,11-30,6-10 years,Dubai,Reactive,6-10,$10M-$50M,26577297,1,1,1,0,1,0,0,1,0,1,0,1,0,1,1,3,Cybersecurity,1,0,0,0,1,0,1,0,Full cloud (SaaS),>$20K,28596,Per-aircraft/year,Head of Maintenance/CAMO,<1 month,0,0,1,1,0,1,0,0,1,0,0,0,1,1,0,7,4,Airbus narrow (A320),LinkedIn/social media,4,4,4,4,3,0,1,0,1,0,0,1,0,Dissatisfied - hard to integrate,5,0,0,1,1,1,0,1,0,3x in 12 months,AOG reduction %
UAE-0936,Budget_Regional_Operator,Exploring,Fleet/Maintenance Manager,Independent MRO,1-10,11-20 years,Outside GCC,Condition-based,1-2,>$50M,78532754,1,1,0,1,0,0,0,0,0,0,0,0,0,0,1,10,No barriers,1,0,0,0,0,0,0,0,On-premise,$1K-$3K,2003,Hardware lease + software,Joint committee,3-6 months,0,0,0,0,0,1,1,1,0,0,1,1,0,0,1,5,3,Boeing narrow (B737),Industry event,2,3,3,3,3,0,1,0,0,0,1,0,0,Dissatisfied - poor accuracy,5,1,1,0,1,0,0,0,0,5x+,AOG reduction %
UAE-0937,Budget_Regional_Operator,Hot,Director/VP Operations,Low-cost carrier,200+,11-20 years,Sharjah/Northern Emirates,Reactive,10+,>$50M,48498335,0,0,1,0,0,0,0,0,0,1,0,0,0,1,0,7,High upfront cost,1,1,1,0,0,0,0,0,No preference,$8K-$20K,16737,Pay-per-insight,Joint committee,<1 month,0,0,0,1,0,1,0,0,0,0,1,1,0,0,0,3,10,Boeing narrow (B737),LinkedIn/social media,2,5,3,3,2,0,0,1,0,0,0,0,0,Dissatisfied - poor accuracy,5,0,1,0,1,0,0,1,1,2x,Cost saved per aircraft/yr
UAE-0938,Budget_Regional_Operator,Warm,MRO Engineer/Technician,Low-cost carrier,1-10,20+ years,Other GCC,Predictive (some AI),3-5,<$500K,264481,0,1,1,1,0,1,0,1,0,0,0,0,0,1,1,5,Cybersecurity,1,0,0,0,0,1,0,1,Full cloud (SaaS),$3K-$8K,6206,Outcome-based,Head of Maintenance/CAMO,<1 month,0,1,0,0,0,1,1,1,1,1,1,0,0,0,0,5,5,Boeing wide (B777/B787),Aviation publication,2,4,3,3,4,0,0,0,1,0,0,0,1,Dissatisfied - hard to integrate,2,0,0,0,0,0,1,0,0,ROI not primary,Component lifespan extension
UAE-0939,Budget_Regional_Operator,Hot,Director/VP Operations,Commercial airline (full-service),1-10,11-20 years,Sharjah/Northern Emirates,Condition-based,0,<$500K,292484,1,0,1,0,1,0,0,1,0,0,0,0,0,1,0,7,Legacy integration,0,1,0,0,1,1,0,0,Full cloud (SaaS),$8K-$20K,14635,Hardware lease + software,IT/Digital lead,<1 month,0,0,1,0,0,0,1,0,1,1,1,0,0,0,0,4,9,Airbus narrow (A320),LinkedIn/social media,3,4,3,3,3,0,0,1,0,0,0,0,0,Dissatisfied - hard to integrate,6,1,0,0,0,1,1,0,0,2x,Dispatch reliability %
UAE-0940,Budget_Regional_Operator,Warm,MRO Engineer/Technician,Low-cost carrier,1-10,11-20 years,Sharjah/Northern Emirates,Scheduled/calendar,3-5,<$500K,289953,0,0,0,0,1,0,1,0,0,0,0,0,1,0,0,4,High upfront cost,0,0,0,0,1,0,0,1,On-premise,$3K-$8K,4972,Pay-per-insight,Head of Maintenance/CAMO,<1 month,0,1,0,1,1,1,1,1,0,1,1,1,0,0,0,7,6,Airbus narrow (A320),Industry event,3,3,3,4,3,1,0,1,0,0,0,0,1,Dissatisfied - hard to integrate,3,1,0,0,0,1,1,0,0,3x in 12 months,AOG reduction %
UAE-0941,Budget_Regional_Operator,Warm,Fleet/Maintenance Manager,Commercial airline (full-service),11-30,<2 years,Sharjah/Northern Emirates,Scheduled/calendar,0,$10M-$50M,27971668,1,0,1,0,0,0,0,0,1,0,0,0,1,1,1,2,Lack data expertise,1,0,1,0,0,0,1,0,Hybrid,$1K-$3K,1765,Per-aircraft/year,IT/Digital lead,1-3 months,1,0,0,1,0,1,1,1,0,1,1,0,0,0,0,3,7,Boeing narrow (B737),Email invite,2,4,5,3,3,0,1,0,0,0,0,1,0,Satisfied but expensive,5,0,0,0,0,1,1,0,0,2x,AOG reduction %
UAE-0942,Budget_Regional_Operator,Not Interested,Fleet/Maintenance Manager,Independent MRO,31-80,2-5 years,Sharjah/Northern Emirates,Reactive,3-5,$2M-$10M,4627513,0,1,1,1,1,0,0,0,0,1,1,0,0,1,0,2,Legacy integration,1,0,0,1,0,0,1,0,On-premise,$8K-$20K,11831,Hardware lease + software,Head of Maintenance/CAMO,<1 month,1,1,0,0,0,1,0,0,1,1,1,0,0,0,0,9,5,Regional/turboprop,LinkedIn/social media,3,2,4,3,3,0,0,1,0,0,0,0,0,No platform,4,0,1,0,1,1,1,0,0,Strategic value,Unscheduled maintenance reduction
UAE-0943,Budget_Regional_Operator,Warm,MRO Engineer/Technician,Charter/private aviation,11-30,6-10 years,Dubai,Scheduled/calendar,3-5,<$500K,259198,1,1,0,0,1,0,1,0,0,0,0,0,1,0,0,3,High upfront cost,1,1,0,1,0,0,0,0,Full cloud (SaaS),$3K-$8K,4564,Per-aircraft/year,C-Suite,>12 months,0,0,0,0,1,0,0,1,1,1,1,0,0,0,0,5,5,Airbus narrow (A320),Aviation publication,3,3,5,2,3,0,0,0,0,0,0,0,1,Dissatisfied - poor accuracy,5,0,1,1,0,0,0,0,0,3x in 12 months,Dispatch reliability %
UAE-0944,Budget_Regional_Operator,Exploring,Director/VP Operations,Commercial airline (full-service),11-30,6-10 years,Sharjah/Northern Emirates,Predictive (some AI),3-5,$500K-$2M,1143996,1,0,0,0,1,0,0,1,0,1,0,0,0,1,0,2,High upfront cost,0,1,0,1,0,1,0,0,Hybrid,$3K-$8K,6069,Fixed monthly SaaS,C-Suite,1-3 months,0,0,0,1,0,0,1,0,1,1,1,0,0,0,0,7,5,Airbus narrow (A320),LinkedIn/social media,1,1,1,1,1,0,0,0,0,0,1,0,0,Satisfied but expensive,5,1,0,0,0,0,1,0,0,3x in 12 months,Dispatch reliability %
UAE-0945,Budget_Regional_Operator,Warm,Director/VP Operations,Charter/private aviation,31-80,6-10 years,Other GCC,Full predictive + digital twin,3-5,$500K-$2M,1187160,1,1,1,0,1,0,1,1,1,1,0,0,0,0,0,5,High upfront cost,1,1,0,0,1,0,0,0,Full cloud (SaaS),$3K-$8K,4282,Hardware lease + software,IT/Digital lead,3-6 months,1,1,0,1,1,0,1,0,1,1,1,0,0,0,0,4,8,Regional/turboprop,Email invite,3,2,5,4,3,1,0,0,0,0,0,0,0,Satisfied but expensive,6,1,0,0,0,1,1,0,0,2x,Dispatch reliability %
UAE-0946,Budget_Regional_Operator,Warm,Director/VP Operations,Charter/private aviation,11-30,11-20 years,Abu Dhabi,Scheduled/calendar,0,$2M-$10M,5226540,0,0,1,0,0,0,0,0,1,0,0,0,0,1,0,4,High upfront cost,0,1,0,0,0,0,1,0,Hybrid,<$1K,634,Outcome-based,Head of Maintenance/CAMO,1-3 months,1,0,1,0,0,1,0,1,1,1,1,0,0,0,0,4,4,Boeing narrow (B737),LinkedIn/social media,3,3,5,3,3,0,0,0,0,0,1,0,1,No platform,7,0,0,1,0,1,0,0,1,Strategic value,Audit pass rate
UAE-0947,Budget_Regional_Operator,Warm,IT/Digital Lead,Low-cost carrier,11-30,11-20 years,Abu Dhabi,Condition-based,3-5,$2M-$10M,6108711,1,0,1,0,1,0,0,0,0,0,0,0,0,1,0,4,High upfront cost,1,1,0,0,1,0,0,0,On-premise,$1K-$3K,2415,Hardware lease + software,Procurement/Finance,3-6 months,0,0,1,0,0,0,0,1,1,1,1,0,0,0,0,5,6,Boeing narrow (B737),LinkedIn/social media,3,3,3,3,3,0,0,0,0,0,0,1,0,No platform,7,0,0,0,1,0,0,0,0,5x+,Unscheduled maintenance reduction
UAE-0948,Budget_Regional_Operator,Not Interested,MRO Engineer/Technician,Commercial airline (full-service),31-80,2-5 years,Abu Dhabi,Scheduled/calendar,1-2,$10M-$50M,30978326,1,0,1,0,0,0,1,1,0,0,0,0,1,1,0,3,No barriers,1,1,1,0,0,0,0,0,No preference,$1K-$3K,2003,Pay-per-insight,Head of Maintenance/CAMO,1-3 months,0,0,0,1,0,0,1,1,0,0,0,0,0,1,0,9,2,Boeing narrow (B737),LinkedIn/social media,3,3,3,3,3,0,1,0,0,0,0,1,1,Satisfied but expensive,4,0,0,1,0,0,0,0,0,2x,Cost saved per aircraft/yr
UAE-0949,Budget_Regional_Operator,Exploring,Director/VP Operations,Low-cost carrier,11-30,11-20 years,Dubai,Scheduled/calendar,3-5,$10M-$50M,34979077,1,1,1,0,1,0,0,1,0,0,0,0,0,1,0,1,High upfront cost,0,1,1,1,0,0,0,0,Full cloud (SaaS),$3K-$8K,5081,Outcome-based,Joint committee,6-12 months,0,0,0,1,0,0,0,1,1,1,1,0,0,0,0,8,4,Boeing narrow (B737),LinkedIn/social media,4,4,4,4,4,0,0,1,0,0,0,0,1,Dissatisfied - poor accuracy,7,1,1,0,0,0,1,1,0,ROI not primary,Unscheduled maintenance reduction
UAE-0950,Budget_Regional_Operator,Hot,Procurement/Finance,Low-cost carrier,1-10,11-20 years,Other GCC,Scheduled/calendar,1-2,<$500K,225275,1,0,1,0,0,1,1,1,0,0,1,0,0,0,0,4,Legacy integration,1,0,0,1,0,0,0,1,Hybrid,$1K-$3K,1805,Outcome-based,Joint committee,6-12 months,0,0,1,1,0,0,0,1,1,1,1,0,0,0,0,3,7,Airbus wide (A330/A350/A380),Industry event,3,4,4,2,3,0,0,0,0,0,1,0,0,Dissatisfied - poor accuracy,5,0,1,0,1,0,1,1,0,3x in 12 months,AOG reduction %
UAE-0951,Budget_Regional_Operator,Exploring,Fleet/Maintenance Manager,Low-cost carrier,81-200,11-20 years,Other GCC,Scheduled/calendar,1-2,>$50M,80126027,1,1,1,1,0,0,0,0,0,1,0,0,1,1,0,1,Lack data expertise,1,1,0,1,0,0,0,0,Hybrid,>$20K,32614,Per-aircraft/year,IT/Digital lead,1-3 months,0,0,1,0,0,0,1,1,1,0,1,1,0,0,0,8,3,Airbus narrow (A320),Word of mouth,2,3,5,2,4,0,0,0,0,1,0,1,0,Very satisfied,3,1,1,0,0,1,0,0,1,1.5x,Cost saved per aircraft/yr
UAE-0952,Budget_Regional_Operator,Exploring,MRO Engineer/Technician,Low-cost carrier,31-80,11-20 years,Outside GCC,Scheduled/calendar,0,$500K-$2M,1064440,0,1,0,0,1,0,0,0,0,1,0,0,0,0,0,1,High upfront cost,0,0,0,0,1,1,0,0,Hybrid,$3K-$8K,4662,Pay-per-insight,Procurement/Finance,1-3 months,1,0,1,1,0,0,0,0,0,1,1,1,0,0,0,6,3,Airbus narrow (A320),Aviation publication,3,3,3,3,3,0,0,1,0,0,0,0,1,No platform,5,1,0,0,1,1,1,0,0,5x+,Cost saved per aircraft/yr
UAE-0953,Budget_Regional_Operator,Not Interested,IT/Digital Lead,Charter/private aviation,31-80,11-20 years,Dubai,Condition-based,6-10,$10M-$50M,27763361,1,0,1,1,0,1,0,1,0,1,0,0,1,0,0,1,High upfront cost,1,0,0,1,1,0,0,0,Full cloud (SaaS),$3K-$8K,5859,Per-aircraft/year,C-Suite,1-3 months,0,1,0,1,0,1,0,1,1,1,1,0,0,0,0,6,1,Boeing narrow (B737),Industry event,4,5,4,4,3,1,0,0,0,0,0,0,0,Dissatisfied - poor accuracy,3,0,0,1,0,0,1,0,0,3x in 12 months,Component lifespan extension
UAE-0954,Budget_Regional_Operator,Warm,Fleet/Maintenance Manager,Low-cost carrier,31-80,20+ years,Other GCC,Condition-based,1-2,$10M-$50M,32754772,1,1,1,0,0,0,0,0,0,1,0,0,0,0,1,5,High upfront cost,1,1,0,1,0,0,0,0,On-premise,$3K-$8K,5570,Fixed monthly SaaS,Head of Maintenance/CAMO,1-3 months,0,0,1,0,0,0,1,0,1,1,0,0,0,1,0,4,7,Boeing narrow (B737),Email invite,4,4,4,4,4,0,0,0,1,0,0,0,1,Dissatisfied - poor accuracy,4,0,1,0,0,1,0,0,0,1.5x,Cost saved per aircraft/yr
UAE-0955,Budget_Regional_Operator,Warm,Director/VP Operations,Low-cost carrier,11-30,<2 years,Other GCC,Scheduled/calendar,10+,$500K-$2M,1117670,0,1,0,1,1,0,0,0,0,0,0,0,1,1,0,4,Legacy integration,0,0,0,0,0,1,0,0,Full cloud (SaaS),$3K-$8K,4027,Per-aircraft/year,Procurement/Finance,>12 months,1,0,0,0,1,1,0,1,1,0,1,1,0,0,0,5,8,Regional/turboprop,LinkedIn/social media,3,5,5,3,3,0,0,0,0,0,0,1,0,Very satisfied,5,1,1,0,1,0,1,0,0,2x,Cost saved per aircraft/yr
UAE-0956,Budget_Regional_Operator,Exploring,MRO Engineer/Technician,Charter/private aviation,11-30,11-20 years,Other GCC,Reactive,3-5,>$50M,83592747,0,1,1,1,0,1,1,0,0,0,0,0,1,0,0,2,High upfront cost,1,0,0,0,0,1,1,0,Full cloud (SaaS),>$20K,18512,Outcome-based,C-Suite,<1 month,1,0,0,1,0,1,1,0,0,1,1,0,0,1,0,7,3,Airbus narrow (A320),Industry event,2,4,4,2,3,1,0,0,0,0,0,0,0,Satisfied but expensive,6,0,0,1,0,0,1,0,1,2x,Unscheduled maintenance reduction
UAE-0957,Budget_Regional_Operator,Exploring,Fleet/Maintenance Manager,Low-cost carrier,11-30,11-20 years,Abu Dhabi,Scheduled/calendar,3-5,<$500K,207687,1,0,1,0,0,0,0,0,0,0,1,0,0,0,0,4,High upfront cost,1,1,0,1,0,0,0,0,Hybrid,$3K-$8K,3955,Per-aircraft/year,C-Suite,3-6 months,1,1,0,0,0,0,0,1,1,1,1,0,0,0,0,9,3,Business jet/helicopter,Word of mouth,3,2,4,3,3,0,0,0,0,0,1,0,0,No platform,4,1,1,0,0,0,1,0,0,3x in 12 months,Cost saved per aircraft/yr
UAE-0958,Budget_Regional_Operator,Warm,MRO Engineer/Technician,Commercial airline (full-service),11-30,6-10 years,Dubai,Condition-based,3-5,$500K-$2M,1072519,1,1,0,0,1,0,0,1,0,1,0,1,0,1,0,6,Cybersecurity,1,0,0,1,1,0,0,0,Hybrid,<$1K,502,Fixed monthly SaaS,Head of Maintenance/CAMO,<1 month,0,0,1,0,1,1,1,0,0,0,1,1,0,1,0,7,5,Boeing narrow (B737),LinkedIn/social media,2,4,3,2,4,0,0,0,0,0,0,0,1,Satisfied but expensive,3,0,1,0,0,1,1,1,0,ROI not primary,Unscheduled maintenance reduction
UAE-0959,Budget_Regional_Operator,Hot,MRO Engineer/Technician,Low-cost carrier,81-200,11-20 years,Abu Dhabi,Reactive,3-5,$2M-$10M,4362854,1,1,0,0,1,0,0,1,0,0,0,0,0,0,1,9,High upfront cost,1,1,0,1,0,0,0,0,Full cloud (SaaS),$8K-$20K,10487,Hardware lease + software,Joint committee,1-3 months,0,0,0,0,0,1,1,1,0,1,1,1,0,0,0,3,8,Boeing wide (B777/B787),Word of mouth,1,3,4,3,4,0,0,0,0,0,1,1,0,Dissatisfied - hard to integrate,4,0,0,1,0,0,0,0,0,2x,Cost saved per aircraft/yr
UAE-0960,Budget_Regional_Operator,Not Interested,IT/Digital Lead,Low-cost carrier,31-80,6-10 years,Other GCC,Reactive,6-10,$2M-$10M,6641253,0,1,1,1,0,1,1,1,0,1,0,0,0,0,0,1,High upfront cost,1,0,0,1,0,0,1,0,Full cloud (SaaS),>$20K,20891,Per-aircraft/year,Joint committee,<1 month,0,0,0,1,1,1,1,0,1,1,1,0,0,0,0,6,1,Boeing narrow (B737),LinkedIn/social media,4,2,4,3,3,0,0,0,1,0,0,0,0,Dissatisfied - poor accuracy,7,1,0,1,1,0,0,0,0,2x,AOG reduction %
UAE-0961,Budget_Regional_Operator,Exploring,Fleet/Maintenance Manager,Commercial airline (full-service),11-30,6-10 years,Abu Dhabi,Reactive,6-10,$500K-$2M,1167794,1,0,0,0,1,1,0,1,0,1,0,0,0,0,0,3,Legacy integration,0,0,0,0,1,0,0,0,Hybrid,>$20K,28189,Fixed monthly SaaS,Joint committee,<1 month,1,0,1,0,0,1,0,0,0,1,1,0,0,1,0,6,7,Airbus narrow (A320),Word of mouth,2,4,4,2,4,0,1,0,0,0,0,0,1,Dissatisfied - hard to integrate,2,1,0,0,0,0,0,0,0,ROI not primary,Component lifespan extension
UAE-0962,Budget_Regional_Operator,Not Interested,MRO Engineer/Technician,Low-cost carrier,1-10,2-5 years,Dubai,Full predictive + digital twin,10+,<$500K,230433,0,1,1,1,0,1,1,1,0,1,0,0,0,0,0,1,High upfront cost,1,0,0,0,0,1,1,0,Full cloud (SaaS),$8K-$20K,15038,Pay-per-insight,C-Suite,3-6 months,1,1,0,0,0,0,1,0,1,1,1,0,0,0,0,6,2,Airbus narrow (A320),Industry event,3,3,4,3,2,0,1,0,0,1,1,0,0,Dissatisfied - hard to integrate,9,0,0,0,0,1,1,1,0,5x+,Cost saved per aircraft/yr
UAE-0963,Budget_Regional_Operator,Not Interested,Director/VP Operations,Defence/government,81-200,6-10 years,Sharjah/Northern Emirates,Reactive,3-5,>$50M,69519369,1,1,0,1,1,0,0,1,0,0,0,0,1,0,1,1,Lack data expertise,1,0,0,0,1,0,0,1,Full cloud (SaaS),$8K-$20K,11877,Per-aircraft/year,IT/Digital lead,1-3 months,0,0,0,0,0,1,1,0,1,1,1,0,0,0,0,6,3,Boeing narrow (B737),LinkedIn/social media,3,4,4,3,3,0,0,0,0,0,1,0,0,No platform,5,0,1,0,1,0,1,0,1,2x,Unscheduled maintenance reduction
UAE-0964,Budget_Regional_Operator,Exploring,Fleet/Maintenance Manager,Low-cost carrier,1-10,20+ years,Sharjah/Northern Emirates,Scheduled/calendar,1-2,$2M-$10M,6751800,0,1,0,0,0,0,0,1,0,0,0,0,0,1,0,3,High upfront cost,0,0,0,1,0,0,1,1,Full cloud (SaaS),$3K-$8K,5995,Fixed monthly SaaS,IT/Digital lead,3-6 months,1,1,1,0,0,0,1,0,0,1,0,0,1,1,0,7,5,Airbus narrow (A320),Email invite,3,4,5,2,2,0,0,0,0,0,0,1,0,No platform,3,1,0,1,0,0,0,0,0,1.5x,Cost saved per aircraft/yr
UAE-0965,Budget_Regional_Operator,Exploring,Fleet/Maintenance Manager,Commercial airline (full-service),31-80,11-20 years,Outside GCC,Reactive,1-2,$500K-$2M,1284296,1,1,1,0,1,0,0,0,0,1,0,0,0,1,1,1,Lack data expertise,0,0,0,1,1,1,0,0,On-premise,$8K-$20K,15164,Outcome-based,C-Suite,1-3 months,1,1,0,0,0,0,0,1,0,1,1,1,0,0,0,6,5,Boeing narrow (B737),LinkedIn/social media,2,3,5,4,3,0,1,1,0,0,0,0,0,Dissatisfied - hard to integrate,5,0,0,0,0,0,1,0,0,5x+,AOG reduction %
UAE-0966,Budget_Regional_Operator,Hot,Fleet/Maintenance Manager,Low-cost carrier,31-80,2-5 years,Sharjah/Northern Emirates,Scheduled/calendar,6-10,>$50M,78312213,0,1,1,0,0,0,0,0,0,1,0,0,1,0,0,5,Lack data expertise,0,0,0,1,1,1,0,0,Full cloud (SaaS),$3K-$8K,5240,Pay-per-insight,Head of Maintenance/CAMO,<1 month,1,1,0,0,0,1,1,1,0,0,1,0,0,1,0,5,6,Business jet/helicopter,Email invite,3,4,4,4,4,0,0,1,0,1,0,0,0,No platform,5,1,0,1,0,0,1,0,0,3x in 12 months,Component lifespan extension
UAE-0967,Budget_Regional_Operator,Not Interested,Director/VP Operations,Independent MRO,1-10,20+ years,Dubai,Reactive,0,$500K-$2M,1493725,1,1,0,1,1,1,1,1,1,1,0,0,0,1,0,1,Regulatory concerns,1,0,1,0,1,0,0,0,No preference,<$1K,583,Pay-per-insight,Procurement/Finance,3-6 months,0,0,1,0,0,0,1,0,1,1,1,0,0,0,0,10,3,Airbus wide (A330/A350/A380),LinkedIn/social media,3,3,3,3,2,1,0,0,0,0,0,0,0,No platform,4,0,1,1,0,0,1,0,0,Strategic value,Cost saved per aircraft/yr
UAE-0968,Budget_Regional_Operator,Exploring,Director/VP Operations,Commercial airline (full-service),11-30,20+ years,Sharjah/Northern Emirates,Reactive,10+,$500K-$2M,1026735,0,1,0,0,1,0,0,0,0,0,1,0,1,0,0,2,High upfront cost,1,1,0,1,0,0,0,0,Full cloud (SaaS),$3K-$8K,5472,Per-aircraft/year,Procurement/Finance,1-3 months,1,0,0,0,0,0,1,0,0,0,0,0,1,1,0,6,3,Regional/turboprop,LinkedIn/social media,4,3,3,3,4,0,1,0,0,0,0,0,0,No platform,6,1,1,0,0,1,0,0,0,ROI not primary,Cost saved per aircraft/yr
UAE-0969,Budget_Regional_Operator,Exploring,Procurement/Finance,Low-cost carrier,1-10,6-10 years,Abu Dhabi,Condition-based,1-2,$500K-$2M,1181964,1,1,0,0,1,0,1,1,0,1,0,0,0,1,1,1,No barriers,1,0,1,0,1,0,0,0,Full cloud (SaaS),$1K-$3K,1921,Pay-per-insight,C-Suite,1-3 months,1,1,0,0,1,0,1,0,1,1,1,0,0,0,0,6,3,Airbus narrow (A320),Industry event,2,3,5,4,2,0,0,1,0,0,0,0,0,Dissatisfied - poor accuracy,6,1,0,0,1,1,0,0,0,3x in 12 months,Component lifespan extension
UAE-0970,Budget_Regional_Operator,Warm,MRO Engineer/Technician,Low-cost carrier,11-30,6-10 years,Dubai,Scheduled/calendar,3-5,$500K-$2M,1029017,0,1,1,1,0,0,0,0,0,0,0,0,1,0,0,6,High upfront cost,0,0,1,0,1,0,1,0,On-premise,$1K-$3K,2088,Per-aircraft/year,C-Suite,3-6 months,0,1,0,1,0,1,1,1,1,1,0,1,0,0,0,6,4,Airbus wide (A330/A350/A380),LinkedIn/social media,3,3,4,3,3,0,0,0,0,0,1,0,0,No platform,4,1,1,0,1,1,1,0,1,ROI not primary,Component lifespan extension
UAE-0971,Budget_Regional_Operator,Warm,Fleet/Maintenance Manager,Commercial airline (full-service),1-10,11-20 years,Sharjah/Northern Emirates,Predictive (some AI),3-5,$500K-$2M,1396193,1,1,1,0,0,1,0,1,1,0,0,0,1,0,0,5,High upfront cost,1,0,1,1,0,0,0,0,Hybrid,$8K-$20K,11800,Fixed monthly SaaS,C-Suite,<1 month,1,1,0,0,0,1,1,0,1,0,1,1,0,0,0,3,4,Regional/turboprop,Word of mouth,2,4,4,2,4,1,0,0,0,0,0,0,1,Dissatisfied - hard to integrate,4,0,0,1,1,1,0,1,0,3x in 12 months,Component lifespan extension
UAE-0972,Budget_Regional_Operator,Exploring,Fleet/Maintenance Manager,Commercial airline (full-service),200+,11-20 years,Abu Dhabi,Scheduled/calendar,10+,$10M-$50M,30429076,1,1,0,1,1,0,0,0,0,1,1,0,0,1,0,2,Legacy integration,1,1,1,0,0,0,0,0,Full cloud (SaaS),>$20K,31926,Per-aircraft/year,IT/Digital lead,1-3 months,1,0,0,0,0,0,1,1,1,1,1,0,0,0,0,4,3,Boeing narrow (B737),Aviation publication,2,3,5,2,3,0,0,0,1,0,0,0,0,Dissatisfied - hard to integrate,6,0,0,0,0,1,1,0,0,2x,Dispatch reliability %
UAE-0973,Budget_Regional_Operator,Warm,MRO Engineer/Technician,Charter/private aviation,11-30,11-20 years,Dubai,Condition-based,1-2,$2M-$10M,6961694,1,0,1,1,1,1,1,1,0,0,0,0,0,1,0,5,Legacy integration,0,0,0,0,0,0,1,0,Hybrid,>$20K,31450,Outcome-based,Head of Maintenance/CAMO,<1 month,1,0,0,0,1,1,1,1,1,0,1,0,0,0,1,3,8,Boeing narrow (B737),Email invite,4,4,2,2,3,0,1,0,0,0,0,0,0,Dissatisfied - poor accuracy,4,0,1,1,1,0,0,0,1,3x in 12 months,Component lifespan extension
UAE-0974,Budget_Regional_Operator,Exploring,MRO Engineer/Technician,Low-cost carrier,11-30,11-20 years,Outside GCC,Reactive,6-10,$500K-$2M,1488537,0,0,1,1,0,1,0,0,0,1,0,0,1,1,1,3,High upfront cost,1,1,1,0,0,0,0,0,No preference,$8K-$20K,12219,Hardware lease + software,IT/Digital lead,3-6 months,1,1,0,1,0,0,1,0,0,1,0,1,0,1,0,6,3,Airbus narrow (A320),Industry event,3,3,5,4,2,1,0,0,0,0,1,0,0,Dissatisfied - hard to integrate,2,0,0,1,0,0,0,0,0,ROI not primary,AOG reduction %
UAE-0975,Budget_Regional_Operator,Warm,Director/VP Operations,Charter/private aviation,31-80,20+ years,Other GCC,Reactive,10+,$500K-$2M,1204030,0,0,0,0,0,0,1,0,0,0,0,0,1,0,1,3,Cybersecurity,1,1,0,1,0,0,0,0,No preference,>$20K,28232,Per-aircraft/year,Head of Maintenance/CAMO,<1 month,1,0,1,0,0,1,0,0,0,0,0,0,0,1,0,6,8,Business jet/helicopter,Email invite,3,3,3,3,3,0,0,0,0,0,1,0,1,Dissatisfied - poor accuracy,6,0,1,1,1,1,0,0,0,1.5x,Dispatch reliability %
UAE-0976,Budget_Regional_Operator,Warm,Director/VP Operations,Defence/government,11-30,11-20 years,Dubai,Condition-based,1-2,$2M-$10M,5362360,1,0,1,1,0,1,0,0,0,0,0,0,1,0,0,4,Lack data expertise,1,0,0,0,1,1,0,0,Hybrid,<$1K,366,Fixed monthly SaaS,Procurement/Finance,1-3 months,1,0,0,0,1,0,0,1,1,1,1,0,0,0,0,1,5,Regional/turboprop,Aviation publication,2,4,3,2,2,1,1,1,0,0,1,0,1,No platform,1,0,0,1,0,1,0,0,0,3x in 12 months,AOG reduction %
UAE-0977,Budget_Regional_Operator,Warm,MRO Engineer/Technician,Low-cost carrier,11-30,2-5 years,Dubai,Predictive (some AI),6-10,$10M-$50M,36787398,0,1,1,1,1,0,1,0,0,1,0,0,1,1,0,4,High upfront cost,0,0,0,0,0,0,1,1,Full cloud (SaaS),$8K-$20K,12960,Per-aircraft/year,Head of Maintenance/CAMO,3-6 months,1,1,0,0,0,1,1,0,1,0,1,0,0,1,0,2,7,Airbus narrow (A320),Email invite,3,3,4,4,3,1,1,1,0,0,0,0,0,Very satisfied,5,0,1,1,0,0,0,0,1,5x+,AOG reduction %
UAE-0978,Budget_Regional_Operator,Warm,MRO Engineer/Technician,Low-cost carrier,11-30,6-10 years,Dubai,Predictive (some AI),6-10,$10M-$50M,25763783,1,1,0,0,0,0,1,1,0,0,0,0,0,1,0,3,Cybersecurity,0,0,1,1,0,0,1,0,Full cloud (SaaS),$3K-$8K,5341,Hardware lease + software,IT/Digital lead,<1 month,1,0,0,0,1,1,1,0,0,0,1,0,0,0,0,5,7,Boeing narrow (B737),LinkedIn/social media,1,3,3,3,3,0,0,0,0,0,1,0,0,Dissatisfied - hard to integrate,5,1,1,1,0,0,1,0,0,ROI not primary,AOG reduction %
UAE-0979,Budget_Regional_Operator,Exploring,Fleet/Maintenance Manager,Independent MRO,11-30,20+ years,Dubai,Condition-based,3-5,<$500K,265303,1,1,1,0,0,0,0,0,0,1,0,0,0,0,0,1,Legacy integration,1,1,0,1,0,0,0,0,Full cloud (SaaS),$1K-$3K,2336,Fixed monthly SaaS,Joint committee,1-3 months,1,0,0,0,0,0,0,1,0,1,1,1,0,0,0,7,4,Business jet/helicopter,LinkedIn/social media,4,5,4,1,4,0,0,0,0,0,0,0,1,Dissatisfied - hard to integrate,6,1,0,1,1,0,1,0,1,Strategic value,Dispatch reliability %
UAE-0980,Budget_Regional_Operator,Exploring,MRO Engineer/Technician,Commercial airline (full-service),31-80,20+ years,Sharjah/Northern Emirates,Predictive (some AI),6-10,$500K-$2M,1626201,1,1,0,0,0,0,1,0,0,0,1,0,0,0,0,4,High upfront cost,1,1,1,0,0,0,0,0,Full cloud (SaaS),$8K-$20K,17977,Per-aircraft/year,Head of Maintenance/CAMO,<1 month,1,0,0,1,0,1,0,1,0,1,1,0,0,1,0,7,6,Airbus wide (A330/A350/A380),Industry event,4,4,3,3,3,0,0,0,0,0,0,0,1,Dissatisfied - poor accuracy,5,1,0,0,0,0,1,0,0,2x,Audit pass rate
UAE-0981,Budget_Regional_Operator,Exploring,C-Suite,Low-cost carrier,31-80,6-10 years,Abu Dhabi,Scheduled/calendar,0,<$500K,203253,1,0,1,0,0,0,1,0,0,0,0,0,0,1,0,1,High upfront cost,1,0,1,0,1,0,0,0,On-premise,$8K-$20K,12132,Pay-per-insight,IT/Digital lead,3-6 months,1,1,0,1,0,0,0,0,1,1,1,0,0,0,0,7,6,Airbus narrow (A320),LinkedIn/social media,3,4,4,2,3,1,1,0,0,0,0,0,1,Very satisfied,5,0,0,0,1,0,1,0,0,2x,AOG reduction %
UAE-0982,Budget_Regional_Operator,Warm,Fleet/Maintenance Manager,Low-cost carrier,1-10,2-5 years,Dubai,Reactive,0,$10M-$50M,27763263,1,1,1,1,0,0,0,1,0,0,0,0,1,1,0,5,High upfront cost,0,0,0,1,1,1,0,0,Full cloud (SaaS),$3K-$8K,5937,Pay-per-insight,IT/Digital lead,1-3 months,1,0,1,1,0,0,1,0,1,1,1,0,0,0,0,6,6,Airbus wide (A330/A350/A380),Email invite,1,3,4,4,3,0,0,0,0,0,1,0,0,Dissatisfied - poor accuracy,6,1,1,1,1,1,0,0,0,2x,Audit pass rate
UAE-0983,Budget_Regional_Operator,Warm,MRO Engineer/Technician,Low-cost carrier,1-10,6-10 years,Dubai,Condition-based,0,$500K-$2M,1304391,1,0,0,0,0,0,1,1,1,0,0,0,1,1,0,5,Lack data expertise,0,0,0,1,1,0,0,1,Full cloud (SaaS),$3K-$8K,6421,Per-aircraft/year,IT/Digital lead,1-3 months,0,1,0,0,0,0,1,0,1,0,1,1,0,0,0,4,5,Boeing narrow (B737),Aviation publication,3,3,4,2,3,0,1,0,0,0,1,0,0,No platform,5,1,0,0,1,1,0,0,1,5x+,Component lifespan extension
UAE-0984,Budget_Regional_Operator,Not Interested,MRO Engineer/Technician,Commercial airline (full-service),11-30,11-20 years,Dubai,Condition-based,1-2,<$500K,258059,0,0,1,1,0,1,0,0,0,1,0,0,1,1,0,2,Regulatory concerns,0,0,0,1,0,1,1,0,Hybrid,<$1K,469,Per-aircraft/year,Head of Maintenance/CAMO,3-6 months,0,0,0,0,0,1,1,1,1,0,0,0,1,1,0,8,2,Airbus narrow (A320),Email invite,3,5,3,3,2,0,1,0,0,0,0,0,0,No platform,6,1,0,0,1,1,1,0,0,2x,Cost saved per aircraft/yr
UAE-0985,Budget_Regional_Operator,Exploring,Fleet/Maintenance Manager,Commercial airline (full-service),1-10,11-20 years,Other GCC,Scheduled/calendar,3-5,$10M-$50M,24981390,1,0,0,0,0,1,1,1,0,1,0,0,0,1,1,2,Lack data expertise,1,0,0,1,1,0,0,0,No preference,$3K-$8K,5131,Fixed monthly SaaS,IT/Digital lead,<1 month,1,1,0,1,1,0,1,0,1,1,1,0,0,0,0,6,3,Airbus wide (A330/A350/A380),Word of mouth,2,5,4,2,3,0,0,0,0,0,0,0,1,Dissatisfied - poor support,7,0,0,0,1,1,1,0,0,ROI not primary,AOG reduction %
UAE-0986,Budget_Regional_Operator,Exploring,MRO Engineer/Technician,Defence/government,1-10,6-10 years,Other GCC,Scheduled/calendar,3-5,<$500K,241181,0,0,1,0,0,1,0,1,0,0,0,0,1,1,0,1,Regulatory concerns,0,0,0,1,0,1,1,0,Full cloud (SaaS),$8K-$20K,12273,Pay-per-insight,Procurement/Finance,3-6 months,1,0,1,0,0,0,0,1,1,0,0,0,1,1,0,5,3,Boeing narrow (B737),Industry event,2,3,3,3,3,0,0,0,0,0,1,1,0,Dissatisfied - poor accuracy,5,0,0,0,0,1,1,1,0,5x+,Cost saved per aircraft/yr
UAE-0987,Budget_Regional_Operator,Warm,IT/Digital Lead,Commercial airline (full-service),1-10,11-20 years,Dubai,Scheduled/calendar,10+,$500K-$2M,1488141,1,1,0,1,1,0,0,0,0,1,0,0,0,0,0,6,High upfront cost,0,1,0,1,0,1,0,0,Hybrid,>$20K,45525,Per-aircraft/year,Joint committee,3-6 months,0,0,1,0,0,1,1,0,1,1,1,0,0,0,0,4,5,Boeing wide (B777/B787),Aviation publication,3,3,4,2,2,0,0,0,0,0,1,0,0,Very satisfied,5,1,0,0,0,0,0,0,0,3x in 12 months,AOG reduction %
UAE-0988,Budget_Regional_Operator,Exploring,Fleet/Maintenance Manager,Low-cost carrier,81-200,20+ years,Abu Dhabi,Scheduled/calendar,1-2,>$50M,60201319,0,1,1,0,1,1,0,0,1,0,0,0,1,0,0,3,No barriers,0,0,0,1,1,0,1,0,Full cloud (SaaS),$3K-$8K,4971,Hardware lease + software,IT/Digital lead,3-6 months,1,1,0,1,1,0,1,0,0,0,1,0,0,1,0,6,2,Regional/turboprop,Email invite,3,3,4,4,3,1,1,0,0,0,0,0,0,No platform,4,1,0,0,0,0,1,0,0,2x,Dispatch reliability %
UAE-0989,Budget_Regional_Operator,Exploring,Director/VP Operations,Defence/government,31-80,<2 years,Dubai,Full predictive + digital twin,6-10,$10M-$50M,26799060,0,1,1,1,0,0,1,1,0,0,0,0,0,1,0,3,No barriers,1,1,0,0,1,0,0,0,Full cloud (SaaS),>$20K,34545,Hardware lease + software,Procurement/Finance,1-3 months,1,0,0,0,1,1,0,1,1,1,1,0,0,0,0,6,5,Regional/turboprop,LinkedIn/social media,3,4,2,3,4,1,0,0,0,0,0,0,0,Very satisfied,3,1,1,1,0,1,1,0,0,3x in 12 months,Cost saved per aircraft/yr
UAE-0990,Budget_Regional_Operator,Not Interested,MRO Engineer/Technician,Low-cost carrier,11-30,6-10 years,Abu Dhabi,Scheduled/calendar,3-5,$10M-$50M,26014493,0,0,1,1,1,0,0,1,0,0,0,0,0,0,1,9,High upfront cost,1,0,0,0,0,1,1,0,No preference,$3K-$8K,4778,Per-aircraft/year,C-Suite,3-6 months,0,1,1,0,0,0,0,1,1,0,0,0,1,1,0,7,2,Boeing narrow (B737),Email invite,3,3,3,3,3,0,1,0,1,0,0,0,0,No platform,6,0,0,1,1,1,0,1,0,1.5x,AOG reduction %
UAE-0991,Budget_Regional_Operator,Warm,MRO Engineer/Technician,Commercial airline (full-service),11-30,2-5 years,Abu Dhabi,Reactive,6-10,$10M-$50M,30372891,1,0,1,0,0,0,1,0,0,0,1,0,0,0,0,5,Legacy integration,0,1,0,0,1,0,1,0,Full cloud (SaaS),$8K-$20K,13924,Outcome-based,IT/Digital lead,1-3 months,1,0,0,1,0,0,0,1,1,0,0,0,0,0,0,5,6,Airbus narrow (A320),Aviation publication,3,2,3,2,3,0,0,0,0,0,1,0,0,No platform,4,0,0,0,0,0,1,1,0,1.5x,Cost saved per aircraft/yr
UAE-0992,Budget_Regional_Operator,Exploring,IT/Digital Lead,Defence/government,1-10,2-5 years,Abu Dhabi,Scheduled/calendar,1-2,<$500K,229992,1,1,0,0,1,0,0,1,0,0,0,0,0,0,1,10,High upfront cost,1,1,0,0,1,0,0,0,On-premise,$1K-$3K,2197,Hardware lease + software,Head of Maintenance/CAMO,3-6 months,0,1,0,0,0,0,1,0,1,1,1,0,0,0,0,6,2,Boeing narrow (B737),LinkedIn/social media,2,4,3,2,3,0,1,0,0,0,0,0,0,Very satisfied,6,1,0,0,0,0,1,1,0,ROI not primary,Dispatch reliability %
UAE-0993,Budget_Regional_Operator,Exploring,Director/VP Operations,Charter/private aviation,31-80,2-5 years,Other GCC,Scheduled/calendar,1-2,$2M-$10M,4707282,1,1,0,0,1,0,0,1,0,1,0,0,0,0,0,3,High upfront cost,1,0,0,1,1,0,0,0,Full cloud (SaaS),$3K-$8K,4707,Pay-per-insight,C-Suite,1-3 months,0,0,1,0,0,1,1,1,1,1,0,0,1,0,0,6,4,Boeing narrow (B737),Industry event,2,3,4,4,2,0,0,0,0,0,0,1,0,Dissatisfied - poor support,8,0,0,0,0,1,1,0,1,2x,AOG reduction %
UAE-0994,Budget_Regional_Operator,Exploring,IT/Digital Lead,Low-cost carrier,1-10,<2 years,Dubai,Scheduled/calendar,1-2,$2M-$10M,5766250,0,1,0,0,0,0,1,0,0,0,0,0,0,1,0,2,Lack data expertise,1,0,0,1,1,0,0,0,Hybrid,$3K-$8K,4424,Hardware lease + software,Joint committee,3-6 months,1,0,1,1,1,0,0,1,0,1,1,0,0,0,1,5,3,Boeing narrow (B737),LinkedIn/social media,2,3,4,4,2,0,0,0,0,0,0,0,1,Dissatisfied - poor accuracy,5,0,0,0,1,0,1,0,0,3x in 12 months,Unscheduled maintenance reduction
UAE-0995,Budget_Regional_Operator,Hot,Procurement/Finance,Low-cost carrier,1-10,<2 years,Other GCC,Scheduled/calendar,3-5,$500K-$2M,1296471,0,0,1,0,0,1,1,0,0,0,0,0,0,0,1,10,High upfront cost,1,0,0,1,0,0,1,0,On-premise,>$20K,40899,Hardware lease + software,Head of Maintenance/CAMO,1-3 months,0,0,0,0,0,1,1,0,1,0,0,0,0,0,0,2,5,Boeing narrow (B737),LinkedIn/social media,3,3,3,3,3,0,0,0,0,1,0,0,0,Satisfied but expensive,6,0,0,0,0,1,1,0,0,3x in 12 months,Unscheduled maintenance reduction
UAE-0996,Budget_Regional_Operator,Exploring,Director/VP Operations,Independent MRO,1-10,<2 years,Abu Dhabi,Scheduled/calendar,3-5,$2M-$10M,7089149,1,1,1,1,0,1,1,1,1,0,0,0,1,1,1,2,Lack data expertise,1,0,0,1,0,1,0,0,Hybrid,$3K-$8K,6285,Fixed monthly SaaS,Head of Maintenance/CAMO,6-12 months,1,0,1,0,0,0,0,1,1,1,1,0,0,0,0,5,7,Boeing wide (B777/B787),LinkedIn/social media,2,4,4,3,3,0,0,0,0,0,1,0,0,Dissatisfied - hard to integrate,5,1,0,0,0,0,1,0,0,ROI not primary,AOG reduction %
UAE-0997,Budget_Regional_Operator,Warm,MRO Engineer/Technician,Aircraft leasing,200+,6-10 years,Sharjah/Northern Emirates,Reactive,10+,>$50M,50772133,0,1,0,0,0,0,0,1,0,0,1,0,1,0,1,5,Legacy integration,1,1,0,0,0,0,0,1,Hybrid,>$20K,29762,Per-aircraft/year,C-Suite,1-3 months,1,1,0,1,0,0,0,1,1,1,1,0,0,0,0,5,2,Boeing wide (B777/B787),Aviation publication,1,1,1,1,1,0,0,0,0,0,1,1,1,Very satisfied,6,0,0,1,0,0,0,0,0,3x in 12 months,AOG reduction %
UAE-0998,Budget_Regional_Operator,Warm,Fleet/Maintenance Manager,Aircraft leasing,1-10,2-5 years,Abu Dhabi,Reactive,6-10,$500K-$2M,1057579,0,0,1,0,0,0,0,0,0,0,0,0,0,0,1,6,Lack data expertise,1,1,1,0,0,0,0,0,Full cloud (SaaS),$8K-$20K,15196,Per-aircraft/year,IT/Digital lead,3-6 months,1,0,1,0,0,0,0,0,1,1,0,0,0,1,0,5,6,Boeing narrow (B737),Word of mouth,3,3,3,3,3,0,1,1,0,0,0,1,0,No platform,4,1,1,0,1,0,0,0,1,ROI not primary,AOG reduction %
UAE-0999,Budget_Regional_Operator,Hot,C-Suite,Low-cost carrier,11-30,2-5 years,Abu Dhabi,Predictive (some AI),1-2,$500K-$2M,1454238,1,1,0,0,1,1,0,0,0,1,0,1,0,0,1,5,High upfront cost,1,0,0,1,1,0,0,0,On-premise,$1K-$3K,1156,Fixed monthly SaaS,Head of Maintenance/CAMO,1-3 months,0,0,0,0,0,1,1,1,0,0,1,0,1,0,0,3,7,Business jet/helicopter,Aviation publication,3,3,3,3,3,0,0,0,1,1,1,0,1,Very satisfied,6,1,0,0,1,1,0,1,0,2x,Cost saved per aircraft/yr
UAE-1000,Budget_Regional_Operator,Warm,Fleet/Maintenance Manager,Low-cost carrier,1-10,2-5 years,Abu Dhabi,Predictive (some AI),3-5,<$500K,280185,1,1,1,1,1,0,0,1,0,0,0,0,1,0,0,5,No barriers,1,0,0,1,0,1,0,0,On-premise,$3K-$8K,6270,Per-aircraft/year,Head of Maintenance/CAMO,1-3 months,0,0,1,1,1,0,1,0,0,0,0,0,0,1,0,4,5,Airbus narrow (A320),Industry event,2,4,4,4,4,0,0,0,0,1,0,0,0,No platform,5,1,1,0,1,0,0,0,0,1.5x,Cost saved per aircraft/yr
UAE-1001,Enterprise_Full_Service,Hot,MRO Engineer/Technician,Commercial airline (full-service),31-80,2-5 years,Other GCC,Condition-based,0,$2M-$10M,4939638,0,1,1,1,1,1,0,0,0,1,0,1,1,1,0,8,Legacy integration,1,1,0,1,0,0,0,0,On-premise,$1K-$3K,2399,Hardware lease + software,Head of Maintenance/CAMO,6-12 months,1,0,0,0,1,1,1,0,0,1,1,1,0,0,0,4,9,Boeing narrow (B737),Aviation publication,3,3,2,4,3,1,1,0,1,0,1,0,0,Dissatisfied - poor accuracy,6,1,1,1,1,0,1,1,0,3x in 12 months,AOG reduction %
UAE-1002,Enterprise_Full_Service,Not Interested,C-Suite,Commercial airline (full-service),200+,6-10 years,Other GCC,Condition-based,10+,>$50M,73545403,0,1,1,0,0,0,0,0,0,1,0,1,0,0,0,5,Legacy integration,0,0,1,0,1,1,0,0,No preference,$8K-$20K,12042,Fixed monthly SaaS,C-Suite,>12 months,0,0,1,0,0,1,1,0,0,1,1,1,0,0,0,9,2,Airbus wide (A330/A350/A380),Email invite,3,2,2,5,4,0,0,1,0,0,0,0,0,Very satisfied,3,0,0,0,1,0,1,1,0,1.5x,Unscheduled maintenance reduction
UAE-1003,Enterprise_Full_Service,Warm,IT/Digital Lead,Aircraft leasing,31-80,11-20 years,Other GCC,Condition-based,0,$10M-$50M,33434140,1,1,0,0,1,0,1,0,1,0,0,0,0,0,0,8,No barriers,1,0,0,1,1,0,0,0,Full cloud (SaaS),$3K-$8K,5623,Fixed monthly SaaS,Procurement/Finance,3-6 months,1,1,1,1,1,1,1,0,0,1,0,0,0,1,0,7,6,Airbus wide (A330/A350/A380),LinkedIn/social media,2,3,3,3,4,1,1,1,0,1,0,0,0,Satisfied but expensive,3,0,0,0,1,1,1,0,0,2x,Cost saved per aircraft/yr
UAE-1004,Enterprise_Full_Service,Warm,MRO Engineer/Technician,Aircraft leasing,81-200,6-10 years,Dubai,Condition-based,1-2,>$50M,86143876,1,0,0,0,0,0,0,1,0,1,0,1,1,1,0,6,Legacy integration,1,1,1,0,0,0,0,0,Hybrid,$8K-$20K,11517,Per-aircraft/year,Head of Maintenance/CAMO,>12 months,0,1,1,1,0,1,0,0,1,1,0,1,0,0,0,4,7,Airbus narrow (A320),Email invite,3,2,2,3,3,1,1,0,0,0,0,0,0,Very satisfied,7,1,0,0,1,1,1,0,0,Strategic value,Cost saved per aircraft/yr
UAE-1005,Enterprise_Full_Service,Exploring,Fleet/Maintenance Manager,Commercial airline (full-service),31-80,11-20 years,Dubai,Condition-based,1-2,<$500K,249840,1,0,1,0,0,0,0,1,1,1,1,0,1,0,0,6,High upfront cost,1,0,1,1,0,0,0,0,Full cloud (SaaS),$3K-$8K,6940,Per-aircraft/year,Joint committee,>12 months,0,1,1,0,1,0,0,1,1,1,0,0,1,0,0,5,4,Airbus wide (A330/A350/A380),Word of mouth,5,4,2,4,4,0,1,1,1,0,1,0,0,No platform,7,1,0,0,1,1,0,0,0,ROI not primary,Dispatch reliability %
UAE-1006,Enterprise_Full_Service,Hot,MRO Engineer/Technician,Commercial airline (full-service),11-30,2-5 years,Abu Dhabi,Scheduled/calendar,6-10,$500K-$2M,1110316,1,0,1,0,0,0,1,0,0,1,0,0,0,1,0,6,Cybersecurity,1,1,0,1,0,0,0,0,Hybrid,>$20K,24592,Per-aircraft/year,Procurement/Finance,>12 months,1,1,1,1,0,1,0,0,1,1,0,1,0,0,0,2,9,Boeing wide (B777/B787),LinkedIn/social media,2,3,2,5,4,1,1,0,1,1,0,0,0,Satisfied but expensive,5,1,1,1,1,0,1,0,0,2x,Dispatch reliability %
UAE-1007,Enterprise_Full_Service,Exploring,Director/VP Operations,Charter/private aviation,81-200,6-10 years,Abu Dhabi,Scheduled/calendar,10+,$10M-$50M,28659227,0,1,0,0,1,0,0,1,0,1,1,0,0,1,0,5,Legacy integration,1,1,1,0,0,0,0,0,No preference,$8K-$20K,17715,Per-aircraft/year,IT/Digital lead,<1 month,1,1,1,0,1,1,1,1,1,1,1,0,0,0,0,7,3,Boeing wide (B777/B787),LinkedIn/social media,2,2,3,3,4,1,0,0,0,0,1,0,0,No platform,5,0,0,0,1,1,0,0,0,2x,Component lifespan extension
UAE-1008,Enterprise_Full_Service,Hot,MRO Engineer/Technician,Low-cost carrier,81-200,20+ years,Outside GCC,Scheduled/calendar,3-5,$10M-$50M,25238341,1,0,1,0,0,0,1,1,0,1,1,1,0,1,0,6,High upfront cost,1,0,0,1,1,0,0,0,Full cloud (SaaS),$8K-$20K,17937,Pay-per-insight,Procurement/Finance,6-12 months,1,0,1,1,0,1,0,1,1,0,1,1,0,0,0,4,10,Airbus wide (A330/A350/A380),Industry event,4,3,4,4,4,0,1,0,1,1,1,0,0,Satisfied but expensive,5,0,1,1,0,1,1,0,0,3x in 12 months,Unscheduled maintenance reduction
UAE-1009,Enterprise_Full_Service,Hot,MRO Engineer/Technician,Commercial airline (full-service),200+,6-10 years,Dubai,Scheduled/calendar,10+,>$50M,41847327,1,0,1,1,0,0,0,0,0,1,0,0,1,1,0,9,Cybersecurity,0,1,0,1,1,0,0,0,On-premise,$3K-$8K,5986,Per-aircraft/year,IT/Digital lead,3-6 months,0,0,1,1,1,1,1,0,1,1,1,0,0,0,0,3,8,Boeing narrow (B737),LinkedIn/social media,3,3,3,3,4,1,0,0,0,1,1,0,0,No platform,6,0,1,1,1,1,0,1,0,5x+,AOG reduction %
UAE-1010,Enterprise_Full_Service,Hot,Director/VP Operations,Charter/private aviation,81-200,11-20 years,Other GCC,Condition-based,1-2,<$500K,242549,1,1,1,0,1,0,0,0,0,1,1,1,1,1,0,8,Legacy integration,1,1,1,0,0,0,0,0,Full cloud (SaaS),>$20K,23003,Hardware lease + software,C-Suite,3-6 months,0,1,1,1,1,0,1,0,0,1,1,1,0,0,0,1,8,Airbus wide (A330/A350/A380),Word of mouth,4,2,3,3,3,1,0,0,0,0,0,0,0,Satisfied but expensive,3,0,1,1,0,1,1,0,0,3x in 12 months,Component lifespan extension
UAE-1011,Enterprise_Full_Service,Hot,Fleet/Maintenance Manager,Low-cost carrier,200+,20+ years,Dubai,Predictive (some AI),3-5,>$50M,65419306,1,0,0,1,0,0,0,1,1,1,1,0,0,1,0,8,No barriers,1,0,0,0,1,1,0,0,Hybrid,$8K-$20K,14082,Per-aircraft/year,Joint committee,6-12 months,1,1,1,1,1,1,0,0,0,1,1,1,0,0,0,2,8,Airbus narrow (A320),LinkedIn/social media,4,3,3,5,4,1,1,1,1,1,1,0,0,Dissatisfied - poor support,6,0,0,0,1,0,1,1,1,3x in 12 months,Cost saved per aircraft/yr
UAE-1012,Enterprise_Full_Service,Not Interested,MRO Engineer/Technician,Commercial airline (full-service),200+,11-20 years,Dubai,Condition-based,0,>$50M,75614382,1,0,1,1,0,0,1,0,1,1,0,1,0,1,0,5,Lack data expertise,1,1,1,0,0,0,0,0,Hybrid,<$1K,528,Fixed monthly SaaS,Procurement/Finance,1-3 months,1,1,1,1,0,1,1,0,1,1,1,0,0,0,0,9,3,Boeing narrow (B737),Industry event,2,2,2,4,2,0,1,0,1,0,0,0,0,Satisfied but expensive,6,1,1,0,1,1,1,1,0,Strategic value,Unscheduled maintenance reduction
UAE-1013,Enterprise_Full_Service,Exploring,Director/VP Operations,Commercial airline (full-service),81-200,<2 years,Dubai,Scheduled/calendar,1-2,>$50M,79078609,1,1,0,0,0,1,1,1,0,1,1,0,1,0,0,6,Legacy integration,1,1,1,0,0,0,0,0,Full cloud (SaaS),$8K-$20K,14454,Per-aircraft/year,Joint committee,3-6 months,1,1,1,0,1,1,1,1,0,1,1,1,0,0,0,4,3,Airbus wide (A330/A350/A380),Word of mouth,2,3,3,3,5,1,1,0,0,0,1,0,0,Dissatisfied - hard to integrate,4,1,0,0,1,1,1,0,0,2x,Unscheduled maintenance reduction
UAE-1014,Enterprise_Full_Service,Exploring,MRO Engineer/Technician,Commercial airline (full-service),200+,20+ years,Dubai,Scheduled/calendar,10+,>$50M,90143663,1,1,0,0,1,0,0,1,1,1,1,0,0,1,0,6,Lack data expertise,0,1,0,1,1,0,0,0,Hybrid,$3K-$8K,6389,Fixed monthly SaaS,Head of Maintenance/CAMO,>12 months,1,0,1,1,1,1,1,0,0,0,1,1,0,1,0,5,4,Airbus wide (A330/A350/A380),LinkedIn/social media,2,4,3,4,3,0,0,1,1,1,0,0,0,Dissatisfied - poor accuracy,2,0,1,1,1,0,0,0,0,2x,Unscheduled maintenance reduction
UAE-1015,Enterprise_Full_Service,Hot,IT/Digital Lead,Commercial airline (full-service),81-200,11-20 years,Other GCC,Scheduled/calendar,3-5,$10M-$50M,25326566,0,0,0,0,0,0,1,0,0,0,0,0,0,0,1,10,Lack data expertise,0,1,1,0,1,0,0,0,Hybrid,$8K-$20K,12984,Per-aircraft/year,C-Suite,>12 months,1,0,1,1,0,1,1,1,1,0,0,1,1,0,0,2,9,Business jet/helicopter,Industry event,4,4,2,2,5,0,1,0,0,1,0,0,0,Dissatisfied - poor support,9,1,0,1,1,1,1,1,0,2x,AOG reduction %
UAE-1016,Enterprise_Full_Service,Warm,MRO Engineer/Technician,Commercial airline (full-service),81-200,20+ years,Outside GCC,Scheduled/calendar,1-2,$2M-$10M,6169608,1,1,1,0,1,0,0,0,0,0,1,0,0,1,0,6,High upfront cost,1,0,1,0,1,0,0,0,Hybrid,$3K-$8K,6453,Fixed monthly SaaS,Procurement/Finance,1-3 months,0,1,1,1,1,1,1,1,1,1,0,0,1,0,0,4,6,Airbus narrow (A320),LinkedIn/social media,4,3,2,4,4,0,1,0,0,1,0,0,0,Satisfied but expensive,6,1,0,1,0,0,1,1,0,2x,Audit pass rate
UAE-1017,Enterprise_Full_Service,Warm,Fleet/Maintenance Manager,Commercial airline (full-service),81-200,6-10 years,Sharjah/Northern Emirates,Condition-based,1-2,$10M-$50M,31179074,1,1,0,0,0,1,0,0,0,1,1,1,0,0,0,8,Lack data expertise,1,0,1,1,0,0,0,0,Hybrid,<$1K,467,Fixed monthly SaaS,Head of Maintenance/CAMO,6-12 months,0,0,0,1,1,0,1,0,1,1,1,0,0,0,0,5,2,Boeing wide (B777/B787),Email invite,3,4,3,3,3,1,1,0,0,1,1,0,0,No platform,7,1,1,0,0,1,0,0,0,2x,Unscheduled maintenance reduction
UAE-1018,Enterprise_Full_Service,Warm,Fleet/Maintenance Manager,Commercial airline (full-service),81-200,20+ years,Abu Dhabi,Scheduled/calendar,3-5,>$50M,81170211,0,1,1,1,0,0,0,0,1,1,1,0,1,1,0,8,Regulatory concerns,1,1,1,0,0,0,0,0,On-premise,$3K-$8K,3791,Per-aircraft/year,IT/Digital lead,6-12 months,0,0,1,0,0,0,1,0,0,0,1,0,0,1,0,4,6,Business jet/helicopter,Email invite,3,3,3,4,2,1,0,1,0,0,0,0,0,Very satisfied,8,1,0,0,1,1,1,0,0,3x in 12 months,Cost saved per aircraft/yr
UAE-1019,Enterprise_Full_Service,Hot,Fleet/Maintenance Manager,Commercial airline (full-service),200+,20+ years,Abu Dhabi,Full predictive + digital twin,1-2,>$50M,80443212,0,0,1,0,0,0,1,1,0,1,0,1,0,1,0,7,No barriers,1,1,1,0,0,0,0,0,Hybrid,$8K-$20K,16285,Hardware lease + software,Head of Maintenance/CAMO,<1 month,1,0,1,0,1,0,0,0,1,0,1,0,1,0,0,1,7,Airbus narrow (A320),Aviation publication,3,4,3,4,3,1,1,0,0,0,0,0,0,No platform,6,1,1,0,1,1,1,0,0,3x in 12 months,Dispatch reliability %
UAE-1020,Enterprise_Full_Service,Warm,MRO Engineer/Technician,Commercial airline (full-service),31-80,11-20 years,Dubai,Condition-based,3-5,$10M-$50M,37547578,0,1,1,1,0,0,0,0,0,1,0,0,0,1,0,8,Legacy integration,1,0,1,1,0,0,0,0,Full cloud (SaaS),$8K-$20K,13794,Per-aircraft/year,IT/Digital lead,6-12 months,1,1,0,0,1,0,1,0,1,0,0,0,1,0,0,6,7,Boeing narrow (B737),Industry event,4,4,4,4,4,1,1,0,0,0,0,0,0,Satisfied but expensive,5,0,1,1,1,1,1,0,0,2x,AOG reduction %
UAE-1021,Enterprise_Full_Service,Exploring,IT/Digital Lead,Commercial airline (full-service),81-200,20+ years,Dubai,Predictive (some AI),6-10,$10M-$50M,25846174,1,0,1,1,0,0,0,1,1,1,0,0,1,1,0,4,High upfront cost,1,1,1,0,0,0,0,0,Hybrid,$8K-$20K,13807,Per-aircraft/year,C-Suite,6-12 months,1,0,0,1,1,1,1,0,1,0,0,1,1,0,0,4,5,Airbus narrow (A320),Email invite,1,5,4,4,4,0,1,0,1,0,0,0,0,No platform,6,1,0,1,1,1,1,0,1,3x in 12 months,Cost saved per aircraft/yr
UAE-1022,Enterprise_Full_Service,Warm,Fleet/Maintenance Manager,Aircraft leasing,11-30,2-5 years,Abu Dhabi,Condition-based,6-10,$500K-$2M,1139532,1,1,1,1,0,1,0,1,0,1,1,0,0,1,0,7,High upfront cost,1,1,0,0,1,0,0,0,Full cloud (SaaS),$3K-$8K,5357,Outcome-based,IT/Digital lead,6-12 months,0,0,1,1,1,0,1,0,1,1,1,0,0,0,0,4,6,Regional/turboprop,Email invite,2,3,3,4,3,1,0,1,1,0,1,0,0,No platform,7,1,0,0,1,0,0,1,0,3x in 12 months,Cost saved per aircraft/yr
UAE-1023,Enterprise_Full_Service,Exploring,Fleet/Maintenance Manager,Independent MRO,31-80,2-5 years,Dubai,Predictive (some AI),3-5,$2M-$10M,5681712,1,0,1,0,1,1,1,1,0,0,0,0,1,1,0,5,Regulatory concerns,0,1,1,1,0,0,0,0,Full cloud (SaaS),$3K-$8K,6784,Outcome-based,C-Suite,>12 months,1,1,1,0,1,1,0,0,1,1,0,1,0,0,0,6,4,Airbus wide (A330/A350/A380),LinkedIn/social media,3,4,3,5,3,1,0,0,0,1,1,1,0,No platform,4,0,0,0,1,0,1,0,0,2x,AOG reduction %
UAE-1024,Enterprise_Full_Service,Warm,C-Suite,Defence/government,81-200,11-20 years,Outside GCC,Predictive (some AI),0,$10M-$50M,33057179,1,0,0,0,0,0,1,0,0,1,0,0,0,1,0,7,Cybersecurity,1,1,0,0,1,0,0,0,Hybrid,>$20K,31127,Fixed monthly SaaS,IT/Digital lead,>12 months,0,1,0,1,0,1,0,1,0,1,1,1,0,0,0,1,6,Boeing narrow (B737),Email invite,3,2,2,3,3,1,1,0,0,0,1,0,0,Dissatisfied - hard to integrate,3,1,0,0,0,1,1,0,0,2x,Component lifespan extension
UAE-1025,Enterprise_Full_Service,Not Interested,MRO Engineer/Technician,Commercial airline (full-service),31-80,20+ years,Abu Dhabi,Scheduled/calendar,1-2,$500K-$2M,1309301,1,1,1,1,1,0,0,0,0,1,1,0,0,1,0,6,Regulatory concerns,1,0,1,0,0,1,0,0,On-premise,$3K-$8K,5778,Hardware lease + software,IT/Digital lead,6-12 months,1,1,1,0,1,1,1,0,1,0,1,0,1,0,0,9,3,Airbus narrow (A320),Email invite,4,4,2,3,4,0,1,1,0,1,0,0,0,Dissatisfied - poor accuracy,7,0,0,0,1,1,0,1,0,2x,Cost saved per aircraft/yr
UAE-1026,Enterprise_Full_Service,Warm,Director/VP Operations,Commercial airline (full-service),200+,11-20 years,Dubai,Condition-based,3-5,$10M-$50M,33490538,1,1,0,0,1,0,1,0,0,1,0,1,1,0,0,9,Legacy integration,1,1,1,0,0,0,0,0,Full cloud (SaaS),$3K-$8K,5511,Outcome-based,Head of Maintenance/CAMO,3-6 months,1,1,0,1,1,1,0,1,0,1,0,1,0,1,0,5,5,Airbus narrow (A320),Word of mouth,5,3,3,4,3,1,0,1,0,1,0,0,0,Satisfied but expensive,4,0,1,1,1,1,0,1,0,3x in 12 months,Unscheduled maintenance reduction
UAE-1027,Enterprise_Full_Service,Warm,Fleet/Maintenance Manager,Commercial airline (full-service),200+,<2 years,Dubai,Condition-based,6-10,>$50M,69108326,0,1,0,0,0,0,0,0,0,1,0,1,1,1,0,6,Legacy integration,0,0,1,1,1,0,0,0,Full cloud (SaaS),$3K-$8K,4722,Per-aircraft/year,Head of Maintenance/CAMO,6-12 months,1,1,0,0,1,1,1,1,1,1,1,0,0,0,0,7,7,Airbus wide (A330/A350/A380),Email invite,4,4,4,3,3,1,1,1,0,0,0,0,0,Dissatisfied - poor accuracy,4,1,1,0,1,1,0,0,0,3x in 12 months,Unscheduled maintenance reduction
UAE-1028,Enterprise_Full_Service,Hot,MRO Engineer/Technician,Commercial airline (full-service),1-10,6-10 years,Outside GCC,Scheduled/calendar,3-5,>$50M,69715539,1,0,1,1,0,1,1,1,0,0,1,0,1,0,0,7,Legacy integration,0,0,1,0,0,0,1,1,Hybrid,>$20K,42180,Hardware lease + software,IT/Digital lead,>12 months,1,1,1,1,0,0,0,0,0,1,0,1,1,0,0,3,8,Boeing narrow (B737),Email invite,3,1,2,3,3,1,0,0,0,0,0,0,0,Dissatisfied - hard to integrate,4,1,1,1,0,1,1,0,0,3x in 12 months,Cost saved per aircraft/yr
UAE-1029,Enterprise_Full_Service,Warm,MRO Engineer/Technician,Aircraft leasing,200+,6-10 years,Abu Dhabi,Condition-based,1-2,>$50M,69478427,0,1,0,0,1,0,0,0,0,0,1,1,0,1,0,6,High upfront cost,1,1,1,0,0,0,0,0,Full cloud (SaaS),$3K-$8K,5375,Per-aircraft/year,IT/Digital lead,1-3 months,1,1,1,0,0,1,1,1,0,0,1,1,1,0,0,3,5,Airbus narrow (A320),Word of mouth,2,3,2,4,4,1,0,1,0,0,1,0,0,Dissatisfied - poor accuracy,5,1,1,1,1,1,0,0,0,5x+,Dispatch reliability %
UAE-1030,Enterprise_Full_Service,Exploring,MRO Engineer/Technician,Commercial airline (full-service),81-200,11-20 years,Dubai,Condition-based,1-2,$10M-$50M,26411315,1,1,1,0,0,1,1,1,0,1,1,1,1,0,0,5,Regulatory concerns,1,1,0,1,0,0,0,0,No preference,$3K-$8K,6183,Pay-per-insight,C-Suite,3-6 months,1,1,1,1,1,1,1,1,1,1,1,0,0,0,0,6,6,Airbus narrow (A320),LinkedIn/social media,4,4,3,4,3,1,0,0,1,0,1,0,0,Dissatisfied - poor accuracy,5,1,0,0,0,1,1,0,0,2x,Cost saved per aircraft/yr
UAE-1031,Enterprise_Full_Service,Warm,Fleet/Maintenance Manager,Commercial airline (full-service),200+,6-10 years,Dubai,Condition-based,1-2,>$50M,78930339,1,0,0,1,0,0,0,0,1,1,1,0,1,1,0,8,Cybersecurity,1,1,0,0,1,0,0,0,No preference,$8K-$20K,15279,Hardware lease + software,Head of Maintenance/CAMO,3-6 months,0,0,1,1,1,1,1,0,1,0,1,1,0,0,0,6,4,Airbus wide (A330/A350/A380),LinkedIn/social media,1,1,1,1,1,1,0,1,0,0,1,0,0,Satisfied but expensive,5,1,1,0,0,0,1,1,0,2x,Cost saved per aircraft/yr
UAE-1032,Enterprise_Full_Service,Not Interested,Fleet/Maintenance Manager,Commercial airline (full-service),11-30,6-10 years,Dubai,Predictive (some AI),6-10,$2M-$10M,5536077,1,1,1,0,0,1,0,1,1,1,0,0,1,1,0,4,Legacy integration,1,1,1,0,0,0,0,0,Hybrid,$8K-$20K,14075,Hardware lease + software,Procurement/Finance,3-6 months,1,1,1,1,0,0,1,1,1,0,1,1,0,0,0,8,1,Boeing wide (B777/B787),LinkedIn/social media,3,4,4,4,3,0,1,1,0,1,1,0,0,Satisfied but expensive,6,1,1,0,1,0,1,0,0,3x in 12 months,Audit pass rate
UAE-1033,Enterprise_Full_Service,Exploring,Fleet/Maintenance Manager,Commercial airline (full-service),81-200,6-10 years,Dubai,Predictive (some AI),6-10,$10M-$50M,36994270,1,0,0,0,0,0,1,0,1,1,1,0,0,1,0,6,Regulatory concerns,1,1,1,0,0,0,0,0,Full cloud (SaaS),>$20K,31701,Fixed monthly SaaS,Head of Maintenance/CAMO,3-6 months,0,1,0,1,0,1,1,1,0,0,1,1,0,1,0,8,4,Airbus narrow (A320),LinkedIn/social media,4,3,3,5,3,1,0,0,0,0,0,0,0,Satisfied but expensive,4,0,0,0,1,1,1,0,0,3x in 12 months,Cost saved per aircraft/yr
UAE-1034,Enterprise_Full_Service,Exploring,Fleet/Maintenance Manager,Commercial airline (full-service),31-80,<2 years,Abu Dhabi,Scheduled/calendar,3-5,>$50M,76096750,1,0,1,0,0,0,1,0,1,1,1,0,1,1,0,4,Cybersecurity,0,1,1,1,0,0,0,0,No preference,$3K-$8K,6142,Hardware lease + software,Joint committee,1-3 months,1,0,1,1,0,0,1,0,1,0,0,1,1,0,0,5,6,Airbus narrow (A320),Industry event,2,4,2,3,4,1,1,0,0,0,1,0,0,Dissatisfied - poor accuracy,5,0,1,0,1,0,0,1,0,5x+,AOG reduction %
UAE-1035,Enterprise_Full_Service,Warm,Procurement/Finance,Commercial airline (full-service),200+,2-5 years,Abu Dhabi,Condition-based,6-10,>$50M,62516894,1,0,1,1,0,1,1,1,0,1,1,0,1,1,0,5,Regulatory concerns,1,0,1,1,0,0,0,0,Full cloud (SaaS),$1K-$3K,1996,Hardware lease + software,Joint committee,3-6 months,1,1,1,0,0,0,0,1,0,1,1,1,0,0,0,6,7,Boeing narrow (B737),Word of mouth,3,3,3,3,3,0,0,1,1,0,1,0,0,Satisfied but expensive,5,1,0,0,1,0,0,0,0,Strategic value,Dispatch reliability %
UAE-1036,Enterprise_Full_Service,Hot,Fleet/Maintenance Manager,Commercial airline (full-service),81-200,20+ years,Outside GCC,Scheduled/calendar,3-5,>$50M,73192650,1,1,0,1,0,0,1,0,1,1,0,0,1,1,0,8,Lack data expertise,1,0,0,1,0,1,0,0,Hybrid,>$20K,31816,Hardware lease + software,Procurement/Finance,3-6 months,1,0,1,1,0,1,1,0,1,1,1,0,0,0,0,4,8,Airbus narrow (A320),LinkedIn/social media,2,3,3,2,3,1,0,1,1,1,1,0,0,Satisfied but expensive,4,0,1,1,0,1,1,0,0,3x in 12 months,AOG reduction %
UAE-1037,Enterprise_Full_Service,Exploring,Procurement/Finance,Commercial airline (full-service),31-80,20+ years,Dubai,Scheduled/calendar,6-10,$2M-$10M,6106515,1,1,1,0,0,1,0,1,0,1,1,0,0,1,0,4,Regulatory concerns,0,1,0,0,1,1,0,0,Full cloud (SaaS),$8K-$20K,13903,Per-aircraft/year,Head of Maintenance/CAMO,1-3 months,1,0,1,1,0,1,0,0,1,0,0,1,1,0,0,6,4,Boeing narrow (B737),Email invite,3,3,2,4,4,1,1,1,1,0,0,0,0,Dissatisfied - poor accuracy,4,1,0,0,0,1,0,1,0,2x,AOG reduction %
UAE-1038,Enterprise_Full_Service,Warm,Fleet/Maintenance Manager,Commercial airline (full-service),200+,20+ years,Other GCC,Condition-based,1-2,>$50M,92107201,1,1,1,0,1,0,0,0,1,1,1,1,1,0,0,7,Lack data expertise,1,1,1,0,0,0,0,0,Hybrid,$8K-$20K,17856,Outcome-based,Procurement/Finance,6-12 months,1,1,0,0,0,0,1,0,1,0,0,0,1,0,0,4,3,Airbus wide (A330/A350/A380),Email invite,3,3,3,3,3,1,0,0,0,0,0,0,1,Dissatisfied - poor support,5,0,1,0,1,0,0,0,0,5x+,Cost saved per aircraft/yr
UAE-1039,Enterprise_Full_Service,Warm,Director/VP Operations,Commercial airline (full-service),1-10,6-10 years,Other GCC,Condition-based,1-2,$10M-$50M,28639426,1,1,0,1,1,0,1,1,1,1,0,0,0,1,0,8,Legacy integration,1,0,0,1,0,1,0,0,Hybrid,>$20K,27194,Fixed monthly SaaS,C-Suite,3-6 months,1,1,1,0,0,1,0,1,1,1,1,0,0,0,0,5,6,Airbus wide (A330/A350/A380),Word of mouth,3,2,3,1,3,1,1,1,0,1,1,0,0,No platform,5,1,1,0,1,0,0,0,0,1.5x,AOG reduction %
UAE-1040,Enterprise_Full_Service,Exploring,Fleet/Maintenance Manager,Commercial airline (full-service),200+,6-10 years,Sharjah/Northern Emirates,Scheduled/calendar,0,$10M-$50M,32536531,1,0,1,0,0,0,1,1,0,1,0,1,1,1,0,4,Cybersecurity,1,1,1,0,0,0,0,0,Full cloud (SaaS),$1K-$3K,2125,Fixed monthly SaaS,Head of Maintenance/CAMO,3-6 months,1,1,1,1,1,1,0,0,1,0,0,0,1,0,0,3,4,Airbus wide (A330/A350/A380),Email invite,2,2,3,5,4,1,0,0,0,0,0,0,0,Dissatisfied - poor accuracy,6,0,0,0,1,1,1,1,0,3x in 12 months,Dispatch reliability %
UAE-1041,Enterprise_Full_Service,Warm,IT/Digital Lead,Commercial airline (full-service),200+,2-5 years,Dubai,Condition-based,0,>$50M,74780283,0,0,0,0,0,0,0,1,1,1,1,1,1,1,0,6,Regulatory concerns,1,1,0,0,1,0,0,0,Full cloud (SaaS),$3K-$8K,4961,Pay-per-insight,C-Suite,<1 month,1,0,1,1,1,1,0,1,1,1,1,0,0,0,0,5,4,Boeing wide (B777/B787),Aviation publication,4,3,3,4,2,0,1,0,0,0,1,0,0,Very satisfied,5,1,0,0,1,1,0,1,0,1.5x,Dispatch reliability %
UAE-1042,Enterprise_Full_Service,Warm,MRO Engineer/Technician,Commercial airline (full-service),81-200,20+ years,Dubai,Scheduled/calendar,1-2,$10M-$50M,26150125,0,1,0,1,0,1,1,1,0,0,0,0,1,1,0,5,High upfront cost,1,0,0,1,0,0,0,0,On-premise,>$20K,22796,Per-aircraft/year,Joint committee,<1 month,1,0,0,1,0,1,1,0,1,0,1,1,0,0,0,8,7,Boeing narrow (B737),LinkedIn/social media,5,4,2,4,4,1,0,1,0,1,0,0,0,No platform,6,0,0,1,0,1,1,1,0,ROI not primary,Cost saved per aircraft/yr
UAE-1043,Enterprise_Full_Service,Hot,Procurement/Finance,Commercial airline (full-service),200+,2-5 years,Sharjah/Northern Emirates,Predictive (some AI),3-5,>$50M,68504902,1,1,0,1,1,0,1,0,0,0,0,0,0,0,1,8,Legacy integration,1,0,0,0,0,1,1,0,Full cloud (SaaS),>$20K,44570,Outcome-based,Head of Maintenance/CAMO,1-3 months,1,1,1,1,0,0,1,1,0,1,1,1,0,0,0,2,8,Airbus wide (A330/A350/A380),LinkedIn/social media,3,3,3,5,3,1,0,0,1,1,0,0,0,Dissatisfied - poor support,4,1,0,1,1,1,1,0,0,2x,AOG reduction %
UAE-1044,Enterprise_Full_Service,Warm,Fleet/Maintenance Manager,Commercial airline (full-service),31-80,6-10 years,Abu Dhabi,Scheduled/calendar,3-5,$10M-$50M,29272602,1,1,1,0,1,1,0,0,0,1,1,0,1,0,0,7,High upfront cost,1,1,0,1,0,0,0,0,On-premise,$1K-$3K,2512,Per-aircraft/year,C-Suite,>12 months,1,1,1,1,1,0,1,1,1,1,0,0,1,0,0,6,6,Boeing wide (B777/B787),LinkedIn/social media,2,2,3,4,3,0,1,1,1,1,0,0,0,Dissatisfied - poor accuracy,5,1,1,0,1,1,0,0,0,Strategic value,Cost saved per aircraft/yr
UAE-1045,Enterprise_Full_Service,Warm,C-Suite,Commercial airline (full-service),81-200,11-20 years,Dubai,Full predictive + digital twin,3-5,$10M-$50M,27332403,0,1,1,1,0,0,0,1,0,1,1,0,1,1,0,7,High upfront cost,1,1,0,0,1,0,0,0,Hybrid,>$20K,15990,Outcome-based,Head of Maintenance/CAMO,>12 months,1,0,0,0,0,1,1,0,0,0,0,0,1,0,1,3,5,Airbus narrow (A320),LinkedIn/social media,4,2,3,4,4,0,0,0,0,0,1,0,0,Dissatisfied - poor accuracy,7,0,1,1,0,1,1,1,0,2x,Cost saved per aircraft/yr
UAE-1046,Enterprise_Full_Service,Hot,Director/VP Operations,Commercial airline (full-service),31-80,20+ years,Dubai,Predictive (some AI),6-10,$2M-$10M,5948247,1,0,1,0,1,0,1,0,0,1,1,1,1,1,0,7,High upfront cost,0,1,1,0,1,0,0,0,On-premise,$3K-$8K,4842,Pay-per-insight,Head of Maintenance/CAMO,3-6 months,1,1,1,0,1,1,0,1,1,1,1,0,0,0,0,2,7,Airbus wide (A330/A350/A380),Aviation publication,4,3,3,5,5,0,1,1,1,0,1,1,0,Satisfied but expensive,6,0,1,1,1,1,1,0,0,Strategic value,Cost saved per aircraft/yr
UAE-1047,Enterprise_Full_Service,Hot,C-Suite,Low-cost carrier,200+,11-20 years,Other GCC,Condition-based,0,$2M-$10M,6989517,1,0,1,1,1,0,0,0,0,1,0,0,0,1,0,7,High upfront cost,1,0,1,1,0,0,0,0,Full cloud (SaaS),$8K-$20K,16986,Per-aircraft/year,IT/Digital lead,>12 months,1,1,1,1,0,1,0,1,1,0,1,1,0,0,0,4,9,Airbus wide (A330/A350/A380),Word of mouth,2,2,2,2,2,0,0,1,1,0,1,0,0,Dissatisfied - poor accuracy,5,1,0,0,1,1,1,0,0,3x in 12 months,Unscheduled maintenance reduction
UAE-1048,Enterprise_Full_Service,Warm,Director/VP Operations,Commercial airline (full-service),200+,11-20 years,Sharjah/Northern Emirates,Condition-based,3-5,>$50M,83832674,1,1,1,0,1,0,0,1,0,0,1,0,1,1,0,8,Regulatory concerns,1,1,1,0,0,0,0,0,No preference,<$1K,474,Pay-per-insight,Head of Maintenance/CAMO,>12 months,0,0,1,1,1,1,1,0,0,0,1,0,0,0,1,6,2,Regional/turboprop,LinkedIn/social media,2,2,2,2,2,0,1,0,0,0,0,0,0,No platform,6,1,1,1,1,1,1,0,0,5x+,AOG reduction %
UAE-1049,Enterprise_Full_Service,Hot,MRO Engineer/Technician,Commercial airline (full-service),81-200,20+ years,Abu Dhabi,Full predictive + digital twin,6-10,<$500K,272353,0,0,0,1,1,0,0,1,0,0,1,0,1,1,0,6,Regulatory concerns,0,0,1,0,0,1,1,0,On-premise,$3K-$8K,4294,Per-aircraft/year,C-Suite,6-12 months,1,1,1,1,1,1,0,1,1,1,1,0,0,0,0,3,7,Airbus wide (A330/A350/A380),Word of mouth,2,4,4,5,4,0,1,1,0,1,1,0,0,Satisfied but expensive,6,1,0,0,0,0,1,0,0,Strategic value,Cost saved per aircraft/yr
UAE-1050,Enterprise_Full_Service,Warm,MRO Engineer/Technician,Commercial airline (full-service),200+,20+ years,Dubai,Condition-based,3-5,$10M-$50M,36164407,1,1,1,0,0,1,0,1,1,1,1,0,1,1,0,6,Legacy integration,1,0,0,0,0,1,1,0,On-premise,$8K-$20K,16798,Per-aircraft/year,Joint committee,>12 months,0,1,0,1,1,0,0,0,0,1,1,0,0,1,0,5,7,Business jet/helicopter,LinkedIn/social media,3,4,3,3,5,1,0,1,1,0,1,0,0,Dissatisfied - poor accuracy,4,1,1,0,1,1,1,0,1,1.5x,AOG reduction %
UAE-1051,Enterprise_Full_Service,Warm,Fleet/Maintenance Manager,Charter/private aviation,81-200,20+ years,Other GCC,Condition-based,3-5,$2M-$10M,7127752,1,0,0,0,0,0,0,1,1,1,1,0,1,1,0,7,Legacy integration,0,0,1,1,0,0,1,0,On-premise,$3K-$8K,6664,Fixed monthly SaaS,C-Suite,3-6 months,1,1,1,0,0,1,0,1,0,1,1,0,1,0,0,6,7,Airbus wide (A330/A350/A380),Email invite,4,3,1,4,3,1,0,1,0,0,1,0,0,Dissatisfied - poor support,6,0,1,1,1,1,1,0,0,5x+,Dispatch reliability %
UAE-1052,Enterprise_Full_Service,Exploring,MRO Engineer/Technician,Low-cost carrier,200+,11-20 years,Abu Dhabi,Scheduled/calendar,1-2,>$50M,62141896,1,1,1,0,0,1,0,0,1,1,1,0,0,1,0,3,Regulatory concerns,1,1,0,1,0,0,0,0,Full cloud (SaaS),$1K-$3K,2577,Pay-per-insight,Joint committee,>12 months,1,1,0,1,0,1,1,0,0,1,0,0,1,1,0,8,4,Boeing wide (B777/B787),Industry event,3,3,3,3,4,1,1,1,0,1,0,0,0,Dissatisfied - hard to integrate,5,1,1,0,1,1,1,0,0,3x in 12 months,Dispatch reliability %
UAE-1053,Enterprise_Full_Service,Warm,Fleet/Maintenance Manager,Low-cost carrier,81-200,6-10 years,Sharjah/Northern Emirates,Condition-based,3-5,$10M-$50M,28110688,1,1,0,0,1,1,0,1,0,0,1,0,1,0,0,7,High upfront cost,1,1,1,0,0,0,0,0,On-premise,$8K-$20K,12510,Per-aircraft/year,IT/Digital lead,6-12 months,1,1,1,1,0,1,1,0,1,0,1,0,1,0,0,5,5,Airbus wide (A330/A350/A380),Word of mouth,4,4,2,4,4,1,1,0,0,0,1,0,1,No platform,5,0,0,0,1,0,1,0,0,2x,Dispatch reliability %
UAE-1054,Enterprise_Full_Service,Exploring,Director/VP Operations,Defence/government,31-80,11-20 years,Sharjah/Northern Emirates,Full predictive + digital twin,0,$10M-$50M,32089442,1,0,1,0,0,0,0,1,1,0,1,0,1,0,0,5,Legacy integration,1,0,1,0,1,0,0,0,Full cloud (SaaS),$1K-$3K,2389,Per-aircraft/year,IT/Digital lead,>12 months,1,1,0,1,1,1,1,0,0,0,1,1,1,0,0,5,3,Airbus narrow (A320),Email invite,3,2,3,3,5,0,1,0,1,0,1,0,1,Very satisfied,7,0,0,0,1,1,1,0,1,2x,Component lifespan extension
UAE-1055,Enterprise_Full_Service,Hot,Fleet/Maintenance Manager,Commercial airline (full-service),31-80,6-10 years,Dubai,Full predictive + digital twin,0,$10M-$50M,30056590,0,1,0,0,1,0,1,1,1,0,0,0,0,1,0,8,Regulatory concerns,0,0,1,1,1,0,0,0,Full cloud (SaaS),$3K-$8K,3879,Fixed monthly SaaS,Joint committee,6-12 months,0,0,1,0,0,1,0,0,0,0,0,1,1,1,0,6,7,Airbus narrow (A320),LinkedIn/social media,2,2,2,2,2,1,1,0,0,0,1,0,0,No platform,5,0,1,1,1,0,1,1,0,3x in 12 months,Cost saved per aircraft/yr
UAE-1056,Enterprise_Full_Service,Warm,MRO Engineer/Technician,Commercial airline (full-service),200+,6-10 years,Abu Dhabi,Scheduled/calendar,1-2,>$50M,62875380,1,0,0,0,1,1,0,0,0,1,0,0,0,1,0,6,Legacy integration,1,1,0,1,0,0,0,0,Hybrid,<$1K,520,Hardware lease + software,Procurement/Finance,>12 months,0,0,1,0,1,1,0,1,1,1,1,0,0,0,0,3,5,Airbus narrow (A320),Email invite,4,5,3,3,3,1,1,0,0,0,1,0,0,Very satisfied,6,1,1,1,1,1,1,0,0,2x,Unscheduled maintenance reduction
UAE-1057,Enterprise_Full_Service,Hot,Director/VP Operations,Commercial airline (full-service),31-80,2-5 years,Other GCC,Predictive (some AI),1-2,>$50M,71068969,0,0,1,1,0,1,0,1,1,0,1,0,1,1,0,8,Legacy integration,1,1,1,0,0,0,0,0,Hybrid,$1K-$3K,2078,Hardware lease + software,IT/Digital lead,6-12 months,0,1,1,1,1,1,1,0,0,1,0,1,0,1,0,4,8,Regional/turboprop,LinkedIn/social media,4,3,2,5,2,1,0,1,1,0,0,1,0,No platform,4,1,0,1,1,1,1,0,0,2x,Dispatch reliability %
UAE-1058,Enterprise_Full_Service,Hot,C-Suite,Low-cost carrier,200+,2-5 years,Dubai,Full predictive + digital twin,3-5,$10M-$50M,27178374,1,1,0,1,0,0,0,0,1,1,0,0,1,1,0,10,Regulatory concerns,0,0,1,1,1,0,0,0,On-premise,$3K-$8K,7288,Per-aircraft/year,Procurement/Finance,6-12 months,1,1,1,0,0,0,0,1,1,1,1,0,0,0,0,5,8,Airbus narrow (A320),Email invite,5,3,3,4,3,1,0,1,0,0,1,0,0,Very satisfied,5,1,0,0,1,0,0,0,0,3x in 12 months,Dispatch reliability %
UAE-1059,Enterprise_Full_Service,Warm,Fleet/Maintenance Manager,Charter/private aviation,81-200,20+ years,Dubai,Predictive (some AI),3-5,>$50M,72641550,1,0,1,1,0,0,0,1,0,1,1,0,1,1,0,8,Legacy integration,1,1,1,0,0,0,0,0,No preference,$3K-$8K,5863,Fixed monthly SaaS,C-Suite,6-12 months,1,1,0,1,1,0,0,0,1,0,1,1,0,0,0,4,8,Airbus narrow (A320),Aviation publication,1,3,3,5,3,0,0,0,1,1,0,0,0,Dissatisfied - poor accuracy,6,0,1,1,1,0,0,0,0,3x in 12 months,AOG reduction %
UAE-1060,Enterprise_Full_Service,Warm,Fleet/Maintenance Manager,Commercial airline (full-service),200+,2-5 years,Dubai,Condition-based,1-2,$2M-$10M,6887353,0,1,0,0,1,0,1,0,1,0,0,0,0,1,0,9,High upfront cost,1,1,1,0,0,0,0,0,Hybrid,$1K-$3K,1891,Per-aircraft/year,Head of Maintenance/CAMO,>12 months,1,1,0,0,0,0,1,1,1,0,1,0,0,0,0,5,8,Boeing wide (B777/B787),Industry event,2,3,4,5,4,1,0,1,1,0,1,0,0,Dissatisfied - hard to integrate,5,0,0,0,1,1,1,0,0,2x,Dispatch reliability %
UAE-1061,Enterprise_Full_Service,Not Interested,Procurement/Finance,Commercial airline (full-service),200+,6-10 years,Abu Dhabi,Condition-based,3-5,>$50M,65079541,0,1,0,0,0,1,1,0,1,1,0,0,1,1,0,4,Regulatory concerns,1,0,1,1,0,0,0,0,Hybrid,$1K-$3K,2557,Outcome-based,Joint committee,6-12 months,1,0,0,1,0,1,0,1,1,0,0,1,1,0,0,7,2,Airbus wide (A330/A350/A380),Industry event,3,4,2,4,2,1,1,1,1,0,1,0,0,Dissatisfied - poor accuracy,3,0,0,0,1,0,1,0,0,Strategic value,Audit pass rate
UAE-1062,Enterprise_Full_Service,Hot,Fleet/Maintenance Manager,Commercial airline (full-service),81-200,11-20 years,Sharjah/Northern Emirates,Predictive (some AI),0,>$50M,75086323,1,1,1,0,0,0,0,1,1,0,0,1,0,0,0,6,Cybersecurity,0,0,1,1,1,0,0,0,Hybrid,$8K-$20K,19304,Per-aircraft/year,Head of Maintenance/CAMO,>12 months,0,1,0,0,0,1,1,0,1,0,0,1,0,1,0,1,7,Airbus narrow (A320),Email invite,3,3,2,3,3,1,0,1,0,1,1,0,0,Satisfied but expensive,5,0,0,0,1,0,0,1,0,2x,Dispatch reliability %
UAE-1063,Enterprise_Full_Service,Exploring,MRO Engineer/Technician,Commercial airline (full-service),81-200,<2 years,Dubai,Predictive (some AI),6-10,>$50M,96959202,0,1,1,0,0,0,1,0,0,1,1,0,1,0,0,5,Legacy integration,1,1,1,0,0,0,0,0,Full cloud (SaaS),$3K-$8K,6671,Per-aircraft/year,Joint committee,6-12 months,1,0,1,1,0,1,0,1,1,1,1,0,0,0,0,7,5,Boeing wide (B777/B787),Word of mouth,1,3,4,3,5,1,1,0,1,0,1,0,0,Dissatisfied - hard to integrate,8,1,0,1,1,1,1,1,0,1.5x,Cost saved per aircraft/yr
UAE-1064,Enterprise_Full_Service,Exploring,MRO Engineer/Technician,Commercial airline (full-service),81-200,2-5 years,Dubai,Predictive (some AI),6-10,$10M-$50M,27888911,0,1,0,1,0,0,1,1,0,0,0,0,0,0,1,10,Regulatory concerns,0,0,1,0,0,0,1,1,No preference,$8K-$20K,11445,Pay-per-insight,Head of Maintenance/CAMO,6-12 months,1,0,0,1,1,0,1,0,1,1,1,0,0,0,0,5,2,Airbus wide (A330/A350/A380),Industry event,4,2,3,4,2,1,1,1,0,1,1,0,0,Dissatisfied - hard to integrate,8,1,0,1,0,0,1,0,0,3x in 12 months,Unscheduled maintenance reduction
UAE-1065,Enterprise_Full_Service,Warm,MRO Engineer/Technician,Commercial airline (full-service),200+,20+ years,Sharjah/Northern Emirates,Condition-based,1-2,$10M-$50M,32311241,1,0,1,1,0,1,0,1,0,0,0,0,0,0,1,8,Lack data expertise,1,0,0,1,0,1,0,0,Full cloud (SaaS),>$20K,24176,Outcome-based,C-Suite,6-12 months,0,0,1,1,1,1,1,0,1,0,1,0,1,0,0,5,7,Boeing narrow (B737),LinkedIn/social media,3,4,3,5,4,1,0,0,1,1,1,0,0,Satisfied but expensive,6,0,0,1,0,1,0,0,0,2x,Audit pass rate
UAE-1066,Enterprise_Full_Service,Exploring,Fleet/Maintenance Manager,Charter/private aviation,200+,20+ years,Dubai,Condition-based,1-2,$2M-$10M,4495800,1,0,0,0,0,1,1,0,1,0,0,0,1,1,0,5,Regulatory concerns,0,1,1,1,0,0,0,0,No preference,$8K-$20K,12147,Pay-per-insight,IT/Digital lead,6-12 months,1,1,1,1,1,1,1,0,0,1,1,1,0,0,0,5,6,Airbus narrow (A320),LinkedIn/social media,3,2,3,3,5,1,0,0,0,0,0,0,0,Dissatisfied - poor accuracy,4,1,0,0,1,0,1,0,0,2x,Cost saved per aircraft/yr
UAE-1067,Enterprise_Full_Service,Warm,Fleet/Maintenance Manager,Commercial airline (full-service),81-200,11-20 years,Dubai,Condition-based,3-5,$10M-$50M,32381849,0,0,0,1,1,1,0,1,1,1,1,1,1,1,0,9,Legacy integration,1,1,1,0,0,0,0,0,Hybrid,$3K-$8K,5004,Fixed monthly SaaS,Joint committee,6-12 months,1,0,0,1,0,0,1,0,1,0,1,1,0,0,0,5,5,Boeing narrow (B737),Industry event,5,4,3,3,3,0,1,1,0,0,0,0,0,Dissatisfied - hard to integrate,5,1,0,1,1,1,0,0,0,Strategic value,Dispatch reliability %
UAE-1068,Enterprise_Full_Service,Warm,MRO Engineer/Technician,Commercial airline (full-service),200+,2-5 years,Other GCC,Condition-based,3-5,$2M-$10M,7757650,1,0,0,0,0,1,0,1,0,0,0,0,0,0,1,8,High upfront cost,1,1,1,0,0,0,0,0,On-premise,$8K-$20K,14339,Pay-per-insight,Procurement/Finance,3-6 months,1,1,0,1,0,0,1,1,1,0,1,0,1,0,0,4,6,Airbus wide (A330/A350/A380),Email invite,3,3,3,4,4,1,1,0,0,0,0,0,0,Dissatisfied - poor accuracy,1,1,0,0,1,0,1,0,0,3x in 12 months,Unscheduled maintenance reduction
UAE-1069,Enterprise_Full_Service,Warm,Fleet/Maintenance Manager,Commercial airline (full-service),81-200,2-5 years,Dubai,Condition-based,10+,>$50M,78372692,0,1,0,0,0,1,0,0,0,0,1,0,1,0,0,5,High upfront cost,0,1,1,1,0,0,0,0,Hybrid,>$20K,31257,Outcome-based,Head of Maintenance/CAMO,6-12 months,0,0,1,0,0,0,1,1,0,0,1,1,1,0,0,7,5,Boeing narrow (B737),LinkedIn/social media,3,3,4,4,5,0,1,1,0,0,1,0,0,No platform,6,1,1,0,1,1,0,0,0,2x,Audit pass rate
UAE-1070,Enterprise_Full_Service,Warm,MRO Engineer/Technician,Low-cost carrier,31-80,2-5 years,Dubai,Predictive (some AI),3-5,>$50M,77727564,1,0,1,1,1,1,0,1,0,1,0,0,1,1,0,7,High upfront cost,1,0,0,1,0,0,1,0,No preference,$3K-$8K,6309,Hardware lease + software,Head of Maintenance/CAMO,6-12 months,1,1,1,0,1,1,1,0,1,1,1,0,0,0,0,2,6,Airbus narrow (A320),Aviation publication,3,4,3,3,4,1,1,0,0,0,1,0,0,Dissatisfied - hard to integrate,4,0,1,0,1,1,1,1,0,2x,Cost saved per aircraft/yr
UAE-1071,Enterprise_Full_Service,Exploring,Fleet/Maintenance Manager,Commercial airline (full-service),31-80,20+ years,Abu Dhabi,Scheduled/calendar,6-10,$500K-$2M,889013,1,0,0,1,0,1,0,0,1,1,0,0,1,1,0,6,Lack data expertise,0,0,1,1,1,0,0,0,Full cloud (SaaS),$3K-$8K,6073,Per-aircraft/year,IT/Digital lead,>12 months,1,1,0,1,1,1,1,0,1,0,1,1,0,0,0,7,6,Airbus narrow (A320),Email invite,3,2,3,4,3,1,0,0,0,1,1,0,0,Dissatisfied - poor accuracy,5,0,0,1,1,1,1,1,0,1.5x,Cost saved per aircraft/yr
UAE-1072,Enterprise_Full_Service,Hot,MRO Engineer/Technician,Commercial airline (full-service),31-80,11-20 years,Dubai,Scheduled/calendar,1-2,$10M-$50M,27247776,0,1,0,0,1,0,1,1,0,1,0,0,1,1,0,5,Lack data expertise,1,1,1,0,0,0,0,0,Hybrid,<$1K,460,Outcome-based,IT/Digital lead,3-6 months,1,1,1,1,0,1,0,0,0,0,1,1,0,1,0,1,8,Airbus narrow (A320),Aviation publication,3,4,4,4,2,0,0,1,0,0,1,1,0,Satisfied but expensive,8,0,0,0,1,0,1,0,0,2x,Dispatch reliability %
UAE-1073,Enterprise_Full_Service,Exploring,MRO Engineer/Technician,Commercial airline (full-service),200+,<2 years,Sharjah/Northern Emirates,Full predictive + digital twin,10+,>$50M,92726855,1,0,0,0,1,1,0,1,0,1,1,1,1,1,1,5,No barriers,1,1,1,0,0,0,0,0,Hybrid,$8K-$20K,17333,Per-aircraft/year,Head of Maintenance/CAMO,3-6 months,0,0,1,1,1,0,1,1,1,1,0,0,1,0,0,5,2,Airbus wide (A330/A350/A380),Word of mouth,3,4,2,4,4,0,0,1,0,0,0,0,0,Satisfied but expensive,5,1,0,1,1,1,1,0,0,3x in 12 months,Unscheduled maintenance reduction
UAE-1074,Enterprise_Full_Service,Warm,C-Suite,Commercial airline (full-service),81-200,20+ years,Sharjah/Northern Emirates,Scheduled/calendar,6-10,$2M-$10M,5600830,1,0,1,1,0,0,1,0,0,1,0,0,0,1,0,7,Legacy integration,0,1,1,1,0,0,0,0,No preference,>$20K,25166,Per-aircraft/year,IT/Digital lead,6-12 months,1,1,0,1,0,0,1,0,1,1,0,1,0,0,0,2,6,Airbus narrow (A320),LinkedIn/social media,4,4,2,3,3,0,1,1,0,0,1,0,0,Very satisfied,8,0,0,1,0,1,1,1,0,1.5x,Cost saved per aircraft/yr
UAE-1075,Enterprise_Full_Service,Warm,Director/VP Operations,Charter/private aviation,81-200,20+ years,Sharjah/Northern Emirates,Condition-based,3-5,$10M-$50M,32905191,1,1,1,0,1,1,0,0,1,1,1,0,1,1,0,8,Lack data expertise,1,1,1,0,0,0,0,0,Full cloud (SaaS),>$20K,32484,Fixed monthly SaaS,IT/Digital lead,6-12 months,0,0,1,0,0,1,1,0,1,0,1,1,0,0,0,5,6,Airbus wide (A330/A350/A380),Email invite,4,3,2,4,4,0,1,1,0,0,0,0,0,Dissatisfied - poor support,4,0,0,1,1,1,1,0,0,2x,AOG reduction %
UAE-1076,Enterprise_Full_Service,Warm,Director/VP Operations,Commercial airline (full-service),31-80,20+ years,Dubai,Predictive (some AI),1-2,$500K-$2M,1404110,1,0,1,0,1,0,1,1,1,1,0,0,0,1,0,9,High upfront cost,1,1,1,0,0,0,0,0,Hybrid,$3K-$8K,5497,Outcome-based,Head of Maintenance/CAMO,>12 months,1,0,0,1,1,1,0,0,0,0,1,1,1,0,0,3,6,Airbus narrow (A320),Aviation publication,3,3,3,3,2,1,0,0,0,1,1,0,0,Satisfied but expensive,6,0,0,1,1,0,1,1,0,2x,AOG reduction %
UAE-1077,Enterprise_Full_Service,Exploring,Fleet/Maintenance Manager,Aircraft leasing,81-200,11-20 years,Dubai,Condition-based,3-5,$2M-$10M,5979922,1,0,0,0,1,1,0,1,1,0,0,0,1,1,1,5,High upfront cost,1,0,1,1,0,0,0,0,Full cloud (SaaS),$1K-$3K,2675,Hardware lease + software,Head of Maintenance/CAMO,1-3 months,1,1,1,1,0,1,0,1,1,1,1,0,0,0,0,6,5,Boeing wide (B777/B787),Word of mouth,3,4,2,4,3,1,0,0,0,0,0,0,1,No platform,7,1,0,0,1,1,0,1,0,5x+,AOG reduction %
UAE-1078,Enterprise_Full_Service,Exploring,Fleet/Maintenance Manager,Commercial airline (full-service),81-200,20+ years,Sharjah/Northern Emirates,Condition-based,1-2,$10M-$50M,24105105,1,0,0,0,1,1,0,1,0,1,0,1,1,1,0,2,High upfront cost,0,0,1,0,1,0,0,1,Hybrid,$8K-$20K,13462,Fixed monthly SaaS,Procurement/Finance,>12 months,1,1,0,1,1,0,1,1,0,0,1,0,1,1,0,7,4,Airbus wide (A330/A350/A380),LinkedIn/social media,4,3,2,2,3,0,1,0,0,0,0,0,0,Dissatisfied - poor accuracy,7,1,1,0,1,1,0,1,0,1.5x,Dispatch reliability %
UAE-1079,Enterprise_Full_Service,Not Interested,Director/VP Operations,Commercial airline (full-service),81-200,20+ years,Dubai,Predictive (some AI),3-5,$10M-$50M,28235784,1,1,1,1,0,0,0,0,0,0,0,0,1,0,0,5,Lack data expertise,1,1,0,1,0,0,0,0,Full cloud (SaaS),>$20K,30123,Per-aircraft/year,Procurement/Finance,3-6 months,1,0,0,1,0,1,0,1,1,1,0,0,0,1,0,6,2,Boeing narrow (B737),Industry event,4,3,2,4,2,0,0,1,0,1,1,0,0,Dissatisfied - poor support,6,1,1,1,1,1,0,0,0,3x in 12 months,AOG reduction %
UAE-1080,Enterprise_Full_Service,Exploring,C-Suite,Defence/government,81-200,6-10 years,Dubai,Reactive,3-5,$2M-$10M,6407046,0,0,1,1,1,0,0,1,0,1,1,0,0,1,0,7,Regulatory concerns,0,1,0,0,1,1,0,0,No preference,<$1K,482,Fixed monthly SaaS,C-Suite,<1 month,1,1,1,0,0,0,0,1,0,1,1,1,0,0,0,7,3,Airbus narrow (A320),Aviation publication,3,2,3,4,4,1,1,1,0,0,0,0,0,Dissatisfied - poor accuracy,5,0,1,1,1,0,0,1,0,5x+,AOG reduction %
UAE-1081,Enterprise_Full_Service,Not Interested,MRO Engineer/Technician,Commercial airline (full-service),31-80,6-10 years,Sharjah/Northern Emirates,Full predictive + digital twin,6-10,$10M-$50M,30375054,1,1,1,0,1,0,1,1,1,1,1,1,1,1,0,4,Regulatory concerns,1,1,0,1,0,0,0,0,Full cloud (SaaS),$3K-$8K,5171,Pay-per-insight,Head of Maintenance/CAMO,6-12 months,1,1,1,1,1,1,0,1,1,1,1,0,0,0,0,8,2,Airbus wide (A330/A350/A380),Industry event,4,3,3,4,3,1,0,1,1,0,1,1,0,Dissatisfied - poor support,5,1,1,0,1,1,1,0,0,3x in 12 months,Cost saved per aircraft/yr
UAE-1082,Enterprise_Full_Service,Warm,Fleet/Maintenance Manager,Commercial airline (full-service),81-200,11-20 years,Other GCC,Condition-based,3-5,$10M-$50M,39140214,1,0,0,0,1,1,1,1,1,0,0,0,1,0,0,6,High upfront cost,1,1,0,1,0,0,0,0,On-premise,>$20K,26595,Fixed monthly SaaS,Head of Maintenance/CAMO,6-12 months,0,0,1,1,0,0,1,0,0,0,1,1,1,0,0,4,6,Airbus wide (A330/A350/A380),Aviation publication,3,3,2,5,4,1,0,0,0,1,1,0,0,Dissatisfied - poor support,4,0,0,0,1,0,0,0,0,2x,Cost saved per aircraft/yr
UAE-1083,Enterprise_Full_Service,Exploring,C-Suite,Independent MRO,200+,2-5 years,Other GCC,Predictive (some AI),10+,>$50M,49472880,0,0,0,1,0,0,0,1,0,1,0,1,0,1,0,4,Regulatory concerns,1,1,0,1,0,0,0,0,Full cloud (SaaS),$1K-$3K,1912,Fixed monthly SaaS,IT/Digital lead,6-12 months,1,0,1,1,1,1,1,0,1,1,0,1,0,0,0,10,5,Airbus narrow (A320),Industry event,2,3,3,4,3,1,1,1,0,1,1,0,0,No platform,5,1,1,1,0,1,1,0,0,ROI not primary,Cost saved per aircraft/yr
UAE-1084,Enterprise_Full_Service,Warm,Fleet/Maintenance Manager,Commercial airline (full-service),200+,20+ years,Dubai,Scheduled/calendar,3-5,>$50M,66926559,1,1,0,0,1,0,0,1,1,1,0,0,1,1,0,6,High upfront cost,0,0,1,0,0,1,0,0,Full cloud (SaaS),>$20K,29308,Fixed monthly SaaS,Joint committee,>12 months,1,1,1,1,1,1,1,0,0,0,0,0,1,1,0,6,7,Airbus narrow (A320),Word of mouth,4,3,3,4,4,0,0,0,1,1,1,0,0,Dissatisfied - poor support,5,1,1,0,1,0,0,0,1,Strategic value,Component lifespan extension
UAE-1085,Enterprise_Full_Service,Not Interested,Director/VP Operations,Commercial airline (full-service),31-80,6-10 years,Other GCC,Predictive (some AI),0,$2M-$10M,5552811,1,1,0,0,0,1,0,1,1,1,1,0,0,0,0,5,Lack data expertise,1,1,1,0,0,0,0,0,Full cloud (SaaS),$1K-$3K,2878,Outcome-based,Head of Maintenance/CAMO,3-6 months,1,0,1,0,0,1,1,0,1,1,1,0,0,0,0,8,1,Boeing narrow (B737),Industry event,3,3,4,4,4,0,0,0,1,1,0,0,0,No platform,5,0,0,0,0,1,1,0,0,Strategic value,Unscheduled maintenance reduction
UAE-1086,Enterprise_Full_Service,Exploring,MRO Engineer/Technician,Independent MRO,31-80,6-10 years,Sharjah/Northern Emirates,Scheduled/calendar,6-10,$2M-$10M,6235066,1,1,1,1,0,0,0,0,0,1,0,1,0,1,0,6,Lack data expertise,1,1,1,0,0,0,0,0,Hybrid,$3K-$8K,4933,Per-aircraft/year,Joint committee,6-12 months,1,1,1,1,1,0,1,1,0,1,1,1,0,0,0,5,6,Airbus wide (A330/A350/A380),Word of mouth,4,4,3,4,5,0,1,0,1,1,1,0,0,Satisfied but expensive,6,1,0,1,1,1,0,0,0,1.5x,AOG reduction %
UAE-1087,Enterprise_Full_Service,Exploring,MRO Engineer/Technician,Independent MRO,1-10,20+ years,Sharjah/Northern Emirates,Predictive (some AI),1-2,>$50M,81494201,1,1,0,0,1,1,1,1,0,1,0,0,1,1,0,3,High upfront cost,0,0,1,0,1,1,0,0,On-premise,>$20K,56581,Fixed monthly SaaS,IT/Digital lead,6-12 months,1,1,1,1,0,0,1,0,1,1,0,0,0,0,0,4,6,Airbus narrow (A320),LinkedIn/social media,1,3,1,3,3,1,1,1,1,0,0,0,0,Satisfied but expensive,8,0,0,0,1,0,0,1,0,ROI not primary,Cost saved per aircraft/yr
UAE-1088,Enterprise_Full_Service,Warm,Fleet/Maintenance Manager,Commercial airline (full-service),200+,11-20 years,Outside GCC,Predictive (some AI),1-2,$10M-$50M,31784825,0,1,1,0,1,0,0,0,0,1,1,1,0,0,0,6,High upfront cost,1,0,0,0,1,1,0,0,Hybrid,$3K-$8K,6555,Fixed monthly SaaS,Head of Maintenance/CAMO,>12 months,1,1,0,1,1,1,1,0,0,1,1,1,0,0,0,5,6,Boeing wide (B777/B787),Word of mouth,2,2,2,4,4,1,1,1,0,0,1,0,0,Dissatisfied - poor accuracy,8,1,0,0,0,1,0,0,0,3x in 12 months,AOG reduction %
UAE-1089,Enterprise_Full_Service,Warm,Procurement/Finance,Commercial airline (full-service),200+,20+ years,Dubai,Scheduled/calendar,1-2,$10M-$50M,31732748,1,0,0,0,0,0,0,1,1,1,0,1,1,1,0,4,Legacy integration,0,1,1,1,0,0,0,0,Full cloud (SaaS),>$20K,29323,Per-aircraft/year,C-Suite,6-12 months,1,1,1,1,0,0,0,0,1,1,1,0,0,0,0,2,5,Airbus narrow (A320),LinkedIn/social media,3,3,2,4,3,1,1,1,1,0,1,0,0,Dissatisfied - hard to integrate,6,0,1,0,1,0,1,0,0,3x in 12 months,Cost saved per aircraft/yr
UAE-1090,Enterprise_Full_Service,Hot,Procurement/Finance,Commercial airline (full-service),81-200,2-5 years,Sharjah/Northern Emirates,Scheduled/calendar,1-2,>$50M,100165924,1,1,1,0,0,1,0,1,0,1,1,0,1,1,0,6,No barriers,0,0,1,0,1,1,0,0,On-premise,$8K-$20K,13283,Outcome-based,IT/Digital lead,3-6 months,1,0,0,1,1,0,0,0,1,0,0,1,0,0,0,1,8,Business jet/helicopter,Email invite,4,4,3,4,5,1,0,0,0,0,0,0,0,Dissatisfied - poor support,8,1,0,1,0,0,1,0,0,3x in 12 months,Component lifespan extension
UAE-1091,Enterprise_Full_Service,Exploring,Fleet/Maintenance Manager,Commercial airline (full-service),11-30,20+ years,Abu Dhabi,Predictive (some AI),6-10,$10M-$50M,27648655,0,0,0,0,1,0,0,0,1,1,1,0,1,0,0,3,Legacy integration,1,1,0,0,1,0,0,0,Full cloud (SaaS),>$20K,25952,Pay-per-insight,C-Suite,6-12 months,1,1,0,1,0,1,1,1,1,0,0,0,1,0,0,5,5,Boeing narrow (B737),Industry event,2,3,3,4,3,0,1,1,1,0,0,0,0,Very satisfied,7,1,1,0,1,0,1,0,0,1.5x,Unscheduled maintenance reduction
UAE-1092,Enterprise_Full_Service,Exploring,Director/VP Operations,Aircraft leasing,81-200,11-20 years,Abu Dhabi,Scheduled/calendar,1-2,$10M-$50M,21544585,0,0,1,0,0,1,1,0,0,1,1,0,1,0,0,4,High upfront cost,1,0,1,1,0,0,0,0,On-premise,<$1K,496,Per-aircraft/year,IT/Digital lead,3-6 months,1,0,1,1,0,0,1,0,1,1,1,0,0,0,0,6,4,Business jet/helicopter,Email invite,4,3,3,4,3,1,0,1,0,0,0,0,0,Dissatisfied - hard to integrate,7,1,0,0,1,1,0,1,0,3x in 12 months,AOG reduction %
UAE-1093,Enterprise_Full_Service,Warm,Fleet/Maintenance Manager,Independent MRO,31-80,<2 years,Dubai,Full predictive + digital twin,3-5,$2M-$10M,5418124,1,0,0,1,1,0,1,1,1,1,1,1,1,0,0,8,Legacy integration,1,0,0,1,1,0,0,0,No preference,$3K-$8K,5518,Outcome-based,Procurement/Finance,>12 months,1,1,1,1,1,1,0,0,0,1,1,1,0,0,0,4,7,Boeing narrow (B737),LinkedIn/social media,3,3,3,3,4,1,0,1,0,0,1,0,0,Dissatisfied - hard to integrate,6,1,1,0,1,1,0,1,0,Strategic value,AOG reduction %
UAE-1094,Enterprise_Full_Service,Exploring,Fleet/Maintenance Manager,Commercial airline (full-service),200+,20+ years,Dubai,Scheduled/calendar,1-2,>$50M,88022095,1,0,1,0,0,0,1,0,0,1,0,1,1,1,0,6,No barriers,0,0,1,1,0,1,0,0,Hybrid,$8K-$20K,15238,Per-aircraft/year,Head of Maintenance/CAMO,6-12 months,1,1,1,1,0,1,0,0,1,0,1,1,0,0,0,4,7,Airbus narrow (A320),Industry event,2,4,3,3,3,1,1,0,1,0,0,0,0,No platform,5,0,1,0,0,1,0,1,0,ROI not primary,AOG reduction %
UAE-1095,Enterprise_Full_Service,Warm,Director/VP Operations,Charter/private aviation,31-80,11-20 years,Abu Dhabi,Predictive (some AI),6-10,$2M-$10M,7175024,1,0,0,1,0,0,1,1,0,0,0,0,0,1,0,6,Regulatory concerns,0,1,0,0,0,1,0,1,Hybrid,>$20K,26679,Fixed monthly SaaS,IT/Digital lead,6-12 months,1,1,0,1,1,1,0,1,1,0,1,0,0,0,0,1,8,Airbus wide (A330/A350/A380),Email invite,2,3,3,4,4,0,0,1,0,0,0,0,0,No platform,8,1,0,0,0,1,1,0,0,5x+,Dispatch reliability %
UAE-1096,Enterprise_Full_Service,Warm,MRO Engineer/Technician,Aircraft leasing,81-200,20+ years,Sharjah/Northern Emirates,Condition-based,6-10,$500K-$2M,1297155,1,1,1,1,1,0,0,1,1,1,0,1,0,1,0,8,Legacy integration,1,1,0,1,0,0,0,0,No preference,>$20K,29657,Hardware lease + software,Procurement/Finance,3-6 months,1,0,1,0,0,1,1,0,1,0,1,1,0,0,0,6,5,Boeing wide (B777/B787),Word of mouth,4,4,4,3,3,0,0,0,1,0,0,0,1,No platform,6,0,1,1,1,0,0,0,0,Strategic value,AOG reduction %
UAE-1097,Enterprise_Full_Service,Exploring,C-Suite,Commercial airline (full-service),31-80,11-20 years,Dubai,Reactive,6-10,$10M-$50M,23831210,1,0,1,1,0,1,1,1,0,1,0,1,0,0,0,7,Cybersecurity,0,0,1,0,1,1,0,0,Full cloud (SaaS),$8K-$20K,13969,Hardware lease + software,Procurement/Finance,3-6 months,1,0,1,1,0,1,1,0,0,1,1,1,0,0,0,6,3,Airbus wide (A330/A350/A380),Word of mouth,2,3,3,4,4,1,0,0,1,0,1,0,0,Very satisfied,6,0,0,1,0,1,1,0,0,3x in 12 months,AOG reduction %
UAE-1098,Enterprise_Full_Service,Warm,C-Suite,Low-cost carrier,200+,2-5 years,Other GCC,Full predictive + digital twin,6-10,$10M-$50M,28483381,0,1,1,1,0,0,0,0,1,1,1,0,1,1,0,8,High upfront cost,1,1,1,0,0,0,0,0,Hybrid,>$20K,35473,Hardware lease + software,Joint committee,6-12 months,1,1,0,1,0,0,0,0,0,1,0,1,1,0,0,6,7,Boeing wide (B777/B787),Industry event,3,2,2,4,3,1,0,1,1,1,1,0,0,Dissatisfied - hard to integrate,6,1,1,1,1,1,0,0,0,Strategic value,Component lifespan extension
UAE-1099,Enterprise_Full_Service,Warm,C-Suite,Low-cost carrier,81-200,11-20 years,Other GCC,Scheduled/calendar,1-2,>$50M,93859763,0,1,1,1,0,0,0,0,1,1,0,1,1,1,0,8,Regulatory concerns,1,1,0,1,0,0,0,0,Full cloud (SaaS),$8K-$20K,17172,Outcome-based,Joint committee,3-6 months,1,1,1,0,0,1,1,1,1,0,0,1,0,1,0,5,5,Airbus wide (A330/A350/A380),Aviation publication,3,2,4,4,4,1,1,1,0,0,0,0,0,Dissatisfied - hard to integrate,7,1,0,0,1,1,1,1,0,3x in 12 months,AOG reduction %
UAE-1100,Enterprise_Full_Service,Hot,Fleet/Maintenance Manager,Charter/private aviation,81-200,11-20 years,Abu Dhabi,Scheduled/calendar,6-10,$2M-$10M,4181949,1,1,0,0,0,0,0,1,0,1,0,0,1,1,0,8,Regulatory concerns,0,1,1,0,1,0,0,0,On-premise,>$20K,21394,Hardware lease + software,Head of Maintenance/CAMO,>12 months,1,0,1,0,0,0,1,1,0,1,1,1,0,0,0,3,8,Boeing wide (B777/B787),Word of mouth,4,3,4,3,4,1,1,0,0,0,1,0,0,No platform,6,0,0,0,1,1,1,0,0,3x in 12 months,Cost saved per aircraft/yr
UAE-1101,Enterprise_Full_Service,Warm,C-Suite,Commercial airline (full-service),81-200,6-10 years,Dubai,Scheduled/calendar,1-2,$2M-$10M,4528238,1,0,1,1,1,0,0,0,0,1,0,0,0,0,0,6,Lack data expertise,0,1,0,0,0,0,1,0,On-premise,$1K-$3K,1946,Per-aircraft/year,Joint committee,>12 months,1,1,1,1,1,1,0,1,0,1,1,1,0,0,0,6,7,Airbus wide (A330/A350/A380),LinkedIn/social media,2,3,4,4,3,1,1,1,0,0,1,0,1,Dissatisfied - hard to integrate,6,1,1,0,1,1,0,0,0,3x in 12 months,AOG reduction %
UAE-1102,Enterprise_Full_Service,Warm,IT/Digital Lead,Commercial airline (full-service),31-80,11-20 years,Dubai,Condition-based,1-2,$2M-$10M,6687053,1,0,1,0,0,0,0,1,0,0,0,0,0,1,0,7,Cybersecurity,1,1,0,1,0,0,0,0,Full cloud (SaaS),>$20K,30532,Per-aircraft/year,Head of Maintenance/CAMO,1-3 months,1,1,1,1,1,0,1,1,1,0,1,1,0,0,0,4,7,Airbus wide (A330/A350/A380),LinkedIn/social media,3,3,2,3,4,1,1,0,0,0,0,0,0,Satisfied but expensive,5,1,0,0,0,1,0,0,0,5x+,Unscheduled maintenance reduction
UAE-1103,Enterprise_Full_Service,Exploring,Fleet/Maintenance Manager,Commercial airline (full-service),11-30,2-5 years,Other GCC,Predictive (some AI),1-2,$10M-$50M,31282656,1,0,0,0,1,1,0,0,0,1,0,0,0,1,0,4,Legacy integration,1,1,0,1,0,0,0,0,Hybrid,<$1K,580,Per-aircraft/year,C-Suite,6-12 months,1,0,0,1,0,0,0,0,0,1,1,1,0,0,0,5,4,Airbus narrow (A320),Email invite,4,4,2,5,4,0,1,1,1,0,1,0,0,Dissatisfied - hard to integrate,4,1,1,1,1,0,0,1,0,Strategic value,Cost saved per aircraft/yr
UAE-1104,Enterprise_Full_Service,Warm,Director/VP Operations,Independent MRO,1-10,2-5 years,Dubai,Predictive (some AI),3-5,<$500K,263839,0,0,1,0,0,1,1,0,0,1,1,0,1,1,0,7,High upfront cost,0,0,1,0,0,1,1,0,Hybrid,$3K-$8K,5929,Per-aircraft/year,Head of Maintenance/CAMO,1-3 months,0,1,0,1,1,1,0,0,1,0,1,0,1,0,0,4,6,Boeing narrow (B737),Email invite,3,4,2,3,4,1,1,1,0,1,1,0,0,Very satisfied,8,0,0,0,1,1,1,0,0,2x,Dispatch reliability %
UAE-1105,Enterprise_Full_Service,Hot,Director/VP Operations,Low-cost carrier,1-10,6-10 years,Dubai,Condition-based,1-2,<$500K,236777,1,1,0,0,1,1,0,0,0,0,1,0,1,0,0,8,Legacy integration,1,1,1,0,0,0,0,0,Full cloud (SaaS),<$1K,596,Per-aircraft/year,Head of Maintenance/CAMO,3-6 months,1,1,1,1,0,0,1,0,0,1,0,0,1,1,0,4,8,Boeing narrow (B737),Industry event,2,1,3,5,3,1,1,1,0,0,1,0,0,Dissatisfied - poor accuracy,7,1,1,1,1,0,1,0,0,1.5x,AOG reduction %
UAE-1106,Enterprise_Full_Service,Exploring,Fleet/Maintenance Manager,Commercial airline (full-service),200+,2-5 years,Sharjah/Northern Emirates,Scheduled/calendar,3-5,$10M-$50M,25724313,0,1,1,1,0,0,1,0,0,1,1,1,1,0,0,5,Regulatory concerns,0,1,0,0,0,0,1,1,Hybrid,$8K-$20K,15783,Per-aircraft/year,Procurement/Finance,3-6 months,1,0,1,1,1,0,0,0,0,0,1,1,0,0,0,5,4,Airbus wide (A330/A350/A380),Industry event,3,3,3,4,5,1,1,1,0,0,0,0,0,Very satisfied,6,1,0,0,1,1,0,1,0,3x in 12 months,Component lifespan extension
UAE-1107,Enterprise_Full_Service,Exploring,Fleet/Maintenance Manager,Independent MRO,31-80,11-20 years,Dubai,Scheduled/calendar,1-2,$10M-$50M,26893416,1,1,0,1,0,0,0,0,0,1,1,0,0,1,0,5,Lack data expertise,1,0,0,1,1,0,0,0,No preference,$8K-$20K,13808,Fixed monthly SaaS,Joint committee,1-3 months,1,0,0,1,1,1,1,0,1,0,0,1,0,1,0,6,7,Airbus wide (A330/A350/A380),Email invite,3,2,2,2,3,1,0,0,1,1,1,0,0,Dissatisfied - poor support,3,0,1,1,0,0,1,0,0,2x,Cost saved per aircraft/yr
UAE-1108,Enterprise_Full_Service,Hot,Fleet/Maintenance Manager,Commercial airline (full-service),31-80,20+ years,Abu Dhabi,Condition-based,3-5,$2M-$10M,5215568,1,0,0,1,1,0,1,0,1,1,0,0,0,1,0,5,High upfront cost,1,1,0,1,0,0,0,0,On-premise,$3K-$8K,5880,Outcome-based,Head of Maintenance/CAMO,1-3 months,1,0,1,0,0,0,1,0,1,0,1,0,1,0,0,3,8,Airbus narrow (A320),Email invite,2,2,2,2,2,1,1,0,1,0,0,1,0,No platform,5,0,0,1,0,1,1,0,1,3x in 12 months,Cost saved per aircraft/yr
UAE-1109,Enterprise_Full_Service,Exploring,Fleet/Maintenance Manager,Independent MRO,200+,20+ years,Dubai,Predictive (some AI),1-2,>$50M,58934244,1,1,0,1,1,1,1,0,1,1,1,0,0,0,0,4,Regulatory concerns,1,1,1,0,0,0,0,0,Full cloud (SaaS),>$20K,30283,Hardware lease + software,Head of Maintenance/CAMO,6-12 months,1,0,1,1,0,1,0,1,1,0,1,1,0,0,0,8,4,Airbus narrow (A320),Industry event,4,3,3,3,4,1,0,0,1,0,1,0,0,Dissatisfied - hard to integrate,4,1,1,0,1,1,0,1,0,5x+,Audit pass rate
UAE-1110,Enterprise_Full_Service,Exploring,Director/VP Operations,Charter/private aviation,200+,6-10 years,Dubai,Condition-based,3-5,>$50M,75196075,1,0,1,0,0,0,1,1,0,0,1,0,1,0,0,5,Legacy integration,1,1,1,0,0,0,0,0,Full cloud (SaaS),$3K-$8K,7161,Per-aircraft/year,Joint committee,1-3 months,0,1,1,1,0,1,0,0,1,0,1,0,1,0,0,4,5,Boeing narrow (B737),LinkedIn/social media,4,4,3,4,4,1,1,1,0,0,0,0,1,Dissatisfied - poor support,4,1,1,1,0,0,1,0,0,3x in 12 months,Cost saved per aircraft/yr
UAE-1111,Enterprise_Full_Service,Not Interested,C-Suite,Commercial airline (full-service),81-200,20+ years,Sharjah/Northern Emirates,Condition-based,1-2,$10M-$50M,23763330,1,0,1,0,0,1,0,1,0,1,1,0,1,1,0,5,Regulatory concerns,0,1,0,1,1,0,0,0,On-premise,>$20K,17107,Outcome-based,C-Suite,6-12 months,1,1,1,0,1,1,0,1,1,0,1,0,1,0,0,9,3,Boeing wide (B777/B787),LinkedIn/social media,3,3,3,4,4,1,1,1,1,0,0,0,0,Dissatisfied - poor accuracy,6,1,0,0,1,0,1,1,0,ROI not primary,Unscheduled maintenance reduction
UAE-1112,Enterprise_Full_Service,Warm,C-Suite,Independent MRO,81-200,11-20 years,Dubai,Predictive (some AI),6-10,$2M-$10M,5844636,0,1,1,1,1,0,1,1,0,1,1,1,1,1,0,8,Legacy integration,0,1,1,1,0,0,0,0,Hybrid,$8K-$20K,15123,Per-aircraft/year,C-Suite,6-12 months,1,1,1,0,1,1,1,1,0,1,1,1,0,0,0,4,8,Boeing narrow (B737),Word of mouth,2,3,3,3,4,1,1,0,0,1,0,0,0,Dissatisfied - hard to integrate,6,0,1,1,1,1,1,0,0,2x,Unscheduled maintenance reduction
UAE-1113,Enterprise_Full_Service,Warm,C-Suite,Commercial airline (full-service),11-30,11-20 years,Dubai,Predictive (some AI),10+,$2M-$10M,5225528,0,1,1,1,0,0,1,0,0,1,1,1,1,1,0,7,Legacy integration,1,0,1,1,0,0,0,0,Full cloud (SaaS),>$20K,27211,Per-aircraft/year,IT/Digital lead,6-12 months,1,1,1,0,1,1,0,0,0,1,1,1,0,0,0,4,9,Boeing narrow (B737),LinkedIn/social media,3,4,3,3,4,1,1,1,0,0,1,0,0,Dissatisfied - hard to integrate,6,1,0,0,0,1,1,1,0,5x+,Dispatch reliability %
UAE-1114,Enterprise_Full_Service,Warm,MRO Engineer/Technician,Commercial airline (full-service),200+,20+ years,Sharjah/Northern Emirates,Scheduled/calendar,6-10,$2M-$10M,6828458,0,0,0,0,0,0,1,0,0,1,0,0,1,0,0,9,Legacy integration,1,1,0,1,0,0,0,0,Hybrid,$8K-$20K,21422,Per-aircraft/year,C-Suite,1-3 months,1,0,1,1,1,1,1,1,1,0,1,1,0,0,0,5,5,Airbus wide (A330/A350/A380),Aviation publication,4,3,3,3,5,1,1,0,0,0,0,0,0,Dissatisfied - poor support,7,1,1,0,1,0,1,0,1,Strategic value,Dispatch reliability %
UAE-1115,Enterprise_Full_Service,Hot,C-Suite,Charter/private aviation,200+,6-10 years,Other GCC,Predictive (some AI),1-2,>$50M,56054954,1,0,1,1,1,0,1,0,0,1,1,0,1,0,0,6,Legacy integration,1,0,1,1,0,0,0,0,Hybrid,$8K-$20K,16056,Outcome-based,Head of Maintenance/CAMO,>12 months,0,1,1,1,0,1,0,0,1,1,0,1,0,0,0,4,6,Airbus narrow (A320),LinkedIn/social media,4,2,3,5,3,0,1,1,0,0,1,0,0,Satisfied but expensive,3,0,1,0,1,0,1,1,0,Strategic value,AOG reduction %
UAE-1116,Enterprise_Full_Service,Warm,Director/VP Operations,Commercial airline (full-service),31-80,11-20 years,Dubai,Condition-based,6-10,<$500K,255483,1,0,1,1,1,0,1,0,0,1,1,0,1,1,0,6,Legacy integration,1,1,0,0,0,0,0,1,Hybrid,>$20K,31172,Per-aircraft/year,C-Suite,>12 months,1,0,0,1,0,0,1,1,0,0,1,1,1,0,0,3,5,Boeing wide (B777/B787),Word of mouth,2,3,3,3,4,1,0,0,1,1,1,0,0,No platform,7,1,1,0,0,1,1,0,0,ROI not primary,AOG reduction %
UAE-1117,Enterprise_Full_Service,Not Interested,MRO Engineer/Technician,Commercial airline (full-service),200+,20+ years,Other GCC,Condition-based,1-2,>$50M,72574860,1,0,1,1,1,0,0,1,0,1,0,0,0,1,0,5,High upfront cost,1,1,0,1,0,0,0,0,No preference,$3K-$8K,5770,Pay-per-insight,C-Suite,6-12 months,1,0,1,1,0,1,1,0,0,0,0,0,1,1,0,6,4,Airbus wide (A330/A350/A380),Industry event,3,3,3,4,4,1,1,0,1,0,1,0,0,Very satisfied,6,1,0,1,1,1,0,0,0,3x in 12 months,AOG reduction %
UAE-1118,Enterprise_Full_Service,Not Interested,IT/Digital Lead,Commercial airline (full-service),31-80,6-10 years,Sharjah/Northern Emirates,Predictive (some AI),3-5,$2M-$10M,4724124,1,1,0,1,0,1,0,1,1,1,0,0,0,1,0,4,Cybersecurity,0,1,1,0,1,0,0,0,On-premise,<$1K,444,Hardware lease + software,Head of Maintenance/CAMO,1-3 months,1,0,1,1,1,1,0,0,1,1,0,1,0,0,0,7,1,Boeing narrow (B737),Industry event,4,4,3,5,3,1,0,0,1,0,0,0,0,Dissatisfied - poor support,5,1,1,0,1,0,1,1,0,2x,AOG reduction %
UAE-1119,Enterprise_Full_Service,Hot,Fleet/Maintenance Manager,Commercial airline (full-service),81-200,11-20 years,Dubai,Scheduled/calendar,0,$10M-$50M,26496358,1,1,1,0,0,0,1,0,1,1,1,0,0,1,0,8,Regulatory concerns,1,1,0,1,0,0,0,0,Full cloud (SaaS),$3K-$8K,5724,Hardware lease + software,IT/Digital lead,6-12 months,1,1,0,1,1,0,0,0,0,0,1,1,0,1,0,3,10,Airbus narrow (A320),LinkedIn/social media,3,2,2,4,4,1,1,0,0,1,0,0,0,Satisfied but expensive,6,1,1,1,0,0,1,0,0,2x,AOG reduction %
UAE-1120,Enterprise_Full_Service,Exploring,Procurement/Finance,Low-cost carrier,31-80,6-10 years,Other GCC,Predictive (some AI),6-10,$2M-$10M,7707199,1,0,1,0,0,0,0,0,1,1,0,0,1,1,0,7,Lack data expertise,1,0,1,1,0,0,0,0,On-premise,$8K-$20K,15111,Pay-per-insight,IT/Digital lead,>12 months,1,1,1,0,1,0,1,0,1,0,1,1,0,0,0,5,2,Boeing wide (B777/B787),LinkedIn/social media,3,4,4,4,4,1,0,0,0,0,0,0,0,Dissatisfied - poor accuracy,5,0,0,0,0,1,0,1,0,1.5x,Cost saved per aircraft/yr
UAE-1121,Enterprise_Full_Service,Exploring,Fleet/Maintenance Manager,Aircraft leasing,200+,20+ years,Outside GCC,Scheduled/calendar,10+,$10M-$50M,32802461,1,1,0,0,0,0,1,0,0,1,1,0,1,1,0,6,High upfront cost,1,1,1,0,0,0,0,0,On-premise,$8K-$20K,9011,Per-aircraft/year,IT/Digital lead,6-12 months,1,0,0,1,0,1,1,0,1,1,0,1,0,0,0,5,5,Airbus wide (A330/A350/A380),Email invite,3,2,1,4,3,1,1,1,1,1,0,0,0,Dissatisfied - poor accuracy,4,1,1,0,0,1,1,0,0,2x,Audit pass rate
UAE-1122,Enterprise_Full_Service,Hot,C-Suite,Commercial airline (full-service),81-200,20+ years,Sharjah/Northern Emirates,Condition-based,1-2,$500K-$2M,1276828,0,0,1,1,1,1,0,0,0,0,1,0,1,0,0,8,High upfront cost,1,1,0,0,0,1,0,0,Hybrid,<$1K,560,Fixed monthly SaaS,C-Suite,>12 months,1,1,1,1,1,1,0,0,0,1,1,1,0,0,0,1,6,Boeing narrow (B737),Word of mouth,3,3,3,4,3,1,1,1,0,0,1,0,0,No platform,5,1,0,1,1,0,1,1,0,1.5x,Cost saved per aircraft/yr
UAE-1123,Enterprise_Full_Service,Warm,Director/VP Operations,Charter/private aviation,81-200,6-10 years,Abu Dhabi,Condition-based,1-2,$10M-$50M,26722518,1,1,0,1,0,0,1,0,0,1,0,1,0,1,0,8,High upfront cost,1,1,1,0,0,0,0,0,Full cloud (SaaS),$3K-$8K,4588,Per-aircraft/year,Head of Maintenance/CAMO,6-12 months,1,1,1,0,1,1,0,0,1,1,1,0,0,0,0,6,6,Airbus narrow (A320),Word of mouth,3,3,2,3,3,0,1,1,0,0,1,0,0,Satisfied but expensive,2,1,1,0,1,0,1,1,0,1.5x,Cost saved per aircraft/yr
UAE-1124,Enterprise_Full_Service,Warm,Fleet/Maintenance Manager,Low-cost carrier,81-200,6-10 years,Dubai,Full predictive + digital twin,3-5,<$500K,242599,1,0,1,0,1,1,0,1,0,1,1,1,1,1,0,8,High upfront cost,0,0,0,1,1,0,0,1,Full cloud (SaaS),$8K-$20K,15429,Per-aircraft/year,Head of Maintenance/CAMO,3-6 months,1,1,0,0,0,1,0,0,1,0,1,0,1,0,0,4,6,Airbus wide (A330/A350/A380),LinkedIn/social media,3,3,4,4,4,1,1,1,0,1,0,0,0,Dissatisfied - hard to integrate,5,1,0,1,1,1,1,0,0,1.5x,Unscheduled maintenance reduction
UAE-1125,Enterprise_Full_Service,Warm,Director/VP Operations,Commercial airline (full-service),200+,6-10 years,Abu Dhabi,Condition-based,6-10,>$50M,83436806,1,0,1,1,0,1,1,1,0,1,1,0,1,1,0,5,High upfront cost,0,1,1,1,0,0,0,0,On-premise,$3K-$8K,5250,Per-aircraft/year,Joint committee,>12 months,0,1,1,1,0,1,1,0,1,1,1,0,0,0,0,5,7,Boeing wide (B777/B787),Industry event,4,3,3,4,3,0,0,0,0,0,1,0,0,Satisfied but expensive,4,1,0,1,1,0,1,0,0,3x in 12 months,AOG reduction %
UAE-1126,Enterprise_Full_Service,Exploring,C-Suite,Commercial airline (full-service),31-80,6-10 years,Abu Dhabi,Condition-based,1-2,$500K-$2M,1261575,1,1,0,0,0,0,1,1,1,1,1,0,1,1,0,5,Lack data expertise,1,1,0,0,1,0,0,0,No preference,$3K-$8K,3692,Pay-per-insight,Joint committee,6-12 months,1,0,1,0,0,0,0,1,1,0,1,0,0,1,0,7,5,Airbus wide (A330/A350/A380),Industry event,3,5,2,4,3,1,1,1,1,1,0,0,0,No platform,5,1,1,0,1,1,1,0,0,3x in 12 months,AOG reduction %
UAE-1127,Enterprise_Full_Service,Exploring,Fleet/Maintenance Manager,Commercial airline (full-service),200+,11-20 years,Abu Dhabi,Full predictive + digital twin,10+,$10M-$50M,28520738,1,0,1,0,1,0,0,0,0,0,0,0,1,0,0,3,Legacy integration,0,1,0,1,0,0,1,0,Full cloud (SaaS),$1K-$3K,1803,Fixed monthly SaaS,IT/Digital lead,1-3 months,1,1,0,1,0,1,0,1,1,1,1,0,0,0,0,6,6,Boeing wide (B777/B787),Email invite,5,4,2,3,3,0,0,1,0,1,1,0,0,Dissatisfied - poor accuracy,8,1,1,0,1,1,1,1,0,2x,Unscheduled maintenance reduction
UAE-1128,Enterprise_Full_Service,Exploring,MRO Engineer/Technician,Aircraft leasing,200+,11-20 years,Dubai,Reactive,0,$10M-$50M,29255591,0,0,0,0,1,1,0,1,0,0,1,1,1,1,0,3,No barriers,1,1,1,0,0,0,0,0,Hybrid,$8K-$20K,12737,Fixed monthly SaaS,Head of Maintenance/CAMO,>12 months,1,1,1,1,0,0,0,0,1,1,1,0,0,0,0,7,5,Boeing wide (B777/B787),LinkedIn/social media,3,3,1,4,4,1,1,0,0,0,0,0,0,Dissatisfied - poor accuracy,4,0,0,0,0,1,0,0,0,Strategic value,AOG reduction %
UAE-1129,Enterprise_Full_Service,Exploring,Fleet/Maintenance Manager,Commercial airline (full-service),31-80,2-5 years,Abu Dhabi,Full predictive + digital twin,3-5,$10M-$50M,26236476,1,0,1,0,0,0,0,0,1,0,0,0,0,1,0,2,Lack data expertise,1,0,0,1,1,0,0,0,Hybrid,>$20K,36013,Pay-per-insight,C-Suite,>12 months,1,1,1,1,0,1,0,0,1,1,1,0,0,0,0,5,4,Boeing wide (B777/B787),LinkedIn/social media,4,4,3,3,4,1,0,0,1,0,0,0,0,No platform,7,1,1,0,1,0,1,1,0,1.5x,Dispatch reliability %
UAE-1130,Enterprise_Full_Service,Not Interested,IT/Digital Lead,Commercial airline (full-service),81-200,2-5 years,Dubai,Full predictive + digital twin,1-2,$10M-$50M,29234223,1,1,1,0,0,0,1,0,1,1,1,0,1,1,0,4,High upfront cost,1,0,1,1,0,0,0,0,No preference,>$20K,20234,Fixed monthly SaaS,Procurement/Finance,6-12 months,1,1,1,0,1,1,0,0,1,1,0,1,0,0,0,6,3,Airbus narrow (A320),Industry event,3,3,2,4,3,0,0,0,1,0,1,0,0,Satisfied but expensive,5,1,0,0,0,1,1,0,1,3x in 12 months,AOG reduction %
UAE-1131,Enterprise_Full_Service,Warm,Fleet/Maintenance Manager,Low-cost carrier,31-80,20+ years,Dubai,Scheduled/calendar,3-5,$500K-$2M,1502998,0,1,0,1,0,0,0,0,1,1,0,0,1,1,0,9,Legacy integration,1,1,0,1,0,0,0,0,Hybrid,<$1K,355,Per-aircraft/year,C-Suite,>12 months,1,0,0,0,1,1,1,1,1,1,1,0,0,0,0,5,5,Boeing narrow (B737),LinkedIn/social media,3,3,3,4,4,0,0,0,1,1,0,0,0,Dissatisfied - hard to integrate,6,0,0,1,1,0,1,0,0,2x,AOG reduction %
UAE-1132,Enterprise_Full_Service,Not Interested,Procurement/Finance,Commercial airline (full-service),200+,2-5 years,Dubai,Scheduled/calendar,3-5,>$50M,67723091,1,1,1,0,1,0,1,1,1,0,1,0,1,0,0,4,Legacy integration,1,1,1,0,0,0,0,0,Hybrid,>$20K,20743,Per-aircraft/year,Head of Maintenance/CAMO,6-12 months,1,0,0,1,1,0,1,1,1,0,1,1,0,0,0,6,4,Boeing wide (B777/B787),LinkedIn/social media,3,2,3,4,3,1,1,1,0,1,0,0,0,Satisfied but expensive,8,1,1,1,0,1,1,0,0,3x in 12 months,Component lifespan extension
UAE-1133,Enterprise_Full_Service,Warm,C-Suite,Commercial airline (full-service),31-80,6-10 years,Dubai,Predictive (some AI),1-2,$2M-$10M,6494214,1,1,1,1,1,0,1,1,0,1,1,0,1,0,0,7,Lack data expertise,1,1,0,1,0,0,0,0,No preference,$3K-$8K,5079,Outcome-based,IT/Digital lead,>12 months,1,1,1,1,0,0,0,1,1,1,1,0,0,0,0,4,7,Airbus narrow (A320),Email invite,3,2,3,3,5,0,0,0,0,0,1,0,0,Dissatisfied - hard to integrate,4,1,0,1,0,1,1,0,0,Strategic value,Dispatch reliability %
UAE-1134,Enterprise_Full_Service,Warm,MRO Engineer/Technician,Commercial airline (full-service),81-200,20+ years,Dubai,Full predictive + digital twin,6-10,$2M-$10M,5854321,1,0,0,1,1,0,1,0,1,1,1,0,1,1,0,8,Cybersecurity,1,0,1,1,0,0,0,0,Hybrid,$3K-$8K,5214,Fixed monthly SaaS,C-Suite,3-6 months,0,1,1,1,0,1,1,0,0,1,0,1,1,0,0,4,7,Airbus narrow (A320),Email invite,4,4,4,3,4,1,1,0,0,1,1,0,0,Very satisfied,6,1,1,1,1,1,0,1,0,3x in 12 months,AOG reduction %
UAE-1135,Enterprise_Full_Service,Hot,MRO Engineer/Technician,Commercial airline (full-service),81-200,6-10 years,Sharjah/Northern Emirates,Predictive (some AI),3-5,>$50M,78949777,0,1,1,1,1,1,1,1,1,1,0,0,1,1,0,9,Legacy integration,1,1,0,0,1,0,0,0,Full cloud (SaaS),$8K-$20K,13443,Hardware lease + software,C-Suite,>12 months,1,1,0,0,0,0,1,0,1,0,1,1,0,0,0,2,9,Airbus narrow (A320),Word of mouth,2,3,3,3,4,1,1,1,0,1,0,0,0,Dissatisfied - hard to integrate,4,1,1,1,1,1,1,0,0,ROI not primary,AOG reduction %
UAE-1136,Enterprise_Full_Service,Exploring,MRO Engineer/Technician,Commercial airline (full-service),81-200,2-5 years,Abu Dhabi,Predictive (some AI),1-2,$10M-$50M,29388571,1,1,1,1,1,0,0,1,0,1,0,0,0,1,0,5,Legacy integration,0,0,1,1,1,0,0,0,Full cloud (SaaS),$8K-$20K,17410,Hardware lease + software,C-Suite,6-12 months,1,0,0,1,1,0,1,0,1,1,1,0,0,0,0,6,5,Boeing wide (B777/B787),Industry event,4,3,2,3,4,1,1,1,1,0,0,0,0,No platform,5,1,1,1,1,1,1,0,1,3x in 12 months,Cost saved per aircraft/yr
UAE-1137,Enterprise_Full_Service,Exploring,MRO Engineer/Technician,Commercial airline (full-service),31-80,2-5 years,Abu Dhabi,Condition-based,0,$10M-$50M,34136674,1,1,0,0,0,0,0,0,1,1,1,1,0,1,0,6,High upfront cost,1,0,0,0,1,1,0,0,Full cloud (SaaS),$8K-$20K,13534,Outcome-based,Procurement/Finance,6-12 months,1,1,1,1,1,0,1,0,1,1,1,0,0,0,0,4,5,Boeing wide (B777/B787),Industry event,2,2,2,4,4,1,1,0,0,0,0,0,0,No platform,5,0,0,0,1,1,1,0,0,2x,AOG reduction %
UAE-1138,Enterprise_Full_Service,Hot,MRO Engineer/Technician,Aircraft leasing,81-200,6-10 years,Abu Dhabi,Predictive (some AI),0,>$50M,70013789,1,0,0,0,0,0,0,1,1,1,1,0,1,1,0,5,High upfront cost,1,1,0,1,0,0,0,0,Full cloud (SaaS),$3K-$8K,6046,Per-aircraft/year,Procurement/Finance,1-3 months,1,1,1,1,0,1,1,0,0,0,0,1,1,1,0,2,8,Boeing wide (B777/B787),Word of mouth,3,4,3,4,4,1,1,1,0,0,1,0,0,No platform,9,0,1,0,1,1,0,0,0,2x,Dispatch reliability %
UAE-1139,Enterprise_Full_Service,Exploring,Procurement/Finance,Commercial airline (full-service),200+,6-10 years,Other GCC,Condition-based,1-2,$10M-$50M,33998011,1,0,1,0,0,0,0,0,1,1,0,1,1,1,0,5,High upfront cost,1,1,1,0,0,0,0,0,Hybrid,$8K-$20K,14008,Per-aircraft/year,Head of Maintenance/CAMO,6-12 months,0,1,1,1,0,1,0,1,1,1,0,1,0,0,0,5,3,Boeing wide (B777/B787),Email invite,3,2,3,3,4,1,0,0,0,0,1,0,0,Dissatisfied - hard to integrate,7,1,1,0,1,0,0,1,0,Strategic value,Dispatch reliability %
UAE-1140,Enterprise_Full_Service,Hot,Procurement/Finance,Commercial airline (full-service),81-200,11-20 years,Dubai,Predictive (some AI),3-5,$10M-$50M,30092257,1,0,1,1,0,0,1,0,1,1,1,0,0,0,0,7,Regulatory concerns,1,0,1,1,0,0,0,0,No preference,$8K-$20K,12595,Fixed monthly SaaS,IT/Digital lead,3-6 months,0,1,1,0,1,0,0,0,1,1,0,1,0,0,0,3,9,Airbus wide (A330/A350/A380),LinkedIn/social media,3,2,3,4,3,0,0,0,1,0,1,0,0,Very satisfied,4,0,0,0,1,1,1,1,0,2x,AOG reduction %
UAE-1141,Enterprise_Full_Service,Hot,IT/Digital Lead,Commercial airline (full-service),81-200,<2 years,Dubai,Condition-based,6-10,$10M-$50M,26134030,1,0,1,0,0,0,0,1,0,1,1,0,1,1,0,6,Regulatory concerns,0,0,0,1,1,1,0,0,Full cloud (SaaS),$8K-$20K,13184,Fixed monthly SaaS,C-Suite,1-3 months,1,1,0,0,1,1,0,0,1,1,1,0,0,0,0,2,7,Airbus narrow (A320),LinkedIn/social media,3,3,3,4,4,0,1,0,0,1,1,0,0,Dissatisfied - hard to integrate,6,0,0,1,0,0,1,0,0,Strategic value,Cost saved per aircraft/yr
UAE-1142,Enterprise_Full_Service,Hot,Fleet/Maintenance Manager,Commercial airline (full-service),200+,2-5 years,Other GCC,Scheduled/calendar,0,>$50M,57102984,0,0,0,1,1,0,0,1,0,1,0,0,1,0,0,8,Legacy integration,0,1,1,1,0,0,0,0,Full cloud (SaaS),$8K-$20K,15525,Per-aircraft/year,Head of Maintenance/CAMO,3-6 months,0,1,1,1,1,0,1,1,1,1,0,1,0,0,0,2,6,Boeing wide (B777/B787),Word of mouth,3,3,2,3,3,1,1,0,0,0,1,0,0,Dissatisfied - hard to integrate,5,1,1,1,0,1,1,0,0,3x in 12 months,AOG reduction %
UAE-1143,Enterprise_Full_Service,Warm,C-Suite,Commercial airline (full-service),31-80,11-20 years,Dubai,Condition-based,3-5,$500K-$2M,1171762,0,0,1,0,1,0,0,0,0,1,0,1,1,1,0,7,High upfront cost,1,0,1,0,1,0,0,0,Hybrid,$1K-$3K,1603,Fixed monthly SaaS,IT/Digital lead,1-3 months,1,0,1,0,0,1,1,0,0,1,0,1,1,0,0,4,7,Boeing narrow (B737),Aviation publication,3,2,2,3,4,0,1,0,1,0,0,0,0,Dissatisfied - poor accuracy,6,0,1,1,0,1,1,0,0,2x,Dispatch reliability %
UAE-1144,Enterprise_Full_Service,Warm,Procurement/Finance,Independent MRO,200+,20+ years,Other GCC,Condition-based,3-5,>$50M,56338785,1,0,1,1,1,1,0,1,1,1,0,1,0,0,0,8,High upfront cost,1,0,1,1,0,0,0,0,Hybrid,>$20K,22394,Per-aircraft/year,Joint committee,>12 months,1,1,1,1,1,1,1,0,1,1,0,0,1,0,0,7,6,Airbus wide (A330/A350/A380),LinkedIn/social media,2,2,3,4,3,1,0,1,0,1,1,0,0,No platform,8,1,1,0,1,0,1,1,1,Strategic value,Audit pass rate
UAE-1145,Enterprise_Full_Service,Exploring,Director/VP Operations,Commercial airline (full-service),81-200,11-20 years,Dubai,Predictive (some AI),1-2,$10M-$50M,26853401,1,0,1,1,1,0,0,1,1,1,1,1,1,1,0,5,Legacy integration,1,0,0,1,0,0,0,0,On-premise,>$20K,35156,Per-aircraft/year,Joint committee,6-12 months,1,1,1,1,1,0,1,0,1,1,1,0,0,0,0,6,2,Boeing narrow (B737),LinkedIn/social media,4,2,4,3,5,1,1,0,0,0,1,0,0,No platform,8,1,0,0,1,0,1,1,0,2x,AOG reduction %
UAE-1146,Enterprise_Full_Service,Hot,Fleet/Maintenance Manager,Low-cost carrier,81-200,2-5 years,Dubai,Predictive (some AI),3-5,$2M-$10M,5283048,1,1,1,1,1,0,0,0,0,1,1,0,1,0,0,7,No barriers,1,1,0,1,0,0,0,0,No preference,$8K-$20K,15899,Per-aircraft/year,Joint committee,6-12 months,1,1,1,0,1,1,1,1,0,1,0,1,1,0,0,4,9,Boeing narrow (B737),LinkedIn/social media,4,3,3,4,4,1,1,0,0,1,0,0,0,Dissatisfied - poor support,6,1,0,1,1,1,1,1,0,3x in 12 months,Dispatch reliability %
UAE-1147,Enterprise_Full_Service,Warm,C-Suite,Low-cost carrier,200+,6-10 years,Sharjah/Northern Emirates,Predictive (some AI),6-10,>$50M,78276941,1,0,1,1,0,0,0,0,1,1,1,0,1,1,0,8,Legacy integration,1,0,1,1,0,0,0,0,On-premise,$8K-$20K,8831,Per-aircraft/year,Head of Maintenance/CAMO,>12 months,1,1,1,1,1,1,0,0,0,1,0,1,1,0,0,5,6,Boeing narrow (B737),Industry event,4,2,4,4,4,1,0,1,0,0,1,0,0,Very satisfied,8,1,0,0,1,0,0,0,0,3x in 12 months,Unscheduled maintenance reduction
UAE-1148,Enterprise_Full_Service,Warm,Procurement/Finance,Commercial airline (full-service),81-200,20+ years,Abu Dhabi,Scheduled/calendar,1-2,$10M-$50M,32523425,1,0,0,0,0,0,0,0,0,1,1,0,0,1,0,8,High upfront cost,0,1,1,1,0,0,0,0,Full cloud (SaaS),$8K-$20K,14610,Fixed monthly SaaS,IT/Digital lead,6-12 months,0,1,1,1,0,1,1,1,1,0,1,1,0,0,0,4,6,Airbus wide (A330/A350/A380),Word of mouth,3,3,1,4,3,0,1,0,0,0,0,0,0,Dissatisfied - poor accuracy,5,1,0,1,1,1,0,1,0,1.5x,Cost saved per aircraft/yr
UAE-1149,Enterprise_Full_Service,Exploring,MRO Engineer/Technician,Commercial airline (full-service),200+,11-20 years,Abu Dhabi,Scheduled/calendar,3-5,$10M-$50M,30988911,0,0,1,0,0,0,0,0,0,1,1,0,0,1,0,3,Regulatory concerns,1,0,1,0,0,1,0,0,On-premise,$8K-$20K,18861,Per-aircraft/year,IT/Digital lead,6-12 months,0,1,1,1,0,1,0,0,1,1,1,0,0,0,0,6,4,Business jet/helicopter,Word of mouth,3,3,4,5,4,1,0,0,0,1,1,0,0,No platform,6,1,1,1,1,0,0,0,0,3x in 12 months,AOG reduction %
UAE-1150,Enterprise_Full_Service,Warm,C-Suite,Commercial airline (full-service),200+,11-20 years,Abu Dhabi,Predictive (some AI),6-10,>$50M,70966396,1,1,1,0,0,1,0,0,1,0,0,1,1,1,0,5,Lack data expertise,1,1,1,0,0,0,0,0,Full cloud (SaaS),$8K-$20K,13493,Pay-per-insight,Joint committee,3-6 months,1,1,0,1,0,1,0,1,0,0,1,0,1,1,0,4,7,Boeing narrow (B737),Aviation publication,3,4,4,3,2,0,1,0,1,0,0,1,0,Dissatisfied - hard to integrate,8,1,1,0,1,1,1,0,0,Strategic value,Unscheduled maintenance reduction
UAE-1151,Enterprise_Full_Service,Warm,Director/VP Operations,Commercial airline (full-service),81-200,6-10 years,Abu Dhabi,Predictive (some AI),1-2,<$500K,300976,1,0,1,1,0,0,1,0,0,1,1,0,0,0,0,6,Regulatory concerns,0,0,0,0,1,1,1,0,Hybrid,$1K-$3K,2543,Hardware lease + software,Head of Maintenance/CAMO,3-6 months,1,1,1,0,1,1,1,0,0,0,1,1,1,0,0,5,6,Boeing narrow (B737),Email invite,4,4,3,4,4,1,1,1,0,0,0,0,0,No platform,5,0,1,0,1,1,1,1,0,2x,Unscheduled maintenance reduction
UAE-1152,Enterprise_Full_Service,Warm,IT/Digital Lead,Commercial airline (full-service),81-200,2-5 years,Abu Dhabi,Predictive (some AI),3-5,>$50M,74380108,1,1,0,1,0,0,0,1,1,1,1,1,1,0,0,6,Lack data expertise,1,1,0,1,0,0,0,0,Full cloud (SaaS),$8K-$20K,13160,Fixed monthly SaaS,Head of Maintenance/CAMO,>12 months,1,1,1,0,1,0,1,0,1,0,1,1,0,0,0,4,5,Airbus wide (A330/A350/A380),Word of mouth,3,3,3,3,3,1,1,0,1,0,1,0,0,Dissatisfied - poor support,6,0,1,0,1,0,0,0,0,5x+,Component lifespan extension
UAE-1153,Enterprise_Full_Service,Exploring,Director/VP Operations,Commercial airline (full-service),200+,2-5 years,Outside GCC,Condition-based,3-5,$10M-$50M,28602168,1,1,1,0,0,0,0,1,1,1,0,1,1,0,0,4,Legacy integration,1,1,1,0,0,0,0,0,On-premise,>$20K,20010,Fixed monthly SaaS,Procurement/Finance,3-6 months,0,1,1,1,1,0,1,1,0,1,1,1,0,0,0,7,5,Boeing wide (B777/B787),LinkedIn/social media,4,4,3,4,4,0,1,1,0,0,0,0,0,Very satisfied,7,0,1,1,1,1,1,1,0,3x in 12 months,Cost saved per aircraft/yr
UAE-1154,Enterprise_Full_Service,Exploring,Director/VP Operations,Independent MRO,31-80,20+ years,Abu Dhabi,Scheduled/calendar,0,$500K-$2M,954269,1,1,1,1,1,1,0,1,1,0,1,1,1,0,0,4,High upfront cost,1,1,0,1,0,0,0,0,Hybrid,$8K-$20K,17998,Fixed monthly SaaS,Joint committee,3-6 months,0,1,1,1,1,0,0,0,1,0,0,0,1,0,1,2,4,Airbus narrow (A320),LinkedIn/social media,4,3,3,4,3,1,0,1,0,1,0,0,0,No platform,6,1,0,1,1,1,0,0,0,3x in 12 months,Dispatch reliability %
UAE-1155,Enterprise_Full_Service,Hot,Fleet/Maintenance Manager,Low-cost carrier,200+,11-20 years,Dubai,Condition-based,0,$10M-$50M,26924785,0,0,0,1,1,0,0,1,0,1,0,0,1,1,0,9,Cybersecurity,1,0,1,1,0,0,0,0,Full cloud (SaaS),$3K-$8K,6909,Fixed monthly SaaS,C-Suite,6-12 months,1,1,1,1,1,1,1,1,0,0,1,0,1,0,1,2,6,Regional/turboprop,Industry event,3,3,3,3,3,1,1,0,1,0,0,0,0,Dissatisfied - poor support,6,0,1,0,1,1,1,0,0,Strategic value,AOG reduction %
UAE-1156,Enterprise_Full_Service,Warm,IT/Digital Lead,Commercial airline (full-service),31-80,11-20 years,Abu Dhabi,Scheduled/calendar,1-2,$2M-$10M,6845017,1,0,0,0,0,0,0,0,0,1,1,1,1,1,0,6,Cybersecurity,1,0,1,0,1,0,0,0,Hybrid,$3K-$8K,4180,Outcome-based,Head of Maintenance/CAMO,6-12 months,0,0,1,1,1,0,1,1,1,1,1,0,0,0,0,9,7,Boeing narrow (B737),Word of mouth,3,4,3,4,4,1,1,0,0,0,0,0,0,Dissatisfied - poor accuracy,6,1,1,0,1,0,1,1,1,1.5x,Dispatch reliability %
UAE-1157,Enterprise_Full_Service,Warm,Fleet/Maintenance Manager,Commercial airline (full-service),200+,20+ years,Abu Dhabi,Full predictive + digital twin,3-5,>$50M,73722203,1,0,0,0,0,0,1,1,0,1,0,1,0,0,0,5,High upfront cost,1,0,0,0,1,1,0,0,Hybrid,$3K-$8K,7418,Hardware lease + software,Joint committee,>12 months,1,1,1,0,1,1,1,1,0,1,1,1,0,0,0,3,4,Business jet/helicopter,LinkedIn/social media,3,2,3,4,4,1,1,1,1,1,1,0,0,Dissatisfied - hard to integrate,7,0,0,1,1,1,1,0,1,2x,Dispatch reliability %
UAE-1158,Enterprise_Full_Service,Exploring,Fleet/Maintenance Manager,Aircraft leasing,1-10,2-5 years,Abu Dhabi,Condition-based,0,$500K-$2M,1192693,0,1,1,0,0,0,1,1,0,0,0,0,0,0,1,10,Lack data expertise,1,1,1,0,0,0,0,0,Hybrid,<$1K,536,Per-aircraft/year,Joint committee,3-6 months,0,0,1,0,1,1,1,0,1,0,1,1,0,0,0,3,5,Airbus wide (A330/A350/A380),LinkedIn/social media,2,4,3,4,3,1,1,1,1,1,1,0,0,Dissatisfied - poor accuracy,5,1,1,0,0,0,0,0,0,2x,AOG reduction %
UAE-1159,Enterprise_Full_Service,Exploring,Director/VP Operations,Commercial airline (full-service),200+,20+ years,Abu Dhabi,Scheduled/calendar,1-2,>$50M,100583552,0,1,1,0,0,0,0,0,1,1,0,1,1,1,0,6,Lack data expertise,1,1,1,0,0,0,0,0,Full cloud (SaaS),>$20K,20192,Hardware lease + software,Joint committee,6-12 months,1,1,1,1,1,0,0,0,1,0,1,1,0,0,0,8,6,Airbus wide (A330/A350/A380),LinkedIn/social media,3,3,3,5,3,1,1,1,1,0,1,0,0,Dissatisfied - poor accuracy,6,1,1,1,0,1,0,1,0,2x,AOG reduction %
UAE-1160,Enterprise_Full_Service,Hot,C-Suite,Low-cost carrier,200+,6-10 years,Abu Dhabi,Condition-based,0,$10M-$50M,28073346,1,1,0,0,0,0,1,0,1,1,1,0,1,1,0,5,High upfront cost,0,0,1,1,1,0,0,0,Hybrid,$3K-$8K,7669,Outcome-based,IT/Digital lead,3-6 months,1,1,0,1,1,1,0,0,1,0,1,0,1,0,0,1,8,Boeing wide (B777/B787),LinkedIn/social media,1,1,1,1,1,0,1,0,0,1,0,0,0,No platform,5,1,0,1,1,0,1,1,0,2x,Unscheduled maintenance reduction
UAE-1161,Enterprise_Full_Service,Exploring,Director/VP Operations,Commercial airline (full-service),81-200,11-20 years,Dubai,Full predictive + digital twin,1-2,$10M-$50M,35220371,1,1,1,0,0,0,1,1,0,1,0,0,1,1,0,6,Legacy integration,1,0,1,1,0,0,0,0,On-premise,>$20K,25042,Pay-per-insight,C-Suite,1-3 months,1,1,1,1,0,1,0,1,1,1,1,0,0,0,0,6,4,Boeing narrow (B737),LinkedIn/social media,4,3,3,4,4,1,0,0,0,0,1,0,0,Dissatisfied - poor accuracy,7,1,1,1,0,1,1,0,0,5x+,AOG reduction %
UAE-1162,Enterprise_Full_Service,Not Interested,Fleet/Maintenance Manager,Defence/government,200+,2-5 years,Other GCC,Scheduled/calendar,1-2,>$50M,82268436,1,1,0,0,1,0,0,1,0,0,0,0,1,1,0,6,Legacy integration,0,1,0,1,1,0,0,0,On-premise,>$20K,31644,Per-aircraft/year,Head of Maintenance/CAMO,6-12 months,1,0,1,0,1,1,1,1,1,0,0,0,1,1,0,7,2,Boeing narrow (B737),Email invite,2,4,1,4,4,1,1,0,0,0,0,0,0,Very satisfied,3,0,1,1,0,0,1,0,0,3x in 12 months,Component lifespan extension
UAE-1163,Enterprise_Full_Service,Warm,MRO Engineer/Technician,Low-cost carrier,200+,2-5 years,Abu Dhabi,Full predictive + digital twin,3-5,$2M-$10M,6359801,1,0,1,1,0,0,0,1,1,1,1,0,1,1,0,6,High upfront cost,1,1,1,0,0,0,0,0,Hybrid,$8K-$20K,13070,Per-aircraft/year,Procurement/Finance,<1 month,1,1,1,1,1,0,1,0,1,0,1,1,0,0,0,6,6,Airbus wide (A330/A350/A380),LinkedIn/social media,2,2,3,4,5,1,1,1,0,0,0,0,0,Dissatisfied - poor support,8,0,1,0,0,1,1,0,0,3x in 12 months,Audit pass rate
UAE-1164,Enterprise_Full_Service,Warm,IT/Digital Lead,Defence/government,81-200,6-10 years,Other GCC,Scheduled/calendar,6-10,$10M-$50M,28459896,1,0,1,0,1,0,0,0,0,0,1,0,0,1,0,10,No barriers,1,0,0,0,1,0,1,0,Full cloud (SaaS),>$20K,28123,Outcome-based,IT/Digital lead,1-3 months,0,1,1,1,1,0,0,0,1,0,1,1,0,0,0,3,5,Airbus narrow (A320),Email invite,2,4,4,3,3,1,0,1,1,0,1,0,0,Very satisfied,6,1,1,1,1,0,0,1,0,3x in 12 months,AOG reduction %
UAE-1165,Enterprise_Full_Service,Exploring,MRO Engineer/Technician,Commercial airline (full-service),200+,2-5 years,Sharjah/Northern Emirates,Condition-based,1-2,>$50M,64196028,1,0,1,1,1,1,1,0,0,1,1,0,1,1,0,3,High upfront cost,0,1,1,1,0,0,0,0,Full cloud (SaaS),>$20K,26939,Per-aircraft/year,Head of Maintenance/CAMO,3-6 months,0,1,1,1,1,0,1,1,1,1,1,0,0,0,0,6,3,Boeing narrow (B737),Industry event,3,4,3,4,4,0,0,1,0,0,0,0,0,Dissatisfied - poor support,6,0,1,0,1,1,1,1,0,2x,Dispatch reliability %
UAE-1166,Enterprise_Full_Service,Warm,IT/Digital Lead,Commercial airline (full-service),31-80,<2 years,Abu Dhabi,Predictive (some AI),3-5,$500K-$2M,1134795,0,0,1,1,1,0,0,1,1,1,1,0,1,0,0,7,Lack data expertise,1,1,0,1,0,0,0,0,Hybrid,>$20K,30759,Outcome-based,IT/Digital lead,6-12 months,0,1,0,0,1,0,0,1,0,1,1,1,0,0,0,3,8,Airbus narrow (A320),LinkedIn/social media,4,2,3,4,3,1,0,0,0,0,1,0,0,Satisfied but expensive,6,0,0,0,0,1,1,1,0,3x in 12 months,AOG reduction %
UAE-1167,Enterprise_Full_Service,Warm,MRO Engineer/Technician,Independent MRO,200+,11-20 years,Abu Dhabi,Scheduled/calendar,1-2,>$50M,76836625,1,1,1,1,1,0,0,0,1,1,1,0,0,0,0,5,No barriers,0,0,1,1,0,0,1,0,On-premise,$8K-$20K,15157,Fixed monthly SaaS,IT/Digital lead,6-12 months,1,1,1,0,0,0,0,0,1,0,1,0,1,0,0,3,7,Airbus wide (A330/A350/A380),Email invite,3,3,4,4,3,1,1,0,0,1,0,0,0,Satisfied but expensive,4,0,1,1,0,1,0,0,0,5x+,Component lifespan extension
UAE-1168,Enterprise_Full_Service,Warm,MRO Engineer/Technician,Low-cost carrier,31-80,6-10 years,Abu Dhabi,Condition-based,3-5,$500K-$2M,1137630,1,1,1,1,1,0,0,1,0,0,0,0,0,1,0,8,Lack data expertise,1,0,0,0,0,1,1,0,Full cloud (SaaS),$8K-$20K,14902,Per-aircraft/year,Head of Maintenance/CAMO,1-3 months,0,0,0,1,0,0,1,1,0,0,1,0,0,1,0,3,4,Airbus narrow (A320),Industry event,3,3,4,4,5,0,0,0,1,0,1,0,0,Very satisfied,4,1,0,1,1,0,1,0,0,3x in 12 months,Cost saved per aircraft/yr
UAE-1169,Enterprise_Full_Service,Exploring,Procurement/Finance,Independent MRO,81-200,11-20 years,Dubai,Scheduled/calendar,10+,$500K-$2M,955022,1,1,1,0,0,1,0,1,0,0,0,0,0,0,1,10,Legacy integration,0,1,1,1,0,0,0,0,On-premise,$8K-$20K,16996,Hardware lease + software,IT/Digital lead,>12 months,1,0,1,1,0,1,1,1,1,0,0,1,1,0,0,9,3,Airbus wide (A330/A350/A380),Industry event,3,2,2,4,4,0,1,0,1,1,0,0,0,Dissatisfied - poor accuracy,6,1,1,1,1,0,1,0,0,Strategic value,Audit pass rate
UAE-1170,Enterprise_Full_Service,Exploring,Director/VP Operations,Commercial airline (full-service),81-200,11-20 years,Abu Dhabi,Condition-based,1-2,$10M-$50M,23699745,1,0,1,1,1,0,1,0,1,1,1,0,1,1,0,7,Cybersecurity,0,0,0,1,1,1,0,0,Full cloud (SaaS),$3K-$8K,5001,Per-aircraft/year,Joint committee,6-12 months,0,1,1,1,0,0,0,0,0,1,1,1,0,0,0,7,2,Airbus narrow (A320),Word of mouth,3,3,3,4,4,1,1,1,0,0,1,0,0,Satisfied but expensive,4,1,1,0,0,0,1,0,0,3x in 12 months,Dispatch reliability %
UAE-1171,Enterprise_Full_Service,Warm,MRO Engineer/Technician,Charter/private aviation,200+,20+ years,Dubai,Full predictive + digital twin,1-2,>$50M,77220441,0,1,0,1,0,1,1,1,0,1,1,1,0,1,0,7,Regulatory concerns,1,1,0,1,0,0,0,0,Hybrid,$8K-$20K,14583,Fixed monthly SaaS,Head of Maintenance/CAMO,3-6 months,0,1,0,1,1,0,1,1,1,1,1,0,0,0,0,5,4,Airbus narrow (A320),LinkedIn/social media,2,1,3,4,4,1,0,1,0,1,1,0,0,Dissatisfied - poor accuracy,6,1,0,0,0,0,1,1,0,ROI not primary,AOG reduction %
UAE-1172,Enterprise_Full_Service,Warm,Director/VP Operations,Commercial airline (full-service),81-200,6-10 years,Abu Dhabi,Condition-based,1-2,$2M-$10M,4080192,0,1,0,0,0,1,0,1,0,0,1,0,1,1,0,6,Regulatory concerns,0,0,0,0,0,1,1,0,Hybrid,$8K-$20K,14429,Per-aircraft/year,Joint committee,6-12 months,1,1,1,1,1,1,1,0,0,1,1,0,1,0,0,5,6,Airbus narrow (A320),LinkedIn/social media,3,3,3,3,4,1,1,0,0,1,1,0,0,Satisfied but expensive,5,1,0,1,0,0,1,0,0,3x in 12 months,Cost saved per aircraft/yr
UAE-1173,Enterprise_Full_Service,Warm,Director/VP Operations,Commercial airline (full-service),1-10,11-20 years,Outside GCC,Condition-based,0,<$500K,200100,1,1,1,1,1,0,0,0,1,1,0,0,1,1,0,6,Cybersecurity,0,1,0,0,1,1,0,0,Hybrid,$3K-$8K,5155,Fixed monthly SaaS,C-Suite,6-12 months,1,1,1,1,0,1,0,1,0,0,0,1,0,1,0,6,6,Boeing wide (B777/B787),Aviation publication,3,2,3,3,3,0,0,0,1,1,0,0,0,Dissatisfied - poor support,8,0,0,1,1,0,0,0,0,2x,Dispatch reliability %
UAE-1174,Enterprise_Full_Service,Hot,MRO Engineer/Technician,Commercial airline (full-service),200+,6-10 years,Other GCC,Condition-based,3-5,$2M-$10M,6457886,1,0,0,1,1,0,0,1,0,0,0,1,1,1,0,5,Lack data expertise,1,0,1,0,1,0,0,0,On-premise,$3K-$8K,3748,Fixed monthly SaaS,C-Suite,1-3 months,0,1,1,0,0,1,1,0,1,0,1,1,0,0,0,3,6,Boeing wide (B777/B787),Industry event,4,3,3,3,5,1,1,0,0,1,1,0,0,Dissatisfied - poor support,10,0,1,1,1,1,1,0,0,5x+,AOG reduction %
UAE-1175,Enterprise_Full_Service,Warm,Fleet/Maintenance Manager,Commercial airline (full-service),200+,11-20 years,Dubai,Condition-based,3-5,>$50M,71865921,1,1,1,1,1,1,0,0,1,0,1,0,1,1,0,8,Lack data expertise,1,1,0,0,1,0,0,0,Hybrid,$3K-$8K,5596,Fixed monthly SaaS,Head of Maintenance/CAMO,6-12 months,1,1,1,1,0,1,1,0,0,1,1,1,0,0,0,4,5,Airbus narrow (A320),LinkedIn/social media,2,2,3,3,2,1,1,1,1,0,0,0,0,Very satisfied,6,1,1,0,1,1,1,0,0,5x+,Dispatch reliability %
UAE-1176,Enterprise_Full_Service,Warm,IT/Digital Lead,Commercial airline (full-service),200+,6-10 years,Sharjah/Northern Emirates,Full predictive + digital twin,0,>$50M,74569560,1,1,1,1,0,1,0,0,1,1,0,0,1,1,0,9,No barriers,0,1,0,0,1,1,0,0,On-premise,$3K-$8K,5869,Outcome-based,Joint committee,>12 months,1,1,1,1,1,1,0,0,1,1,1,0,0,0,0,2,3,Airbus wide (A330/A350/A380),Email invite,3,3,3,4,4,0,1,1,0,0,0,0,1,Dissatisfied - hard to integrate,4,1,1,1,1,0,0,1,1,2x,Dispatch reliability %
UAE-1177,Enterprise_Full_Service,Hot,Fleet/Maintenance Manager,Aircraft leasing,11-30,11-20 years,Sharjah/Northern Emirates,Condition-based,3-5,$10M-$50M,34343689,1,0,1,1,1,0,1,0,1,1,0,0,1,1,0,8,Cybersecurity,0,1,1,1,0,0,0,0,On-premise,>$20K,17828,Fixed monthly SaaS,Head of Maintenance/CAMO,6-12 months,1,1,1,1,1,1,1,1,0,0,0,1,1,0,0,5,8,Boeing narrow (B737),Industry event,3,2,4,3,4,0,1,1,0,1,1,0,0,Dissatisfied - poor support,7,0,0,0,1,1,1,1,0,3x in 12 months,Cost saved per aircraft/yr
UAE-1178,Enterprise_Full_Service,Warm,IT/Digital Lead,Commercial airline (full-service),200+,<2 years,Sharjah/Northern Emirates,Scheduled/calendar,6-10,$2M-$10M,5123249,1,1,1,1,0,1,1,0,0,1,0,0,1,0,0,10,Regulatory concerns,1,1,1,0,0,0,0,0,Hybrid,$8K-$20K,14583,Per-aircraft/year,Head of Maintenance/CAMO,1-3 months,1,1,1,1,1,1,0,0,0,0,1,1,1,0,0,5,4,Boeing wide (B777/B787),Email invite,5,2,4,3,3,0,0,0,0,1,0,0,0,Satisfied but expensive,7,0,1,1,1,1,1,1,0,2x,Dispatch reliability %
UAE-1179,Enterprise_Full_Service,Hot,Director/VP Operations,Low-cost carrier,81-200,11-20 years,Other GCC,Predictive (some AI),1-2,$500K-$2M,1442666,1,1,1,0,1,0,1,0,1,1,1,1,1,0,0,6,Lack data expertise,1,0,1,1,0,0,0,0,On-premise,$1K-$3K,2392,Fixed monthly SaaS,C-Suite,3-6 months,1,1,1,0,0,1,1,0,1,0,1,1,0,0,0,4,7,Boeing narrow (B737),LinkedIn/social media,4,2,2,4,3,1,1,0,0,0,0,0,0,Dissatisfied - poor accuracy,6,0,0,0,1,0,1,0,0,5x+,AOG reduction %
UAE-1180,Enterprise_Full_Service,Warm,Fleet/Maintenance Manager,Commercial airline (full-service),200+,20+ years,Dubai,Condition-based,10+,>$50M,77712105,1,0,0,0,0,1,0,1,0,1,1,0,0,0,0,7,Cybersecurity,0,1,1,0,0,0,1,0,Full cloud (SaaS),>$20K,32195,Per-aircraft/year,Joint committee,3-6 months,1,1,1,1,1,1,0,0,0,1,1,1,0,0,0,4,6,Boeing narrow (B737),LinkedIn/social media,4,4,3,3,4,1,1,0,0,1,0,0,0,Very satisfied,4,0,0,0,1,1,1,0,0,2x,AOG reduction %
UAE-1181,Enterprise_Full_Service,Exploring,C-Suite,Independent MRO,200+,6-10 years,Dubai,Scheduled/calendar,3-5,>$50M,60584081,1,0,0,1,0,0,0,0,0,1,1,0,0,1,0,5,Regulatory concerns,1,0,1,1,0,0,0,0,Full cloud (SaaS),$3K-$8K,4604,Fixed monthly SaaS,C-Suite,1-3 months,1,0,1,0,1,1,1,1,1,0,1,0,1,0,0,7,5,Airbus wide (A330/A350/A380),Industry event,2,2,2,3,4,1,0,0,0,1,1,0,0,No platform,5,1,1,0,0,1,1,0,0,ROI not primary,Cost saved per aircraft/yr
UAE-1182,Enterprise_Full_Service,Hot,IT/Digital Lead,Commercial airline (full-service),31-80,2-5 years,Dubai,Predictive (some AI),1-2,$10M-$50M,27346083,0,0,0,1,0,0,1,1,1,0,1,1,0,1,0,9,Regulatory concerns,0,1,1,0,1,0,0,0,No preference,$8K-$20K,8191,Fixed monthly SaaS,IT/Digital lead,3-6 months,1,1,1,1,0,0,1,1,1,0,0,1,0,1,0,5,7,Boeing narrow (B737),Aviation publication,3,3,4,3,4,1,1,0,0,1,1,0,0,Satisfied but expensive,6,1,1,1,1,0,0,1,0,5x+,Dispatch reliability %
UAE-1183,Enterprise_Full_Service,Exploring,Procurement/Finance,Commercial airline (full-service),200+,6-10 years,Abu Dhabi,Scheduled/calendar,6-10,>$50M,56876218,1,1,0,0,0,0,0,0,0,0,1,0,0,0,0,4,Lack data expertise,1,1,1,0,0,0,0,0,No preference,$8K-$20K,13626,Per-aircraft/year,C-Suite,<1 month,1,0,0,1,0,1,1,1,1,1,1,0,0,0,0,5,3,Airbus narrow (A320),LinkedIn/social media,3,3,3,5,3,1,0,1,0,0,1,0,0,No platform,4,1,1,0,1,1,0,0,0,3x in 12 months,Cost saved per aircraft/yr
UAE-1184,Enterprise_Full_Service,Warm,Fleet/Maintenance Manager,Commercial airline (full-service),200+,11-20 years,Abu Dhabi,Predictive (some AI),1-2,$10M-$50M,38668554,1,1,0,0,1,1,1,0,1,0,0,0,1,0,0,6,Lack data expertise,1,0,0,1,0,1,0,0,Hybrid,>$20K,21393,Per-aircraft/year,IT/Digital lead,>12 months,1,1,1,1,1,1,1,0,1,0,1,0,1,0,0,2,7,Boeing wide (B777/B787),Email invite,3,3,3,5,3,1,1,0,1,1,1,0,0,Dissatisfied - poor accuracy,9,1,1,1,0,1,1,0,0,5x+,Audit pass rate
UAE-1185,Enterprise_Full_Service,Warm,Fleet/Maintenance Manager,Commercial airline (full-service),81-200,20+ years,Dubai,Full predictive + digital twin,3-5,$10M-$50M,30601922,1,0,0,0,1,0,0,0,1,0,0,1,1,1,0,8,Regulatory concerns,1,1,0,1,0,0,0,0,Hybrid,$8K-$20K,16029,Per-aircraft/year,C-Suite,6-12 months,1,1,1,0,0,0,0,0,1,1,1,0,0,0,0,4,5,Boeing wide (B777/B787),Word of mouth,3,3,2,4,4,0,1,1,1,0,1,0,0,Dissatisfied - hard to integrate,9,0,0,0,0,0,1,1,0,2x,AOG reduction %
UAE-1186,Enterprise_Full_Service,Exploring,Fleet/Maintenance Manager,Commercial airline (full-service),11-30,<2 years,Dubai,Scheduled/calendar,3-5,$2M-$10M,6768932,1,0,0,0,1,1,0,0,1,1,1,0,1,0,0,7,Lack data expertise,0,1,1,1,0,0,0,0,Hybrid,$8K-$20K,12413,Pay-per-insight,Head of Maintenance/CAMO,3-6 months,0,1,0,1,1,1,1,0,0,1,1,1,0,0,0,7,6,Airbus narrow (A320),Email invite,4,4,4,4,4,1,0,1,0,1,1,0,0,Dissatisfied - poor support,8,1,0,1,1,1,0,1,0,2x,Cost saved per aircraft/yr
UAE-1187,Enterprise_Full_Service,Exploring,IT/Digital Lead,Commercial airline (full-service),200+,11-20 years,Abu Dhabi,Predictive (some AI),6-10,>$50M,88463586,1,1,0,1,0,0,0,1,0,1,1,1,1,1,0,5,Legacy integration,1,0,1,1,0,0,0,0,Full cloud (SaaS),$3K-$8K,5454,Hardware lease + software,Head of Maintenance/CAMO,>12 months,1,1,1,1,0,0,0,0,0,1,0,0,1,0,0,5,4,Airbus wide (A330/A350/A380),LinkedIn/social media,4,3,4,3,3,1,1,0,0,1,0,0,0,Dissatisfied - poor accuracy,5,0,1,0,1,1,1,0,0,1.5x,AOG reduction %
UAE-1188,Enterprise_Full_Service,Exploring,Director/VP Operations,Commercial airline (full-service),1-10,6-10 years,Dubai,Condition-based,1-2,<$500K,209307,0,1,0,1,0,1,1,0,1,1,1,0,1,1,0,5,High upfront cost,1,1,0,1,0,0,0,0,No preference,<$1K,537,Hardware lease + software,IT/Digital lead,6-12 months,1,1,0,1,1,1,1,0,1,1,1,0,0,0,0,7,7,Boeing narrow (B737),Email invite,4,4,3,5,5,1,0,0,0,0,0,0,0,Dissatisfied - poor support,6,1,0,0,0,1,1,0,0,5x+,AOG reduction %
UAE-1189,Enterprise_Full_Service,Exploring,Director/VP Operations,Independent MRO,81-200,6-10 years,Abu Dhabi,Condition-based,3-5,$10M-$50M,25533034,0,1,1,0,0,0,1,0,0,0,0,0,0,1,0,4,Legacy integration,0,1,1,1,0,0,0,0,Hybrid,>$20K,29420,Hardware lease + software,Procurement/Finance,6-12 months,1,0,1,1,1,0,1,1,0,1,1,0,1,0,0,7,5,Boeing wide (B777/B787),LinkedIn/social media,4,3,2,4,5,1,1,0,0,1,0,0,0,Dissatisfied - poor support,7,1,1,0,1,1,1,0,0,1.5x,Dispatch reliability %
UAE-1190,Enterprise_Full_Service,Hot,Fleet/Maintenance Manager,Commercial airline (full-service),200+,11-20 years,Dubai,Reactive,1-2,$10M-$50M,32406167,1,1,0,1,0,0,0,1,1,0,0,1,0,1,0,8,Lack data expertise,0,0,1,1,0,0,1,0,Full cloud (SaaS),$3K-$8K,5132,Per-aircraft/year,IT/Digital lead,6-12 months,1,1,0,1,1,0,1,0,1,0,1,0,1,0,0,2,7,Airbus wide (A330/A350/A380),Aviation publication,3,3,4,3,3,1,0,0,0,0,1,0,0,Dissatisfied - hard to integrate,8,0,1,1,1,0,1,1,0,3x in 12 months,Cost saved per aircraft/yr
UAE-1191,Enterprise_Full_Service,Warm,Director/VP Operations,Commercial airline (full-service),31-80,11-20 years,Sharjah/Northern Emirates,Condition-based,3-5,$10M-$50M,27968811,1,0,0,1,1,0,0,1,1,0,1,0,1,1,0,7,Regulatory concerns,1,1,0,0,1,0,0,0,On-premise,<$1K,540,Per-aircraft/year,IT/Digital lead,6-12 months,1,1,1,0,0,0,1,0,0,1,1,1,0,0,0,3,8,Airbus wide (A330/A350/A380),Industry event,4,4,2,4,4,1,1,0,0,0,1,0,0,Dissatisfied - poor support,6,1,1,1,1,1,1,1,0,2x,Cost saved per aircraft/yr
UAE-1192,Enterprise_Full_Service,Warm,Fleet/Maintenance Manager,Commercial airline (full-service),200+,6-10 years,Dubai,Predictive (some AI),3-5,$10M-$50M,23454233,1,1,1,1,1,1,1,0,0,1,1,0,1,0,0,7,Regulatory concerns,1,0,1,0,1,0,0,0,On-premise,$3K-$8K,4087,Hardware lease + software,Head of Maintenance/CAMO,3-6 months,1,0,1,1,1,0,1,1,1,1,1,0,0,0,0,5,3,Airbus narrow (A320),Aviation publication,2,4,2,3,4,1,1,0,0,0,0,0,0,Satisfied but expensive,6,1,0,0,1,1,0,1,0,2x,AOG reduction %
UAE-1193,Enterprise_Full_Service,Warm,Director/VP Operations,Commercial airline (full-service),200+,6-10 years,Sharjah/Northern Emirates,Scheduled/calendar,0,>$50M,84811014,1,1,1,0,1,0,0,0,0,1,0,0,1,0,0,7,Lack data expertise,1,1,0,1,0,0,0,0,Full cloud (SaaS),$8K-$20K,20752,Hardware lease + software,Head of Maintenance/CAMO,6-12 months,1,1,1,0,0,1,1,0,1,0,0,1,1,0,0,4,8,Boeing narrow (B737),Word of mouth,3,2,3,4,3,1,1,0,0,0,1,0,0,Very satisfied,4,0,1,0,1,1,1,0,0,2x,Cost saved per aircraft/yr
UAE-1194,Enterprise_Full_Service,Exploring,C-Suite,Commercial airline (full-service),31-80,2-5 years,Other GCC,Condition-based,1-2,$2M-$10M,5977772,1,1,1,1,1,0,0,1,0,0,0,0,0,0,1,8,Legacy integration,1,1,1,0,0,0,0,0,Full cloud (SaaS),<$1K,277,Outcome-based,Head of Maintenance/CAMO,6-12 months,1,1,1,1,0,0,1,0,0,0,0,1,1,1,0,8,3,Airbus narrow (A320),Email invite,2,4,3,5,4,1,0,1,1,0,0,0,0,Dissatisfied - poor accuracy,5,0,1,0,1,1,1,1,0,5x+,Component lifespan extension
UAE-1195,Enterprise_Full_Service,Hot,Fleet/Maintenance Manager,Low-cost carrier,200+,2-5 years,Dubai,Condition-based,0,$10M-$50M,29312715,1,0,1,1,1,0,0,0,0,1,1,0,0,0,0,8,Lack data expertise,1,1,1,0,0,0,0,0,Hybrid,>$20K,25915,Hardware lease + software,Procurement/Finance,>12 months,1,1,0,0,1,1,1,1,1,1,1,0,0,0,0,1,9,Boeing narrow (B737),Industry event,3,3,4,4,4,0,0,1,0,0,1,0,0,Dissatisfied - hard to integrate,5,0,0,0,1,1,0,0,0,3x in 12 months,Audit pass rate
UAE-1196,Enterprise_Full_Service,Warm,MRO Engineer/Technician,Commercial airline (full-service),200+,20+ years,Sharjah/Northern Emirates,Predictive (some AI),6-10,>$50M,79845824,1,1,1,1,1,0,0,0,1,1,1,0,1,1,0,8,Legacy integration,0,1,0,1,1,0,0,0,Full cloud (SaaS),$8K-$20K,16269,Per-aircraft/year,Head of Maintenance/CAMO,>12 months,1,1,1,1,1,1,1,1,0,0,1,1,0,1,0,4,5,Airbus narrow (A320),LinkedIn/social media,4,3,2,5,2,1,0,0,0,1,1,1,0,Satisfied but expensive,7,1,1,0,1,0,1,0,0,3x in 12 months,Cost saved per aircraft/yr
UAE-1197,Enterprise_Full_Service,Exploring,Fleet/Maintenance Manager,Commercial airline (full-service),31-80,11-20 years,Dubai,Scheduled/calendar,3-5,$2M-$10M,4861309,0,1,0,1,0,1,0,1,1,1,0,0,1,0,0,7,Regulatory concerns,0,1,0,0,0,0,1,1,Hybrid,$3K-$8K,3970,Per-aircraft/year,Joint committee,6-12 months,1,1,0,1,1,1,1,0,1,1,1,0,0,0,0,8,4,Airbus narrow (A320),Industry event,3,3,3,3,3,1,0,1,0,1,1,0,0,Satisfied but expensive,6,1,1,1,0,1,0,1,0,5x+,AOG reduction %
UAE-1198,Enterprise_Full_Service,Warm,MRO Engineer/Technician,Commercial airline (full-service),81-200,11-20 years,Abu Dhabi,Scheduled/calendar,3-5,>$50M,55792391,1,1,0,1,0,1,1,0,1,1,0,0,1,0,0,6,Lack data expertise,0,1,0,1,1,0,0,0,No preference,$3K-$8K,8510,Fixed monthly SaaS,Joint committee,6-12 months,1,0,1,1,1,0,1,0,1,1,1,0,0,0,0,3,7,Airbus wide (A330/A350/A380),Industry event,3,3,3,5,3,1,0,0,1,0,1,0,0,Satisfied but expensive,8,0,0,1,1,1,1,0,0,ROI not primary,Audit pass rate
UAE-1199,Enterprise_Full_Service,Exploring,Fleet/Maintenance Manager,Commercial airline (full-service),11-30,6-10 years,Outside GCC,Condition-based,1-2,$500K-$2M,1139499,1,0,1,0,0,0,0,0,0,1,0,1,0,0,0,5,Lack data expertise,1,1,0,1,0,0,0,0,Hybrid,$8K-$20K,14618,Hardware lease + software,C-Suite,>12 months,1,0,1,0,0,1,0,0,1,0,1,0,1,0,0,4,4,Airbus wide (A330/A350/A380),Industry event,1,1,1,1,1,1,0,1,0,0,0,0,0,Satisfied but expensive,7,0,1,1,1,1,1,0,0,3x in 12 months,AOG reduction %
UAE-1200,Enterprise_Full_Service,Warm,IT/Digital Lead,Aircraft leasing,31-80,20+ years,Outside GCC,Scheduled/calendar,1-2,$2M-$10M,5987524,1,1,1,1,0,0,0,0,0,1,1,1,1,0,0,6,Regulatory concerns,1,0,0,1,0,1,0,0,On-premise,$3K-$8K,4739,Fixed monthly SaaS,C-Suite,>12 months,1,1,1,1,1,1,1,1,1,0,0,0,1,0,1,4,4,Boeing narrow (B737),Industry event,2,2,4,4,4,0,0,0,1,0,1,0,0,Dissatisfied - hard to integrate,6,0,1,0,0,1,1,0,0,ROI not primary,Dispatch reliability %
UAE-1201,Enterprise_Full_Service,Exploring,Director/VP Operations,Commercial airline (full-service),81-200,<2 years,Other GCC,Scheduled/calendar,1-2,$10M-$50M,30751354,1,1,1,0,0,0,1,0,0,1,0,0,1,0,0,6,Lack data expertise,1,1,0,1,0,0,0,0,Hybrid,>$20K,24921,Fixed monthly SaaS,Head of Maintenance/CAMO,6-12 months,1,1,1,1,0,1,1,0,1,0,1,1,0,0,0,6,5,Airbus narrow (A320),LinkedIn/social media,2,5,3,4,4,1,0,1,1,1,1,0,0,Dissatisfied - poor accuracy,7,1,1,1,1,1,1,0,0,3x in 12 months,Dispatch reliability %
UAE-1202,Enterprise_Full_Service,Warm,C-Suite,Defence/government,81-200,6-10 years,Other GCC,Condition-based,1-2,$2M-$10M,6034270,1,1,0,1,0,1,0,0,1,1,1,0,0,1,0,7,Legacy integration,1,0,0,1,1,0,0,0,On-premise,$8K-$20K,10209,Hardware lease + software,C-Suite,>12 months,0,0,0,1,1,0,0,0,0,0,1,1,1,0,0,4,7,Airbus wide (A330/A350/A380),LinkedIn/social media,4,4,3,3,4,1,0,1,1,0,0,0,0,Dissatisfied - hard to integrate,8,0,1,0,1,0,1,1,0,2x,Dispatch reliability %
UAE-1203,Enterprise_Full_Service,Exploring,Fleet/Maintenance Manager,Commercial airline (full-service),200+,6-10 years,Dubai,Condition-based,1-2,$10M-$50M,34042100,1,0,1,1,0,1,1,0,0,1,0,0,1,1,0,5,Regulatory concerns,0,0,0,1,1,1,0,0,Hybrid,>$20K,33263,Fixed monthly SaaS,IT/Digital lead,>12 months,0,0,0,1,1,0,1,0,1,0,0,1,1,0,0,10,4,Airbus narrow (A320),Industry event,2,3,3,3,4,1,1,1,0,0,1,1,0,Dissatisfied - hard to integrate,6,0,0,1,0,1,1,0,0,ROI not primary,Component lifespan extension
UAE-1204,Enterprise_Full_Service,Exploring,Director/VP Operations,Commercial airline (full-service),81-200,11-20 years,Dubai,Predictive (some AI),1-2,$10M-$50M,36908047,1,0,0,0,1,0,0,0,1,1,0,0,0,1,0,6,Legacy integration,1,0,1,0,1,0,0,0,Full cloud (SaaS),$8K-$20K,16178,Hardware lease + software,Head of Maintenance/CAMO,>12 months,0,1,0,1,0,1,0,0,1,1,1,0,0,0,0,3,5,Boeing narrow (B737),Industry event,4,3,2,3,3,1,0,1,0,1,1,0,0,No platform,2,1,1,1,1,1,0,0,0,1.5x,Dispatch reliability %
UAE-1205,Enterprise_Full_Service,Exploring,IT/Digital Lead,Commercial airline (full-service),200+,11-20 years,Dubai,Predictive (some AI),1-2,>$50M,74967204,1,1,1,1,1,1,0,1,0,1,1,0,1,1,0,4,Regulatory concerns,1,1,0,0,0,0,0,1,Full cloud (SaaS),$8K-$20K,20615,Per-aircraft/year,C-Suite,>12 months,0,1,0,1,1,0,1,1,1,1,0,1,0,0,0,6,6,Boeing narrow (B737),Industry event,2,3,3,3,3,1,1,1,1,0,1,0,0,Dissatisfied - hard to integrate,5,1,0,0,1,1,1,0,0,ROI not primary,Component lifespan extension
UAE-1206,Enterprise_Full_Service,Exploring,MRO Engineer/Technician,Charter/private aviation,11-30,6-10 years,Abu Dhabi,Full predictive + digital twin,3-5,<$500K,241228,0,1,0,1,0,0,0,1,0,1,1,1,1,0,0,7,High upfront cost,0,0,0,0,1,0,0,1,No preference,$1K-$3K,2136,Pay-per-insight,C-Suite,6-12 months,0,0,1,1,1,1,0,1,1,1,1,0,0,0,0,7,5,Airbus wide (A330/A350/A380),LinkedIn/social media,4,3,3,4,4,1,1,1,0,0,0,0,0,Dissatisfied - hard to integrate,7,1,1,1,1,1,1,0,0,2x,Unscheduled maintenance reduction
UAE-1207,Enterprise_Full_Service,Exploring,Director/VP Operations,Commercial airline (full-service),31-80,6-10 years,Abu Dhabi,Scheduled/calendar,1-2,$10M-$50M,28918206,1,1,0,0,1,0,0,0,1,1,1,1,0,1,0,6,Regulatory concerns,0,1,1,0,1,0,0,0,Full cloud (SaaS),$1K-$3K,1929,Outcome-based,IT/Digital lead,3-6 months,1,1,1,0,1,1,0,0,1,1,1,0,0,0,0,6,3,Airbus wide (A330/A350/A380),Email invite,3,4,3,4,2,1,0,1,1,1,0,0,0,Dissatisfied - poor support,5,0,1,1,1,0,0,0,0,3x in 12 months,Dispatch reliability %
UAE-1208,Enterprise_Full_Service,Warm,Fleet/Maintenance Manager,Low-cost carrier,11-30,20+ years,Outside GCC,Condition-based,3-5,$500K-$2M,1204753,0,0,0,0,0,0,0,1,0,0,0,0,0,1,0,6,Legacy integration,1,1,0,1,0,0,0,0,Full cloud (SaaS),$1K-$3K,2007,Pay-per-insight,Procurement/Finance,3-6 months,0,1,1,1,1,1,0,0,0,0,1,1,1,0,0,4,6,Airbus narrow (A320),Email invite,3,2,3,4,4,1,1,1,1,0,1,0,0,Dissatisfied - poor support,6,1,0,0,0,0,1,0,1,2x,Cost saved per aircraft/yr
UAE-1209,Enterprise_Full_Service,Hot,MRO Engineer/Technician,Commercial airline (full-service),200+,20+ years,Abu Dhabi,Full predictive + digital twin,0,$10M-$50M,27021291,1,0,1,1,1,0,0,0,0,0,1,0,1,1,0,8,High upfront cost,1,1,1,0,0,0,0,0,Full cloud (SaaS),$8K-$20K,18303,Hardware lease + software,C-Suite,1-3 months,1,1,1,0,0,0,0,1,1,0,0,0,1,1,0,4,9,Boeing narrow (B737),Word of mouth,4,4,4,4,4,0,1,0,1,0,1,0,0,Very satisfied,4,0,1,1,1,1,1,0,0,3x in 12 months,Cost saved per aircraft/yr
UAE-1210,Enterprise_Full_Service,Exploring,IT/Digital Lead,Commercial airline (full-service),81-200,6-10 years,Other GCC,Predictive (some AI),6-10,$10M-$50M,23239806,1,1,1,1,0,0,0,0,1,1,1,1,0,1,0,5,Lack data expertise,1,1,0,1,0,0,0,0,Hybrid,$8K-$20K,14173,Outcome-based,C-Suite,6-12 months,1,1,1,1,0,1,0,0,0,1,1,1,0,0,0,5,5,Airbus wide (A330/A350/A380),LinkedIn/social media,2,3,2,3,5,0,1,0,0,1,1,0,0,Dissatisfied - poor accuracy,3,1,1,0,1,1,1,0,0,2x,Component lifespan extension
UAE-1211,Enterprise_Full_Service,Exploring,MRO Engineer/Technician,Commercial airline (full-service),81-200,20+ years,Dubai,Condition-based,0,$10M-$50M,27352469,1,1,0,1,0,1,1,1,1,1,1,0,1,1,1,6,Regulatory concerns,1,0,0,1,0,1,0,0,No preference,$3K-$8K,6139,Outcome-based,C-Suite,6-12 months,1,1,1,1,1,1,1,1,1,0,1,1,0,0,0,4,5,Boeing narrow (B737),Aviation publication,3,5,3,4,3,1,0,0,0,0,1,0,0,Satisfied but expensive,4,1,0,0,1,1,1,0,0,5x+,AOG reduction %
UAE-1212,Enterprise_Full_Service,Warm,Fleet/Maintenance Manager,Commercial airline (full-service),1-10,6-10 years,Abu Dhabi,Condition-based,1-2,$10M-$50M,26284039,0,0,0,0,1,0,0,0,1,1,1,0,1,1,0,9,Lack data expertise,1,1,1,0,0,0,0,0,No preference,>$20K,51473,Per-aircraft/year,IT/Digital lead,6-12 months,1,1,1,1,1,1,1,1,1,0,0,1,0,0,0,5,8,Boeing narrow (B737),LinkedIn/social media,2,4,3,4,3,1,0,1,0,0,1,0,0,Dissatisfied - poor accuracy,4,1,0,1,1,1,1,1,0,ROI not primary,Unscheduled maintenance reduction
UAE-1213,Enterprise_Full_Service,Warm,MRO Engineer/Technician,Commercial airline (full-service),200+,6-10 years,Dubai,Condition-based,1-2,$500K-$2M,1341658,1,0,1,1,1,1,1,1,1,1,0,1,1,1,0,10,Regulatory concerns,1,0,1,0,1,0,0,0,Hybrid,$8K-$20K,16528,Per-aircraft/year,C-Suite,3-6 months,0,1,0,1,1,1,1,1,1,0,0,1,1,0,0,6,6,Airbus wide (A330/A350/A380),Email invite,3,2,2,2,3,0,1,1,0,1,1,0,0,Dissatisfied - poor support,5,1,0,0,1,1,0,0,0,2x,Dispatch reliability %
UAE-1214,Enterprise_Full_Service,Hot,MRO Engineer/Technician,Defence/government,81-200,11-20 years,Dubai,Predictive (some AI),10+,$2M-$10M,5842177,0,1,1,1,0,0,0,1,1,0,0,1,1,1,0,7,Lack data expertise,0,1,1,1,0,0,0,0,On-premise,$3K-$8K,5858,Per-aircraft/year,Joint committee,1-3 months,1,1,0,1,1,1,0,0,0,1,1,1,0,0,0,3,7,Boeing narrow (B737),Aviation publication,2,3,2,4,4,0,1,0,0,0,0,0,0,Dissatisfied - poor accuracy,7,0,1,0,1,0,1,1,0,3x in 12 months,AOG reduction %
UAE-1215,Enterprise_Full_Service,Warm,IT/Digital Lead,Commercial airline (full-service),200+,6-10 years,Dubai,Condition-based,6-10,$10M-$50M,33406287,1,0,0,0,0,0,0,1,1,1,1,1,1,1,0,7,Legacy integration,0,1,1,0,0,1,0,0,Full cloud (SaaS),$3K-$8K,4983,Fixed monthly SaaS,IT/Digital lead,3-6 months,1,1,0,1,1,1,1,0,0,1,1,1,0,0,0,3,4,Airbus narrow (A320),LinkedIn/social media,4,3,2,3,3,0,0,1,0,0,1,0,0,Very satisfied,6,0,1,1,1,0,1,0,0,3x in 12 months,Cost saved per aircraft/yr
UAE-1216,Enterprise_Full_Service,Warm,Fleet/Maintenance Manager,Commercial airline (full-service),200+,11-20 years,Abu Dhabi,Condition-based,1-2,>$50M,87009013,0,1,0,0,0,1,0,0,1,0,1,0,0,1,0,7,High upfront cost,1,0,0,1,1,0,0,0,Full cloud (SaaS),>$20K,16647,Per-aircraft/year,Head of Maintenance/CAMO,>12 months,0,1,0,1,1,0,0,0,1,0,1,1,0,0,0,4,6,Airbus wide (A330/A350/A380),Word of mouth,3,3,3,4,3,1,1,0,1,0,0,0,0,Dissatisfied - hard to integrate,6,1,0,1,1,1,1,0,0,3x in 12 months,Unscheduled maintenance reduction
UAE-1217,Enterprise_Full_Service,Warm,MRO Engineer/Technician,Commercial airline (full-service),200+,20+ years,Dubai,Condition-based,6-10,$10M-$50M,28065752,1,0,1,0,0,1,1,1,0,1,1,0,1,1,0,7,Lack data expertise,1,0,1,1,0,0,0,0,Full cloud (SaaS),$3K-$8K,6866,Fixed monthly SaaS,C-Suite,6-12 months,1,1,1,1,1,1,0,0,1,0,1,0,1,0,0,5,7,Airbus narrow (A320),LinkedIn/social media,4,3,3,3,4,1,1,0,0,1,1,0,0,Satisfied but expensive,5,1,0,1,1,0,0,0,0,3x in 12 months,Cost saved per aircraft/yr
UAE-1218,Enterprise_Full_Service,Exploring,Fleet/Maintenance Manager,Low-cost carrier,200+,20+ years,Dubai,Condition-based,3-5,>$50M,93873946,1,0,0,0,1,0,0,1,0,1,1,0,1,1,0,6,Lack data expertise,0,0,0,1,1,1,0,0,On-premise,$8K-$20K,12411,Per-aircraft/year,C-Suite,>12 months,0,1,0,1,0,1,0,0,1,1,0,0,1,0,0,7,4,Airbus wide (A330/A350/A380),Aviation publication,4,2,3,4,4,1,0,0,1,0,1,0,0,Satisfied but expensive,4,1,1,1,0,1,0,0,0,3x in 12 months,Dispatch reliability %
UAE-1219,Enterprise_Full_Service,Warm,Director/VP Operations,Commercial airline (full-service),200+,11-20 years,Abu Dhabi,Scheduled/calendar,3-5,$10M-$50M,27367215,1,1,0,0,0,0,1,0,1,1,1,1,0,1,0,9,High upfront cost,1,1,1,0,0,0,0,0,Full cloud (SaaS),$1K-$3K,1621,Fixed monthly SaaS,IT/Digital lead,>12 months,1,1,1,0,1,0,1,0,0,1,0,1,1,0,0,3,6,Airbus narrow (A320),Industry event,3,2,3,3,3,1,1,0,0,0,1,0,0,Dissatisfied - poor accuracy,9,1,0,1,1,0,1,0,0,3x in 12 months,Cost saved per aircraft/yr
UAE-1220,Enterprise_Full_Service,Hot,MRO Engineer/Technician,Commercial airline (full-service),31-80,11-20 years,Dubai,Condition-based,0,$500K-$2M,1336151,1,0,1,1,0,0,0,1,0,0,1,0,1,0,0,6,Legacy integration,1,1,1,0,0,0,0,0,Hybrid,$3K-$8K,5914,Per-aircraft/year,Head of Maintenance/CAMO,6-12 months,1,1,1,1,0,1,1,1,0,1,1,0,1,0,0,4,9,Airbus wide (A330/A350/A380),LinkedIn/social media,3,4,1,3,4,1,0,0,0,1,1,0,0,Dissatisfied - poor support,6,0,0,1,1,1,1,0,0,1.5x,AOG reduction %
UAE-1221,Enterprise_Full_Service,Warm,Fleet/Maintenance Manager,Commercial airline (full-service),81-200,20+ years,Other GCC,Scheduled/calendar,10+,>$50M,64742449,1,0,1,1,0,0,0,0,0,1,0,1,0,1,0,8,High upfront cost,1,1,1,0,0,0,0,0,Full cloud (SaaS),$3K-$8K,4882,Pay-per-insight,IT/Digital lead,6-12 months,0,1,1,1,0,1,1,0,1,0,0,0,0,1,0,4,7,Boeing narrow (B737),Aviation publication,4,2,2,4,3,0,1,1,0,0,1,0,0,Dissatisfied - poor support,5,0,0,0,1,0,1,1,0,2x,Unscheduled maintenance reduction
UAE-1222,Enterprise_Full_Service,Hot,Procurement/Finance,Commercial airline (full-service),200+,20+ years,Other GCC,Condition-based,3-5,>$50M,86707227,0,0,0,1,0,0,1,0,0,1,0,0,1,1,0,8,High upfront cost,1,0,1,0,1,0,0,0,On-premise,$8K-$20K,15023,Outcome-based,Procurement/Finance,6-12 months,1,1,1,0,0,1,1,1,1,1,1,0,0,0,0,1,10,Boeing narrow (B737),LinkedIn/social media,1,4,3,3,4,0,0,0,1,0,1,0,0,Dissatisfied - poor support,5,1,1,0,1,1,1,0,0,2x,AOG reduction %
UAE-1223,Enterprise_Full_Service,Exploring,MRO Engineer/Technician,Aircraft leasing,81-200,20+ years,Dubai,Predictive (some AI),0,$10M-$50M,30280942,1,0,0,1,1,0,0,0,1,1,0,1,1,1,0,5,Lack data expertise,1,1,1,0,0,0,0,0,Hybrid,$3K-$8K,8654,Fixed monthly SaaS,Head of Maintenance/CAMO,6-12 months,1,0,0,0,1,1,1,1,1,0,1,0,1,0,0,8,5,Airbus narrow (A320),LinkedIn/social media,3,3,2,4,4,1,0,1,1,0,1,0,0,Dissatisfied - hard to integrate,4,0,1,0,0,1,0,1,0,Strategic value,AOG reduction %
UAE-1224,Enterprise_Full_Service,Warm,Procurement/Finance,Independent MRO,81-200,11-20 years,Dubai,Condition-based,3-5,$2M-$10M,6073012,1,0,1,0,1,0,0,1,0,1,0,0,1,1,0,6,High upfront cost,1,0,1,1,0,0,0,0,No preference,$1K-$3K,2054,Hardware lease + software,Head of Maintenance/CAMO,3-6 months,1,1,1,1,1,1,1,0,1,1,0,0,1,0,0,3,6,Airbus wide (A330/A350/A380),Aviation publication,4,3,3,4,4,1,1,1,0,0,0,0,0,Dissatisfied - poor accuracy,4,1,0,1,1,0,0,1,0,3x in 12 months,Cost saved per aircraft/yr
UAE-1225,Enterprise_Full_Service,Not Interested,Director/VP Operations,Commercial airline (full-service),81-200,20+ years,Dubai,Condition-based,3-5,$10M-$50M,31172952,1,0,1,1,0,1,0,1,0,1,0,1,0,1,0,6,Legacy integration,1,1,0,1,0,0,0,0,On-premise,$8K-$20K,15445,Per-aircraft/year,Procurement/Finance,6-12 months,1,1,1,1,1,1,1,1,1,1,1,0,0,0,0,8,2,Airbus wide (A330/A350/A380),Aviation publication,4,4,1,3,4,1,0,1,1,1,1,0,0,Dissatisfied - hard to integrate,3,1,0,1,0,0,0,0,0,1.5x,Audit pass rate
UAE-1226,Enterprise_Full_Service,Warm,MRO Engineer/Technician,Commercial airline (full-service),31-80,11-20 years,Abu Dhabi,Scheduled/calendar,6-10,$10M-$50M,31806923,1,0,1,0,0,0,0,1,1,1,0,0,1,1,0,7,Cybersecurity,1,1,0,0,1,0,0,0,Hybrid,>$20K,22979,Pay-per-insight,C-Suite,1-3 months,0,1,1,1,0,1,0,1,0,0,1,0,1,1,0,5,6,Boeing narrow (B737),Email invite,5,3,4,4,3,1,1,0,0,0,0,0,0,Dissatisfied - hard to integrate,7,0,0,0,0,0,0,1,0,2x,AOG reduction %
UAE-1227,Enterprise_Full_Service,Warm,MRO Engineer/Technician,Commercial airline (full-service),200+,2-5 years,Other GCC,Scheduled/calendar,3-5,$10M-$50M,32545823,0,0,0,0,1,1,1,1,0,1,0,0,1,1,0,7,High upfront cost,0,0,1,1,0,0,1,0,Full cloud (SaaS),>$20K,29342,Per-aircraft/year,Joint committee,>12 months,1,0,1,1,0,0,0,1,1,0,0,0,1,1,0,4,5,Boeing narrow (B737),LinkedIn/social media,4,3,3,4,4,0,1,1,0,0,0,0,0,Satisfied but expensive,3,1,0,1,0,1,1,0,0,Strategic value,Cost saved per aircraft/yr
UAE-1228,Enterprise_Full_Service,Warm,Procurement/Finance,Commercial airline (full-service),1-10,20+ years,Dubai,Predictive (some AI),6-10,$500K-$2M,1491172,1,0,0,0,1,1,0,0,1,1,1,0,1,0,0,7,Regulatory concerns,1,1,1,0,0,0,0,0,Full cloud (SaaS),$8K-$20K,13489,Outcome-based,C-Suite,>12 months,1,1,1,1,1,0,1,0,1,1,1,0,0,0,0,5,6,Boeing wide (B777/B787),Word of mouth,4,3,3,5,4,0,1,0,1,1,1,0,0,Dissatisfied - hard to integrate,5,1,1,1,1,1,0,1,0,1.5x,AOG reduction %
UAE-1229,Enterprise_Full_Service,Warm,MRO Engineer/Technician,Commercial airline (full-service),81-200,6-10 years,Sharjah/Northern Emirates,Condition-based,1-2,$500K-$2M,1039456,1,0,0,1,1,0,0,1,0,1,1,0,0,0,0,9,Legacy integration,1,0,0,1,0,0,0,1,Full cloud (SaaS),$8K-$20K,13400,Per-aircraft/year,C-Suite,>12 months,1,1,1,1,1,1,1,0,1,1,0,0,1,0,0,4,4,Boeing wide (B777/B787),Email invite,3,3,2,4,3,1,1,0,0,0,0,0,0,No platform,10,1,1,0,1,0,1,1,0,2x,AOG reduction %
UAE-1230,Enterprise_Full_Service,Warm,Fleet/Maintenance Manager,Commercial airline (full-service),1-10,2-5 years,Sharjah/Northern Emirates,Scheduled/calendar,0,>$50M,68594686,0,0,1,0,0,0,0,1,1,1,0,0,1,1,0,7,Cybersecurity,1,0,1,1,0,0,0,0,Hybrid,>$20K,55957,Pay-per-insight,IT/Digital lead,3-6 months,1,0,1,1,0,0,0,1,0,0,1,0,0,1,1,6,6,Airbus narrow (A320),LinkedIn/social media,3,3,2,4,5,1,0,0,1,0,0,0,0,No platform,6,1,1,0,1,0,1,1,0,3x in 12 months,Cost saved per aircraft/yr
UAE-1231,Enterprise_Full_Service,Exploring,Fleet/Maintenance Manager,Commercial airline (full-service),81-200,11-20 years,Dubai,Full predictive + digital twin,0,$10M-$50M,32870542,0,0,1,0,0,0,0,0,0,1,1,0,0,1,0,6,Regulatory concerns,0,0,0,0,1,1,1,0,On-premise,$3K-$8K,7192,Hardware lease + software,C-Suite,1-3 months,1,1,1,1,0,1,1,1,0,1,1,1,0,0,0,8,5,Boeing narrow (B737),Word of mouth,4,2,3,3,3,1,1,1,1,0,0,0,1,Dissatisfied - poor accuracy,1,1,1,0,1,1,0,0,0,3x in 12 months,Unscheduled maintenance reduction
UAE-1232,Enterprise_Full_Service,Exploring,Procurement/Finance,Commercial airline (full-service),200+,11-20 years,Abu Dhabi,Condition-based,0,$10M-$50M,31806433,1,0,0,0,0,0,0,1,0,1,1,0,1,1,0,4,Legacy integration,1,1,0,1,0,0,0,0,No preference,>$20K,33600,Pay-per-insight,Procurement/Finance,>12 months,1,0,1,1,1,1,0,1,1,0,1,1,0,0,0,7,5,Airbus wide (A330/A350/A380),LinkedIn/social media,2,4,4,4,4,1,1,0,1,1,0,0,0,Dissatisfied - poor support,6,1,0,0,1,1,1,0,0,2x,Unscheduled maintenance reduction
UAE-1233,Enterprise_Full_Service,Not Interested,MRO Engineer/Technician,Commercial airline (full-service),81-200,20+ years,Other GCC,Scheduled/calendar,1-2,$10M-$50M,27638990,1,0,1,1,1,0,0,1,1,0,1,0,0,1,0,6,High upfront cost,0,0,1,0,1,1,0,0,Full cloud (SaaS),$8K-$20K,10204,Hardware lease + software,Head of Maintenance/CAMO,>12 months,0,0,1,1,1,1,0,0,0,1,1,1,0,0,0,7,1,Boeing narrow (B737),Aviation publication,3,3,3,4,4,1,1,0,0,1,1,0,0,No platform,3,1,1,1,1,1,1,0,0,ROI not primary,Unscheduled maintenance reduction
UAE-1234,Enterprise_Full_Service,Hot,MRO Engineer/Technician,Low-cost carrier,200+,6-10 years,Dubai,Condition-based,3-5,$2M-$10M,5664693,0,0,1,0,1,0,0,1,0,1,0,0,1,1,0,6,High upfront cost,1,0,1,1,0,0,0,0,Full cloud (SaaS),>$20K,24678,Hardware lease + software,C-Suite,1-3 months,0,1,1,1,0,1,0,1,1,1,1,0,0,0,0,4,7,Boeing narrow (B737),Word of mouth,3,2,3,3,4,0,1,1,0,1,0,0,0,Dissatisfied - poor accuracy,4,1,1,1,1,0,1,0,0,2x,AOG reduction %
UAE-1235,Enterprise_Full_Service,Exploring,MRO Engineer/Technician,Commercial airline (full-service),200+,20+ years,Abu Dhabi,Condition-based,1-2,>$50M,76176100,1,1,0,0,1,0,1,0,0,1,1,1,1,0,0,5,Cybersecurity,1,1,1,0,0,0,0,0,Hybrid,$8K-$20K,18213,Hardware lease + software,Joint committee,3-6 months,0,1,0,1,0,1,1,0,0,1,0,1,1,0,0,7,2,Boeing narrow (B737),Industry event,2,3,2,2,4,1,0,0,0,0,1,0,0,No platform,7,1,0,0,1,1,1,1,0,Strategic value,AOG reduction %
UAE-1236,Enterprise_Full_Service,Hot,IT/Digital Lead,Commercial airline (full-service),200+,6-10 years,Other GCC,Condition-based,1-2,$10M-$50M,32344395,1,0,1,1,0,1,0,1,0,1,1,1,1,1,1,6,High upfront cost,1,0,1,0,0,0,1,0,Full cloud (SaaS),>$20K,30155,Pay-per-insight,Head of Maintenance/CAMO,6-12 months,1,1,1,1,1,1,0,1,0,1,1,1,0,0,0,2,8,Boeing narrow (B737),Industry event,3,4,2,5,4,1,1,1,1,1,1,0,0,Satisfied but expensive,5,1,0,0,1,1,1,0,0,3x in 12 months,Component lifespan extension
UAE-1237,Enterprise_Full_Service,Warm,MRO Engineer/Technician,Commercial airline (full-service),81-200,11-20 years,Other GCC,Condition-based,1-2,$2M-$10M,6150302,1,1,0,1,0,0,1,0,0,1,1,0,0,1,0,8,High upfront cost,1,1,0,1,0,0,0,0,On-premise,>$20K,34888,Hardware lease + software,Procurement/Finance,3-6 months,1,1,0,1,0,0,1,1,0,1,1,0,1,0,0,5,5,Airbus wide (A330/A350/A380),Industry event,3,4,4,4,4,1,0,0,0,1,0,0,0,Satisfied but expensive,7,1,0,1,0,0,1,0,0,5x+,Dispatch reliability %
UAE-1238,Enterprise_Full_Service,Exploring,Fleet/Maintenance Manager,Independent MRO,11-30,6-10 years,Outside GCC,Scheduled/calendar,6-10,$2M-$10M,7042879,1,0,1,1,0,0,0,1,0,1,1,0,1,1,0,4,Lack data expertise,0,0,1,1,0,1,0,0,Full cloud (SaaS),$8K-$20K,10585,Fixed monthly SaaS,C-Suite,6-12 months,0,0,1,0,0,0,1,1,1,0,0,1,1,0,0,6,3,Airbus wide (A330/A350/A380),LinkedIn/social media,2,2,5,4,4,1,1,1,1,0,0,0,0,No platform,4,1,1,0,0,1,1,0,0,2x,AOG reduction %
UAE-1239,Enterprise_Full_Service,Not Interested,Director/VP Operations,Commercial airline (full-service),31-80,20+ years,Dubai,Condition-based,1-2,>$50M,54257779,1,0,0,1,0,0,1,0,1,1,1,0,1,1,0,4,Regulatory concerns,1,1,1,0,0,0,0,0,On-premise,$3K-$8K,6923,Outcome-based,IT/Digital lead,6-12 months,0,1,0,0,0,1,1,1,0,0,1,0,1,1,0,8,2,Airbus wide (A330/A350/A380),LinkedIn/social media,4,3,4,3,4,1,0,0,0,0,1,0,0,Satisfied but expensive,6,1,0,1,1,0,1,0,0,2x,Unscheduled maintenance reduction
UAE-1240,Enterprise_Full_Service,Exploring,Director/VP Operations,Commercial airline (full-service),200+,20+ years,Dubai,Predictive (some AI),3-5,>$50M,54873242,1,1,0,0,0,0,1,0,0,0,1,0,1,1,0,4,Legacy integration,1,1,0,1,0,0,0,0,No preference,$8K-$20K,9501,Fixed monthly SaaS,Procurement/Finance,3-6 months,0,1,1,1,1,0,1,0,1,1,0,0,0,0,1,8,4,Airbus wide (A330/A350/A380),LinkedIn/social media,2,3,2,3,5,1,0,0,0,1,1,0,0,Dissatisfied - poor support,6,1,0,1,1,0,0,0,1,1.5x,AOG reduction %
UAE-1241,Enterprise_Full_Service,Hot,Fleet/Maintenance Manager,Commercial airline (full-service),200+,11-20 years,Abu Dhabi,Predictive (some AI),1-2,$10M-$50M,28679558,0,0,1,1,0,1,1,0,0,0,1,0,1,1,0,7,Lack data expertise,1,0,0,0,1,1,0,0,On-premise,$3K-$8K,4001,Per-aircraft/year,C-Suite,<1 month,1,0,1,1,0,1,1,1,0,0,0,1,1,1,0,1,10,Boeing wide (B777/B787),LinkedIn/social media,3,3,1,3,4,1,0,1,0,0,1,0,0,Dissatisfied - poor accuracy,6,0,0,1,1,0,0,0,1,3x in 12 months,AOG reduction %
UAE-1242,Enterprise_Full_Service,Warm,Fleet/Maintenance Manager,Commercial airline (full-service),31-80,11-20 years,Other GCC,Predictive (some AI),3-5,$10M-$50M,37890188,1,1,1,1,1,0,0,1,1,1,1,0,0,1,0,9,Cybersecurity,1,1,0,1,0,0,0,0,On-premise,$1K-$3K,1916,Per-aircraft/year,Head of Maintenance/CAMO,3-6 months,1,0,0,1,1,0,1,1,0,1,1,1,0,0,0,5,6,Boeing wide (B777/B787),Word of mouth,5,4,3,4,5,1,1,1,0,0,1,0,0,Dissatisfied - poor accuracy,6,1,1,1,1,1,1,0,0,2x,Cost saved per aircraft/yr
UAE-1243,Enterprise_Full_Service,Not Interested,MRO Engineer/Technician,Aircraft leasing,31-80,2-5 years,Dubai,Scheduled/calendar,1-2,$10M-$50M,37013826,1,0,1,0,0,0,0,0,0,1,0,0,1,0,0,2,High upfront cost,1,0,0,1,1,0,0,0,On-premise,$3K-$8K,5956,Fixed monthly SaaS,C-Suite,1-3 months,1,1,1,1,1,1,1,0,0,0,0,0,1,0,1,7,4,Airbus wide (A330/A350/A380),Email invite,4,3,4,5,4,1,0,0,1,0,0,0,0,Very satisfied,9,1,0,0,1,1,1,1,0,3x in 12 months,Cost saved per aircraft/yr
UAE-1244,Enterprise_Full_Service,Warm,MRO Engineer/Technician,Low-cost carrier,31-80,6-10 years,Dubai,Predictive (some AI),6-10,$10M-$50M,29858964,1,0,1,0,1,0,0,1,0,1,0,1,1,1,0,7,Lack data expertise,1,0,0,1,1,0,0,0,No preference,$8K-$20K,16181,Per-aircraft/year,Head of Maintenance/CAMO,6-12 months,1,0,0,1,0,0,0,1,0,0,0,1,1,1,0,4,6,Airbus wide (A330/A350/A380),Aviation publication,4,3,2,4,3,1,1,0,0,1,1,0,0,Very satisfied,7,1,0,0,1,0,1,0,0,Strategic value,Component lifespan extension
UAE-1245,Enterprise_Full_Service,Exploring,IT/Digital Lead,Commercial airline (full-service),31-80,20+ years,Dubai,Condition-based,6-10,<$500K,276107,1,1,0,1,0,0,0,0,1,0,0,0,1,1,0,6,Lack data expertise,1,1,0,0,0,1,0,0,Hybrid,$8K-$20K,16286,Pay-per-insight,Head of Maintenance/CAMO,6-12 months,0,1,1,1,1,1,1,0,1,1,1,0,0,0,0,8,3,Boeing wide (B777/B787),Aviation publication,4,4,2,5,3,1,1,0,1,0,1,0,0,Dissatisfied - poor support,4,1,0,1,0,1,0,1,0,Strategic value,Cost saved per aircraft/yr
UAE-1246,Enterprise_Full_Service,Warm,MRO Engineer/Technician,Commercial airline (full-service),31-80,<2 years,Dubai,Predictive (some AI),6-10,$500K-$2M,1305537,1,1,1,1,1,0,0,0,0,1,1,0,1,1,0,8,Legacy integration,0,0,1,0,1,0,1,0,On-premise,$3K-$8K,6402,Per-aircraft/year,Procurement/Finance,3-6 months,1,1,1,1,0,1,1,1,1,0,1,0,0,0,1,3,7,Airbus narrow (A320),Email invite,3,2,2,3,4,1,1,0,1,1,1,0,0,Dissatisfied - poor accuracy,7,1,0,0,1,0,0,1,0,Strategic value,Audit pass rate
UAE-1247,Enterprise_Full_Service,Hot,IT/Digital Lead,Commercial airline (full-service),200+,11-20 years,Abu Dhabi,Condition-based,10+,$500K-$2M,973773,1,0,1,1,1,1,0,1,1,1,0,0,1,1,0,8,High upfront cost,1,1,1,0,0,0,0,0,No preference,$3K-$8K,4335,Per-aircraft/year,Head of Maintenance/CAMO,>12 months,1,0,1,1,0,0,1,0,1,1,0,1,0,0,0,4,7,Airbus wide (A330/A350/A380),Word of mouth,2,4,2,4,2,1,1,1,1,1,1,0,0,Very satisfied,7,0,1,1,1,1,1,1,0,ROI not primary,AOG reduction %
UAE-1248,Enterprise_Full_Service,Warm,C-Suite,Low-cost carrier,81-200,6-10 years,Other GCC,Scheduled/calendar,3-5,>$50M,84235220,0,1,1,0,0,0,0,0,1,0,0,0,0,1,0,7,Legacy integration,1,1,1,0,0,0,0,0,Full cloud (SaaS),$3K-$8K,3987,Hardware lease + software,IT/Digital lead,6-12 months,1,1,0,1,0,1,0,1,1,0,0,1,0,1,0,6,5,Airbus wide (A330/A350/A380),Aviation publication,3,5,2,4,4,1,1,1,1,0,1,0,0,Very satisfied,6,1,1,1,1,1,0,1,0,3x in 12 months,Cost saved per aircraft/yr
UAE-1249,Enterprise_Full_Service,Exploring,MRO Engineer/Technician,Commercial airline (full-service),81-200,<2 years,Dubai,Full predictive + digital twin,3-5,$10M-$50M,31269002,1,1,1,1,0,0,0,1,0,0,0,0,0,0,1,10,Legacy integration,0,1,0,1,0,0,0,1,Full cloud (SaaS),>$20K,29370,Outcome-based,Joint committee,6-12 months,1,1,1,0,1,0,1,0,0,1,1,1,0,0,0,6,6,Boeing wide (B777/B787),Aviation publication,2,4,3,4,4,0,1,1,1,1,1,0,0,No platform,5,1,0,1,0,1,0,0,1,ROI not primary,Cost saved per aircraft/yr
UAE-1250,Enterprise_Full_Service,Not Interested,Director/VP Operations,Commercial airline (full-service),81-200,2-5 years,Outside GCC,Predictive (some AI),0,$500K-$2M,899567,0,0,1,1,0,0,0,0,1,1,1,0,1,1,0,5,Cybersecurity,0,1,0,1,1,0,0,0,On-premise,$8K-$20K,11502,Outcome-based,C-Suite,6-12 months,1,1,1,1,1,1,1,0,0,1,0,1,0,0,1,6,1,Airbus wide (A330/A350/A380),LinkedIn/social media,3,3,1,4,5,0,0,1,1,1,1,0,0,Dissatisfied - poor support,6,1,0,0,0,0,0,0,0,2x,AOG reduction %
UAE-1251,Enterprise_Full_Service,Warm,IT/Digital Lead,Independent MRO,81-200,<2 years,Outside GCC,Condition-based,3-5,$10M-$50M,29086842,1,0,1,1,1,1,1,1,0,0,0,0,0,0,1,9,High upfront cost,0,1,1,1,0,0,0,0,On-premise,$3K-$8K,5083,Outcome-based,Head of Maintenance/CAMO,3-6 months,0,0,1,1,1,1,1,0,1,1,0,1,0,0,0,5,6,Boeing narrow (B737),Industry event,3,4,2,4,3,1,1,1,0,0,1,1,0,No platform,8,1,0,0,1,1,0,0,1,2x,Dispatch reliability %
UAE-1252,Enterprise_Full_Service,Hot,C-Suite,Commercial airline (full-service),81-200,<2 years,Other GCC,Predictive (some AI),10+,>$50M,78834726,1,0,1,1,0,0,0,0,1,1,1,1,1,1,0,7,Cybersecurity,1,1,1,0,0,0,0,0,Hybrid,>$20K,26751,Per-aircraft/year,C-Suite,3-6 months,1,0,1,0,1,0,1,0,0,1,1,1,0,0,0,3,7,Airbus narrow (A320),Word of mouth,3,2,2,4,4,1,1,1,0,0,0,0,0,Dissatisfied - poor accuracy,3,0,1,0,1,0,1,0,1,3x in 12 months,AOG reduction %
UAE-1253,Enterprise_Full_Service,Hot,Director/VP Operations,Commercial airline (full-service),200+,20+ years,Abu Dhabi,Scheduled/calendar,6-10,$10M-$50M,29382547,0,1,1,0,0,0,0,1,0,1,0,1,1,0,0,8,Legacy integration,1,1,0,1,0,0,0,0,Hybrid,$8K-$20K,13589,Fixed monthly SaaS,C-Suite,3-6 months,1,1,1,1,0,1,0,1,1,1,0,1,0,0,0,2,7,Boeing wide (B777/B787),Email invite,3,3,3,5,3,0,1,0,0,0,1,0,0,Dissatisfied - poor support,5,1,1,1,0,1,1,1,0,3x in 12 months,AOG reduction %
UAE-1254,Enterprise_Full_Service,Exploring,IT/Digital Lead,Low-cost carrier,81-200,20+ years,Abu Dhabi,Reactive,0,>$50M,74418398,0,1,0,1,0,0,0,1,0,1,1,0,1,1,0,4,Legacy integration,1,0,1,0,0,0,1,0,On-premise,$3K-$8K,6587,Per-aircraft/year,IT/Digital lead,6-12 months,1,1,0,1,1,1,1,0,0,0,0,1,1,1,0,2,3,Airbus narrow (A320),LinkedIn/social media,4,3,2,4,4,0,0,1,0,0,0,0,0,Dissatisfied - poor accuracy,6,1,1,0,0,1,1,0,0,3x in 12 months,Unscheduled maintenance reduction
UAE-1255,Enterprise_Full_Service,Hot,C-Suite,Defence/government,200+,6-10 years,Dubai,Predictive (some AI),1-2,>$50M,65986270,1,0,0,0,0,0,1,0,0,1,1,0,1,1,1,8,High upfront cost,1,1,1,0,0,0,0,0,Hybrid,$8K-$20K,12986,Hardware lease + software,Joint committee,>12 months,1,1,1,0,0,1,1,0,1,1,1,0,0,0,0,4,10,Boeing narrow (B737),Word of mouth,1,3,2,5,3,0,0,0,1,0,0,0,0,Dissatisfied - poor accuracy,7,1,1,1,1,1,1,0,0,2x,Cost saved per aircraft/yr
UAE-1256,Enterprise_Full_Service,Exploring,Procurement/Finance,Commercial airline (full-service),81-200,6-10 years,Dubai,Predictive (some AI),6-10,$10M-$50M,29841074,1,0,1,1,1,1,1,1,1,1,0,0,1,0,0,4,Lack data expertise,1,1,0,1,0,0,0,0,No preference,>$20K,23352,Outcome-based,IT/Digital lead,6-12 months,1,1,1,0,0,1,1,0,1,1,0,0,1,0,0,8,5,Airbus narrow (A320),LinkedIn/social media,5,3,3,4,3,0,0,0,0,0,0,0,1,No platform,4,1,1,0,0,1,0,0,0,5x+,Dispatch reliability %
UAE-1257,Enterprise_Full_Service,Exploring,Fleet/Maintenance Manager,Commercial airline (full-service),31-80,20+ years,Other GCC,Predictive (some AI),10+,$10M-$50M,30378045,0,1,0,1,1,0,0,0,1,1,0,0,0,0,0,4,Lack data expertise,1,1,1,0,0,0,0,0,No preference,$8K-$20K,15113,Outcome-based,Head of Maintenance/CAMO,3-6 months,1,0,1,1,1,1,0,0,1,1,1,0,0,0,0,6,4,Airbus wide (A330/A350/A380),Email invite,4,3,3,5,4,0,0,0,1,1,0,0,0,Satisfied but expensive,7,0,1,1,1,1,1,0,0,3x in 12 months,Dispatch reliability %
UAE-1258,Enterprise_Full_Service,Hot,Fleet/Maintenance Manager,Low-cost carrier,200+,20+ years,Dubai,Predictive (some AI),1-2,$10M-$50M,28619903,1,1,1,0,1,0,0,1,0,1,0,0,1,1,0,7,Legacy integration,1,0,0,1,0,1,0,0,Hybrid,$3K-$8K,4194,Per-aircraft/year,IT/Digital lead,6-12 months,1,1,1,1,1,0,1,0,1,0,1,0,1,0,0,3,8,Boeing wide (B777/B787),LinkedIn/social media,3,4,2,5,4,1,0,1,0,0,1,0,0,Dissatisfied - poor accuracy,5,1,1,0,1,0,0,0,0,3x in 12 months,Cost saved per aircraft/yr
UAE-1259,Enterprise_Full_Service,Warm,IT/Digital Lead,Commercial airline (full-service),200+,20+ years,Other GCC,Scheduled/calendar,1-2,>$50M,73326792,1,0,1,0,1,0,0,0,1,1,1,0,1,1,0,8,Regulatory concerns,0,0,1,0,0,1,1,0,Hybrid,$8K-$20K,17832,Hardware lease + software,Head of Maintenance/CAMO,6-12 months,0,1,1,1,1,1,1,0,0,0,1,0,1,1,0,5,6,Airbus wide (A330/A350/A380),Aviation publication,3,4,3,4,5,1,0,1,1,0,1,0,0,Satisfied but expensive,6,0,1,0,0,1,0,0,0,Strategic value,Unscheduled maintenance reduction
UAE-1260,Enterprise_Full_Service,Warm,MRO Engineer/Technician,Commercial airline (full-service),81-200,<2 years,Dubai,Predictive (some AI),0,$10M-$50M,35116764,1,0,0,0,0,0,0,0,0,0,0,1,0,1,0,6,High upfront cost,1,0,0,0,0,1,0,1,On-premise,$8K-$20K,13482,Per-aircraft/year,Procurement/Finance,3-6 months,1,1,0,1,1,1,1,0,0,1,0,1,1,0,0,7,5,Airbus narrow (A320),LinkedIn/social media,3,3,2,4,4,0,0,0,0,1,1,0,0,Satisfied but expensive,6,1,0,0,1,1,0,0,0,2x,Unscheduled maintenance reduction
UAE-1261,Enterprise_Full_Service,Hot,Director/VP Operations,Low-cost carrier,31-80,6-10 years,Abu Dhabi,Condition-based,1-2,$500K-$2M,1490066,1,0,0,1,0,0,0,0,1,1,0,1,0,1,0,9,Legacy integration,0,1,1,0,1,0,0,0,Hybrid,$8K-$20K,11842,Per-aircraft/year,Head of Maintenance/CAMO,6-12 months,0,0,0,1,1,0,1,0,1,0,1,1,0,0,0,3,9,Boeing narrow (B737),Word of mouth,4,4,3,4,4,0,0,0,0,1,1,0,0,Very satisfied,4,1,1,0,1,1,0,1,0,2x,Cost saved per aircraft/yr
UAE-1262,Enterprise_Full_Service,Exploring,Director/VP Operations,Aircraft leasing,81-200,20+ years,Sharjah/Northern Emirates,Full predictive + digital twin,1-2,$10M-$50M,30867594,0,1,0,1,1,1,0,0,1,1,0,0,0,1,0,6,Legacy integration,1,0,1,1,0,0,0,0,Hybrid,<$1K,481,Pay-per-insight,Procurement/Finance,>12 months,1,0,1,1,0,0,0,1,1,1,1,0,0,0,0,6,4,Airbus wide (A330/A350/A380),Email invite,2,3,3,3,3,0,1,0,0,0,1,0,0,Very satisfied,4,0,1,0,0,1,1,0,0,3x in 12 months,Cost saved per aircraft/yr
UAE-1263,Enterprise_Full_Service,Hot,IT/Digital Lead,Low-cost carrier,200+,6-10 years,Abu Dhabi,Scheduled/calendar,1-2,>$50M,83597110,1,0,1,1,0,0,0,0,1,0,0,0,1,0,0,10,Legacy integration,0,1,1,1,0,0,0,0,Full cloud (SaaS),$1K-$3K,2497,Pay-per-insight,Head of Maintenance/CAMO,>12 months,1,1,1,0,1,1,1,0,1,1,1,0,0,0,0,1,9,Airbus narrow (A320),Industry event,3,3,2,4,4,0,0,1,1,0,0,0,0,No platform,5,1,0,0,0,1,1,0,1,3x in 12 months,Audit pass rate
UAE-1264,Enterprise_Full_Service,Exploring,Director/VP Operations,Commercial airline (full-service),200+,6-10 years,Dubai,Condition-based,6-10,$10M-$50M,29635181,0,0,1,1,0,1,1,0,1,1,1,0,1,1,0,5,Regulatory concerns,1,1,0,1,0,0,0,0,Full cloud (SaaS),$8K-$20K,15431,Per-aircraft/year,C-Suite,>12 months,0,1,1,0,0,1,0,1,0,0,1,0,1,1,0,8,2,Airbus narrow (A320),LinkedIn/social media,3,2,3,4,3,1,0,0,1,1,0,0,0,Dissatisfied - hard to integrate,4,1,0,1,1,1,1,0,0,ROI not primary,AOG reduction %
UAE-1265,Enterprise_Full_Service,Hot,IT/Digital Lead,Low-cost carrier,81-200,6-10 years,Other GCC,Condition-based,0,$2M-$10M,4661439,0,0,1,0,1,1,0,1,0,1,1,1,1,1,0,5,High upfront cost,0,0,0,1,0,1,0,1,Full cloud (SaaS),>$20K,27338,Hardware lease + software,Procurement/Finance,>12 months,1,0,1,0,0,1,1,0,1,1,0,1,0,0,0,2,7,Airbus narrow (A320),Word of mouth,4,2,4,5,2,0,1,0,1,1,1,0,0,Very satisfied,6,1,1,1,1,1,1,0,0,2x,Component lifespan extension
UAE-1266,Enterprise_Full_Service,Warm,Director/VP Operations,Commercial airline (full-service),200+,20+ years,Dubai,Scheduled/calendar,6-10,$10M-$50M,28201365,1,1,0,1,1,0,1,0,1,0,0,0,0,1,0,4,Regulatory concerns,1,0,1,0,1,0,0,0,Hybrid,$3K-$8K,4069,Hardware lease + software,Head of Maintenance/CAMO,6-12 months,1,0,1,1,1,1,0,0,0,0,1,1,0,0,1,6,9,Airbus wide (A330/A350/A380),Industry event,4,3,3,5,5,0,0,0,0,0,0,0,1,Dissatisfied - poor accuracy,5,1,1,0,1,0,0,1,0,2x,AOG reduction %
UAE-1267,Enterprise_Full_Service,Hot,Director/VP Operations,Commercial airline (full-service),81-200,2-5 years,Sharjah/Northern Emirates,Scheduled/calendar,0,>$50M,52500151,1,0,0,0,0,0,0,1,0,1,0,0,0,1,0,5,Legacy integration,1,0,1,1,0,0,0,0,On-premise,>$20K,34662,Pay-per-insight,IT/Digital lead,1-3 months,0,1,1,0,1,1,1,0,1,1,1,0,0,0,0,3,8,Airbus narrow (A320),Email invite,2,2,3,4,3,1,0,0,1,0,1,0,0,Dissatisfied - poor accuracy,4,1,0,0,1,1,0,0,0,1.5x,Cost saved per aircraft/yr
UAE-1268,Enterprise_Full_Service,Exploring,C-Suite,Independent MRO,31-80,20+ years,Dubai,Scheduled/calendar,3-5,$10M-$50M,26469448,0,0,0,1,1,1,0,0,0,1,0,0,0,1,0,6,High upfront cost,1,1,0,1,0,0,0,0,Full cloud (SaaS),$3K-$8K,5742,Per-aircraft/year,Joint committee,6-12 months,1,0,1,1,1,1,1,1,1,0,0,1,0,1,0,7,3,Airbus narrow (A320),Aviation publication,4,4,4,4,4,1,0,0,0,0,0,0,0,Dissatisfied - hard to integrate,7,1,1,0,0,1,1,1,0,5x+,Unscheduled maintenance reduction
UAE-1269,Enterprise_Full_Service,Warm,Procurement/Finance,Commercial airline (full-service),81-200,2-5 years,Dubai,Predictive (some AI),3-5,$10M-$50M,42311820,1,1,1,0,1,0,1,1,1,1,0,0,0,1,0,8,Lack data expertise,0,1,0,0,0,1,1,0,Full cloud (SaaS),$3K-$8K,4876,Per-aircraft/year,Joint committee,3-6 months,0,1,0,1,1,1,1,0,0,0,0,1,1,1,0,5,8,Airbus wide (A330/A350/A380),Email invite,4,3,3,3,4,1,1,0,0,1,1,0,0,Satisfied but expensive,8,1,0,0,1,0,1,1,0,3x in 12 months,AOG reduction %
UAE-1270,Enterprise_Full_Service,Warm,Director/VP Operations,Commercial airline (full-service),31-80,<2 years,Abu Dhabi,Scheduled/calendar,0,>$50M,75447743,1,1,0,0,1,0,0,1,1,1,0,0,0,1,0,6,Cybersecurity,0,0,1,1,1,0,0,0,Full cloud (SaaS),>$20K,29815,Fixed monthly SaaS,C-Suite,3-6 months,1,1,1,1,0,1,1,1,1,0,1,1,0,0,0,5,6,Boeing wide (B777/B787),LinkedIn/social media,3,3,3,4,3,1,0,0,0,0,0,0,0,Very satisfied,4,1,0,0,1,1,1,1,0,ROI not primary,Unscheduled maintenance reduction
UAE-1271,Enterprise_Full_Service,Warm,MRO Engineer/Technician,Commercial airline (full-service),200+,11-20 years,Dubai,Condition-based,1-2,>$50M,72138287,1,1,1,0,0,1,1,0,1,1,1,0,0,0,0,8,High upfront cost,1,1,1,0,0,0,0,0,Hybrid,>$20K,28746,Fixed monthly SaaS,C-Suite,3-6 months,1,1,1,1,1,0,1,0,1,1,1,0,0,0,0,4,6,Airbus wide (A330/A350/A380),Word of mouth,3,4,3,4,4,1,1,0,1,1,1,0,0,Dissatisfied - poor accuracy,7,0,1,0,1,0,1,0,0,3x in 12 months,AOG reduction %
UAE-1272,Enterprise_Full_Service,Warm,Director/VP Operations,Independent MRO,81-200,6-10 years,Dubai,Scheduled/calendar,1-2,$2M-$10M,5487332,1,1,1,1,0,0,1,1,1,1,1,0,1,1,0,8,Lack data expertise,1,1,0,0,1,0,0,0,Full cloud (SaaS),$3K-$8K,5430,Per-aircraft/year,Procurement/Finance,<1 month,1,0,1,1,1,1,0,0,1,0,0,1,0,0,0,5,5,Regional/turboprop,Word of mouth,3,4,2,3,3,1,1,1,0,0,0,0,0,Dissatisfied - poor accuracy,4,1,1,1,0,0,1,0,0,5x+,Component lifespan extension
UAE-1273,Enterprise_Full_Service,Hot,Fleet/Maintenance Manager,Commercial airline (full-service),81-200,11-20 years,Dubai,Condition-based,6-10,$10M-$50M,32678954,1,0,1,0,1,0,0,1,1,1,0,0,0,1,0,6,Legacy integration,1,0,1,1,0,0,0,0,On-premise,$8K-$20K,13249,Fixed monthly SaaS,C-Suite,>12 months,1,0,0,1,1,0,0,1,0,1,1,1,0,0,0,4,9,Airbus narrow (A320),Industry event,3,3,3,4,3,0,0,0,1,0,0,0,0,Very satisfied,9,1,1,1,1,0,0,0,0,2x,AOG reduction %
UAE-1274,Enterprise_Full_Service,Not Interested,Fleet/Maintenance Manager,Commercial airline (full-service),200+,<2 years,Abu Dhabi,Predictive (some AI),3-5,>$50M,84104747,1,1,1,1,0,0,0,1,1,1,1,1,0,1,0,8,Regulatory concerns,1,0,1,0,0,0,1,0,Hybrid,$8K-$20K,12747,Fixed monthly SaaS,IT/Digital lead,1-3 months,0,1,0,1,1,1,1,0,1,1,1,0,0,0,0,7,1,Airbus wide (A330/A350/A380),LinkedIn/social media,3,4,2,5,3,1,1,0,1,0,1,0,0,Dissatisfied - poor accuracy,4,1,0,1,1,1,1,0,0,1.5x,Audit pass rate
UAE-1275,Enterprise_Full_Service,Warm,C-Suite,Charter/private aviation,200+,11-20 years,Abu Dhabi,Scheduled/calendar,10+,$10M-$50M,28464459,1,1,1,0,1,1,1,1,1,1,0,0,1,1,0,7,High upfront cost,1,1,0,1,0,0,0,0,No preference,$8K-$20K,16326,Per-aircraft/year,Head of Maintenance/CAMO,3-6 months,1,1,0,1,1,0,1,1,1,0,1,0,1,0,0,5,5,Airbus wide (A330/A350/A380),Aviation publication,3,3,2,3,4,1,1,1,1,0,1,0,0,Satisfied but expensive,3,0,0,0,0,0,1,0,0,ROI not primary,Dispatch reliability %
UAE-1276,Enterprise_Full_Service,Warm,Procurement/Finance,Commercial airline (full-service),31-80,6-10 years,Dubai,Scheduled/calendar,3-5,$10M-$50M,37278114,1,1,1,1,0,0,1,0,0,1,1,1,1,0,0,7,Lack data expertise,0,1,0,0,1,1,0,0,Full cloud (SaaS),<$1K,430,Per-aircraft/year,IT/Digital lead,6-12 months,1,0,0,0,0,0,0,0,0,0,1,1,0,0,1,6,8,Airbus wide (A330/A350/A380),LinkedIn/social media,4,3,4,3,3,1,0,0,0,0,1,0,0,Dissatisfied - poor accuracy,4,1,0,1,1,0,1,1,1,5x+,Cost saved per aircraft/yr
UAE-1277,Enterprise_Full_Service,Exploring,MRO Engineer/Technician,Commercial airline (full-service),81-200,6-10 years,Other GCC,Predictive (some AI),1-2,>$50M,88777185,0,0,0,0,1,1,0,1,0,1,1,1,1,0,0,4,Regulatory concerns,1,0,0,1,0,1,0,0,Full cloud (SaaS),$8K-$20K,16130,Fixed monthly SaaS,Joint committee,>12 months,1,0,1,0,0,0,0,1,1,1,1,0,0,0,0,7,3,Airbus narrow (A320),Industry event,3,4,2,4,3,1,1,0,1,1,1,0,0,Satisfied but expensive,5,0,1,0,0,0,0,1,1,2x,Dispatch reliability %
UAE-1278,Enterprise_Full_Service,Exploring,MRO Engineer/Technician,Low-cost carrier,81-200,20+ years,Other GCC,Condition-based,3-5,>$50M,74480678,0,0,1,1,0,0,0,1,0,1,0,1,0,1,1,4,Lack data expertise,0,1,1,1,0,0,0,0,No preference,$8K-$20K,11579,Per-aircraft/year,Procurement/Finance,1-3 months,1,0,1,0,1,0,0,0,1,1,0,1,0,0,0,6,3,Boeing narrow (B737),Industry event,3,2,3,4,5,0,1,1,0,0,0,0,0,No platform,4,1,1,0,1,0,1,0,0,Strategic value,Cost saved per aircraft/yr
UAE-1279,Enterprise_Full_Service,Exploring,Procurement/Finance,Commercial airline (full-service),200+,20+ years,Abu Dhabi,Predictive (some AI),3-5,>$50M,99190996,1,1,1,0,1,1,0,0,0,1,0,0,1,0,0,3,High upfront cost,1,0,0,0,1,0,1,0,No preference,$8K-$20K,16730,Per-aircraft/year,C-Suite,3-6 months,0,1,1,1,0,1,1,0,0,0,1,1,1,0,0,5,3,Boeing narrow (B737),Word of mouth,3,3,3,4,3,1,1,1,1,0,1,0,0,Satisfied but expensive,4,0,0,0,1,1,1,0,0,3x in 12 months,Dispatch reliability %
UAE-1280,Enterprise_Full_Service,Warm,MRO Engineer/Technician,Commercial airline (full-service),81-200,11-20 years,Dubai,Scheduled/calendar,3-5,>$50M,64687814,1,0,1,0,1,1,0,0,0,1,0,1,1,1,0,7,Regulatory concerns,0,1,0,0,1,0,1,0,Hybrid,$8K-$20K,13470,Per-aircraft/year,IT/Digital lead,6-12 months,1,1,1,1,1,1,0,1,1,0,0,0,1,0,0,3,6,Airbus wide (A330/A350/A380),LinkedIn/social media,5,3,2,4,3,1,0,0,0,0,1,0,0,No platform,7,0,1,1,1,1,1,0,1,ROI not primary,Unscheduled maintenance reduction
UAE-1281,Enterprise_Full_Service,Warm,Fleet/Maintenance Manager,Commercial airline (full-service),31-80,<2 years,Abu Dhabi,Predictive (some AI),0,$2M-$10M,5353311,0,0,0,1,0,1,0,0,1,1,1,0,1,0,0,9,Regulatory concerns,1,1,0,1,0,0,0,0,On-premise,$3K-$8K,5841,Pay-per-insight,C-Suite,6-12 months,1,0,0,1,0,1,1,0,1,1,1,0,0,0,0,4,5,Airbus wide (A330/A350/A380),LinkedIn/social media,3,4,2,3,3,1,0,1,0,1,0,0,0,Satisfied but expensive,5,1,0,1,1,1,1,0,0,2x,Component lifespan extension
UAE-1282,Enterprise_Full_Service,Warm,MRO Engineer/Technician,Commercial airline (full-service),200+,6-10 years,Dubai,Condition-based,0,>$50M,71950015,1,1,1,0,0,0,1,1,0,1,1,0,0,1,0,5,Legacy integration,1,0,0,1,1,0,0,0,Full cloud (SaaS),$8K-$20K,12992,Fixed monthly SaaS,IT/Digital lead,3-6 months,0,1,1,1,1,0,1,1,0,1,0,1,0,1,0,4,5,Airbus wide (A330/A350/A380),Word of mouth,4,4,3,4,2,1,1,0,1,0,0,0,0,Satisfied but expensive,5,0,0,0,1,0,1,0,0,ROI not primary,Cost saved per aircraft/yr
UAE-1283,Enterprise_Full_Service,Warm,IT/Digital Lead,Low-cost carrier,31-80,20+ years,Outside GCC,Predictive (some AI),0,$500K-$2M,1438404,0,0,1,1,0,0,1,1,1,0,0,0,1,1,0,7,Legacy integration,1,0,1,0,1,0,0,0,Full cloud (SaaS),$3K-$8K,4770,Hardware lease + software,C-Suite,3-6 months,1,1,1,1,1,1,0,1,1,0,0,1,1,0,0,8,8,Airbus wide (A330/A350/A380),Aviation publication,4,4,1,3,3,1,1,0,1,0,1,0,0,Dissatisfied - poor support,5,1,0,0,0,0,0,0,0,Strategic value,AOG reduction %
UAE-1284,Enterprise_Full_Service,Not Interested,C-Suite,Commercial airline (full-service),81-200,11-20 years,Abu Dhabi,Scheduled/calendar,6-10,$10M-$50M,27795251,1,1,1,1,1,0,1,1,0,0,1,0,0,1,0,2,Legacy integration,1,1,1,0,0,0,0,0,Hybrid,$3K-$8K,5882,Fixed monthly SaaS,Procurement/Finance,>12 months,1,1,0,0,1,0,1,0,0,0,1,1,1,0,0,8,4,Boeing narrow (B737),Word of mouth,3,2,1,4,4,1,0,1,0,1,0,0,0,No platform,5,1,0,1,1,0,0,0,0,3x in 12 months,Unscheduled maintenance reduction
UAE-1285,Enterprise_Full_Service,Not Interested,C-Suite,Defence/government,200+,11-20 years,Other GCC,Predictive (some AI),6-10,>$50M,99113754,1,0,0,1,1,0,0,0,0,0,1,0,1,0,0,4,Lack data expertise,1,0,1,1,0,0,0,0,No preference,$8K-$20K,14370,Hardware lease + software,Head of Maintenance/CAMO,>12 months,1,0,1,0,1,1,0,0,1,1,0,1,0,0,0,5,2,Airbus narrow (A320),LinkedIn/social media,2,3,3,5,3,1,0,0,0,1,0,0,0,Dissatisfied - hard to integrate,6,1,0,0,1,1,1,0,0,1.5x,Cost saved per aircraft/yr
UAE-1286,Enterprise_Full_Service,Warm,MRO Engineer/Technician,Aircraft leasing,81-200,6-10 years,Dubai,Condition-based,6-10,>$50M,81342936,1,1,1,1,1,0,0,0,1,1,1,0,1,1,0,8,Lack data expertise,1,1,1,0,0,0,0,0,No preference,$8K-$20K,11819,Pay-per-insight,Joint committee,3-6 months,1,0,1,1,1,1,1,0,1,1,0,1,0,0,0,1,6,Airbus narrow (A320),LinkedIn/social media,3,3,3,4,3,1,0,0,1,0,1,0,0,Dissatisfied - hard to integrate,3,1,1,1,1,0,1,1,0,2x,Cost saved per aircraft/yr
UAE-1287,Enterprise_Full_Service,Not Interested,Procurement/Finance,Commercial airline (full-service),200+,6-10 years,Sharjah/Northern Emirates,Scheduled/calendar,10+,$500K-$2M,1038319,0,1,0,1,0,0,0,1,0,1,1,0,1,1,0,8,High upfront cost,1,1,0,0,0,1,0,0,On-premise,$1K-$3K,2260,Pay-per-insight,Head of Maintenance/CAMO,3-6 months,0,1,0,1,1,1,0,0,1,1,1,0,0,0,0,8,1,Boeing wide (B777/B787),LinkedIn/social media,3,4,2,4,3,0,0,0,0,0,1,0,0,Satisfied but expensive,8,1,1,1,1,1,1,0,0,2x,Dispatch reliability %
UAE-1288,Enterprise_Full_Service,Exploring,Fleet/Maintenance Manager,Commercial airline (full-service),31-80,2-5 years,Abu Dhabi,Condition-based,3-5,>$50M,83350745,1,1,1,1,1,1,1,1,0,0,1,0,1,1,0,6,Regulatory concerns,0,0,1,1,1,0,0,0,Full cloud (SaaS),>$20K,25054,Per-aircraft/year,Head of Maintenance/CAMO,6-12 months,1,0,1,1,1,0,1,1,1,0,1,0,1,0,0,8,4,Airbus narrow (A320),Word of mouth,3,4,2,4,4,1,0,0,1,0,0,0,0,Dissatisfied - poor accuracy,6,1,1,1,0,1,1,0,0,3x in 12 months,Dispatch reliability %
UAE-1289,Enterprise_Full_Service,Warm,Fleet/Maintenance Manager,Commercial airline (full-service),200+,20+ years,Dubai,Reactive,3-5,$10M-$50M,27971469,1,0,0,1,1,1,0,0,1,1,1,0,0,1,0,10,Regulatory concerns,1,0,0,0,1,0,1,0,Full cloud (SaaS),$3K-$8K,4218,Per-aircraft/year,Head of Maintenance/CAMO,6-12 months,0,1,1,1,0,1,0,1,1,1,1,0,0,0,0,7,8,Airbus wide (A330/A350/A380),Aviation publication,5,2,2,5,2,1,0,0,0,0,0,0,0,Dissatisfied - poor accuracy,3,0,0,0,0,1,1,1,0,Strategic value,AOG reduction %
UAE-1290,Enterprise_Full_Service,Warm,IT/Digital Lead,Low-cost carrier,81-200,6-10 years,Sharjah/Northern Emirates,Condition-based,1-2,$10M-$50M,27802614,1,1,1,0,1,1,1,0,0,1,1,1,0,0,0,7,Regulatory concerns,1,0,0,1,0,0,1,0,Hybrid,$8K-$20K,18012,Fixed monthly SaaS,Procurement/Finance,3-6 months,1,1,0,1,0,1,1,0,0,0,1,1,1,0,0,4,5,Boeing narrow (B737),Industry event,3,3,3,4,2,0,1,1,0,0,0,0,0,Dissatisfied - hard to integrate,4,1,1,0,1,1,1,0,0,5x+,Cost saved per aircraft/yr
UAE-1291,Enterprise_Full_Service,Warm,C-Suite,Aircraft leasing,81-200,11-20 years,Dubai,Predictive (some AI),3-5,$10M-$50M,36391219,0,0,1,0,0,0,0,1,0,1,0,1,1,1,0,7,Legacy integration,1,1,1,0,0,0,0,0,Full cloud (SaaS),>$20K,26374,Per-aircraft/year,Joint committee,6-12 months,1,1,0,1,0,0,1,1,1,1,1,0,0,0,0,6,5,Boeing narrow (B737),Industry event,3,3,2,4,3,1,1,0,0,0,1,0,0,Dissatisfied - poor accuracy,3,1,1,0,1,1,1,1,0,2x,AOG reduction %
UAE-1292,Enterprise_Full_Service,Warm,Director/VP Operations,Commercial airline (full-service),200+,11-20 years,Abu Dhabi,Condition-based,6-10,>$50M,77041626,1,0,0,1,0,1,0,0,0,1,0,0,1,1,0,6,Lack data expertise,1,1,1,0,0,0,0,0,Hybrid,>$20K,28834,Per-aircraft/year,Joint committee,6-12 months,0,1,0,1,0,1,1,0,0,1,0,0,1,0,1,7,6,Boeing wide (B777/B787),Industry event,2,3,2,4,3,1,0,0,1,0,1,0,0,No platform,8,0,1,1,1,1,1,0,0,Strategic value,Component lifespan extension
UAE-1293,Enterprise_Full_Service,Warm,Procurement/Finance,Commercial airline (full-service),81-200,11-20 years,Other GCC,Condition-based,3-5,>$50M,88083632,1,1,1,0,0,0,0,0,0,1,1,1,1,0,0,7,Legacy integration,1,0,0,1,1,0,0,0,Hybrid,$8K-$20K,15803,Per-aircraft/year,Head of Maintenance/CAMO,3-6 months,1,1,1,1,0,1,1,1,1,1,1,0,0,0,0,4,6,Airbus narrow (A320),Email invite,3,4,4,4,4,1,1,1,1,0,1,0,0,Dissatisfied - poor accuracy,7,0,1,1,1,1,1,0,0,5x+,Cost saved per aircraft/yr
UAE-1294,Enterprise_Full_Service,Hot,Fleet/Maintenance Manager,Low-cost carrier,31-80,20+ years,Sharjah/Northern Emirates,Predictive (some AI),10+,$10M-$50M,32480651,1,0,1,1,1,0,0,1,0,1,0,0,1,1,0,6,Cybersecurity,0,0,0,1,1,1,0,0,Hybrid,$3K-$8K,7183,Per-aircraft/year,IT/Digital lead,6-12 months,1,1,1,1,1,0,0,0,1,1,1,0,0,0,0,5,8,Boeing wide (B777/B787),Word of mouth,3,3,3,4,3,1,1,0,1,0,1,0,0,No platform,6,1,0,0,1,1,1,0,1,1.5x,Cost saved per aircraft/yr
UAE-1295,Enterprise_Full_Service,Exploring,MRO Engineer/Technician,Low-cost carrier,200+,6-10 years,Abu Dhabi,Condition-based,0,$10M-$50M,32481464,1,1,1,0,1,0,1,0,0,1,0,0,1,1,0,6,High upfront cost,0,1,1,1,0,0,0,0,Full cloud (SaaS),$3K-$8K,5845,Per-aircraft/year,C-Suite,1-3 months,1,1,1,1,1,0,0,0,0,1,1,1,0,0,0,6,5,Airbus wide (A330/A350/A380),Email invite,3,3,3,3,3,0,1,0,0,0,1,0,0,Very satisfied,7,1,1,1,1,1,1,1,0,5x+,Cost saved per aircraft/yr
UAE-1296,Enterprise_Full_Service,Exploring,MRO Engineer/Technician,Commercial airline (full-service),200+,20+ years,Abu Dhabi,Predictive (some AI),0,$10M-$50M,31529023,1,0,0,1,0,1,0,0,0,1,1,0,1,1,0,7,High upfront cost,0,1,0,1,1,0,0,0,No preference,$8K-$20K,13337,Hardware lease + software,C-Suite,>12 months,1,0,0,1,1,1,0,1,0,0,1,0,0,0,0,7,5,Airbus narrow (A320),Email invite,5,3,2,4,5,1,0,0,0,1,0,0,0,Satisfied but expensive,5,0,1,1,1,1,1,0,0,1.5x,Unscheduled maintenance reduction
UAE-1297,Enterprise_Full_Service,Not Interested,Fleet/Maintenance Manager,Commercial airline (full-service),31-80,6-10 years,Dubai,Full predictive + digital twin,3-5,$2M-$10M,6756973,1,1,1,0,0,1,0,0,1,1,0,0,1,1,0,6,High upfront cost,1,1,1,0,0,0,0,0,On-premise,$1K-$3K,2366,Per-aircraft/year,Procurement/Finance,6-12 months,1,1,1,1,1,1,1,1,0,0,0,0,1,1,0,8,1,Boeing narrow (B737),LinkedIn/social media,3,3,3,4,3,1,1,1,0,0,0,0,0,Satisfied but expensive,6,1,0,1,1,1,1,0,0,1.5x,Dispatch reliability %
UAE-1298,Enterprise_Full_Service,Warm,Fleet/Maintenance Manager,Commercial airline (full-service),200+,20+ years,Abu Dhabi,Predictive (some AI),1-2,>$50M,84675957,1,1,1,1,1,0,1,1,0,1,0,1,0,1,0,8,Lack data expertise,0,0,1,1,1,0,0,0,Hybrid,$1K-$3K,1698,Per-aircraft/year,Procurement/Finance,>12 months,0,1,1,1,0,1,0,0,0,1,0,1,0,0,1,4,7,Airbus narrow (A320),LinkedIn/social media,2,2,4,4,4,1,0,1,1,1,0,0,0,Dissatisfied - hard to integrate,4,0,0,1,1,0,0,1,0,3x in 12 months,Dispatch reliability %
UAE-1299,Enterprise_Full_Service,Warm,MRO Engineer/Technician,Commercial airline (full-service),200+,6-10 years,Dubai,Predictive (some AI),0,$10M-$50M,33318876,1,1,0,1,0,0,1,0,1,1,1,1,1,0,0,8,Regulatory concerns,1,0,1,0,1,0,0,0,Hybrid,$8K-$20K,10007,Per-aircraft/year,Procurement/Finance,>12 months,1,0,1,1,1,1,0,0,0,1,1,1,0,0,0,7,6,Boeing wide (B777/B787),Industry event,3,3,1,4,4,1,1,0,0,0,1,0,0,Dissatisfied - poor support,5,1,0,1,0,0,1,0,0,2x,AOG reduction %
UAE-1300,Enterprise_Full_Service,Warm,Fleet/Maintenance Manager,Charter/private aviation,200+,20+ years,Abu Dhabi,Condition-based,3-5,>$50M,89382958,1,0,1,0,0,1,1,1,1,0,1,1,1,0,0,6,Regulatory concerns,1,0,0,0,1,0,0,1,On-premise,$3K-$8K,4909,Per-aircraft/year,IT/Digital lead,3-6 months,1,1,1,0,0,1,1,0,1,1,1,0,0,0,0,3,6,Boeing narrow (B737),Email invite,3,3,3,3,5,1,1,0,0,1,1,0,0,No platform,9,1,1,1,1,0,1,1,0,3x in 12 months,AOG reduction %
UAE-1301,Enterprise_Full_Service,Not Interested,Procurement/Finance,Low-cost carrier,31-80,20+ years,Dubai,Scheduled/calendar,6-10,$2M-$10M,6128958,0,1,0,1,0,1,0,1,0,1,0,0,0,1,0,4,Legacy integration,0,1,1,0,1,0,0,0,Full cloud (SaaS),$3K-$8K,6960,Hardware lease + software,Head of Maintenance/CAMO,1-3 months,0,0,1,0,0,0,1,1,0,1,0,1,0,1,0,5,1,Boeing wide (B777/B787),LinkedIn/social media,2,2,2,2,2,1,1,1,0,0,0,0,0,Satisfied but expensive,6,1,0,0,1,1,0,0,1,Strategic value,AOG reduction %
UAE-1302,Enterprise_Full_Service,Exploring,IT/Digital Lead,Commercial airline (full-service),31-80,6-10 years,Dubai,Predictive (some AI),1-2,$500K-$2M,1133500,1,1,1,1,0,1,0,0,1,1,1,0,1,1,0,4,High upfront cost,1,1,0,1,0,0,0,0,On-premise,$1K-$3K,1916,Per-aircraft/year,Procurement/Finance,3-6 months,1,0,0,0,0,1,0,1,0,0,1,1,1,0,0,7,4,Airbus narrow (A320),Email invite,4,3,3,5,3,1,1,0,1,0,0,0,0,Satisfied but expensive,5,1,1,0,0,0,1,0,0,1.5x,Unscheduled maintenance reduction
UAE-1303,Enterprise_Full_Service,Warm,Procurement/Finance,Commercial airline (full-service),81-200,<2 years,Dubai,Scheduled/calendar,3-5,>$50M,94837111,0,1,1,0,0,0,0,0,0,1,1,0,1,1,0,7,Regulatory concerns,1,0,0,1,1,0,0,0,Full cloud (SaaS),$8K-$20K,6905,Fixed monthly SaaS,C-Suite,6-12 months,1,1,1,1,0,1,1,0,1,1,1,0,0,0,0,4,6,Boeing narrow (B737),Aviation publication,1,4,2,4,3,0,0,0,0,0,0,0,1,Satisfied but expensive,4,1,1,1,1,1,1,0,1,2x,Unscheduled maintenance reduction
UAE-1304,Enterprise_Full_Service,Hot,Director/VP Operations,Commercial airline (full-service),200+,20+ years,Sharjah/Northern Emirates,Scheduled/calendar,3-5,$10M-$50M,25182713,1,1,1,0,0,0,1,0,0,1,1,1,1,0,0,6,Regulatory concerns,1,0,0,1,1,0,0,0,No preference,$3K-$8K,6574,Fixed monthly SaaS,C-Suite,3-6 months,1,1,1,0,0,1,1,1,1,1,1,0,0,0,0,2,7,Boeing wide (B777/B787),LinkedIn/social media,3,4,4,5,4,1,1,1,0,1,0,0,0,Satisfied but expensive,6,1,1,0,1,1,1,0,1,3x in 12 months,AOG reduction %
UAE-1305,Enterprise_Full_Service,Hot,IT/Digital Lead,Commercial airline (full-service),200+,20+ years,Sharjah/Northern Emirates,Scheduled/calendar,0,$10M-$50M,24528279,1,1,0,1,0,1,1,0,0,1,0,0,1,1,0,7,Legacy integration,0,1,1,1,0,0,0,0,Hybrid,>$20K,24553,Per-aircraft/year,Head of Maintenance/CAMO,6-12 months,1,1,1,0,1,1,1,0,1,1,1,0,0,0,0,1,9,Boeing wide (B777/B787),Email invite,3,4,3,4,4,1,0,0,0,1,1,0,0,Satisfied but expensive,5,1,1,0,1,1,0,0,0,Strategic value,Component lifespan extension
UAE-1306,Enterprise_Full_Service,Warm,Fleet/Maintenance Manager,Aircraft leasing,31-80,20+ years,Sharjah/Northern Emirates,Predictive (some AI),3-5,>$50M,95900814,1,1,1,1,0,1,0,0,0,1,1,0,0,0,0,7,Regulatory concerns,0,1,0,1,1,0,0,0,Full cloud (SaaS),$8K-$20K,14760,Outcome-based,Head of Maintenance/CAMO,1-3 months,1,1,1,0,0,0,1,1,1,1,0,0,0,1,0,4,5,Airbus wide (A330/A350/A380),Industry event,4,3,2,3,3,1,0,0,1,0,1,0,0,Satisfied but expensive,7,0,1,1,1,1,0,0,0,1.5x,Unscheduled maintenance reduction
UAE-1307,Enterprise_Full_Service,Exploring,Procurement/Finance,Commercial airline (full-service),81-200,11-20 years,Other GCC,Predictive (some AI),1-2,$2M-$10M,5448071,1,0,1,0,0,0,1,0,1,1,0,1,1,1,0,4,Legacy integration,0,0,1,1,1,0,0,0,Hybrid,<$1K,630,Pay-per-insight,Joint committee,6-12 months,1,1,1,1,0,0,1,0,1,1,0,1,0,0,0,4,3,Airbus narrow (A320),Industry event,3,4,4,4,4,0,0,1,0,0,1,0,0,Satisfied but expensive,5,1,0,0,1,0,0,1,0,5x+,Dispatch reliability %
UAE-1308,Enterprise_Full_Service,Warm,Fleet/Maintenance Manager,Commercial airline (full-service),1-10,6-10 years,Other GCC,Condition-based,3-5,$2M-$10M,7752595,1,1,1,0,0,1,1,1,0,0,1,0,0,1,0,8,Regulatory concerns,1,1,1,0,0,0,0,0,Full cloud (SaaS),$1K-$3K,2307,Per-aircraft/year,Head of Maintenance/CAMO,>12 months,1,1,1,1,0,0,1,0,1,1,1,0,0,0,0,4,6,Boeing narrow (B737),Aviation publication,4,3,4,4,3,0,1,1,0,1,1,0,1,Dissatisfied - poor support,5,0,1,1,1,1,1,0,0,2x,Cost saved per aircraft/yr
UAE-1309,Enterprise_Full_Service,Warm,C-Suite,Commercial airline (full-service),200+,11-20 years,Abu Dhabi,Scheduled/calendar,0,>$50M,76158358,1,0,1,0,0,0,1,1,0,1,0,0,0,0,0,6,Legacy integration,1,0,1,1,0,0,0,0,No preference,$8K-$20K,11209,Pay-per-insight,C-Suite,6-12 months,1,0,0,1,0,0,1,1,0,0,1,0,1,1,0,6,5,Airbus narrow (A320),Email invite,3,3,2,5,3,1,0,0,0,0,0,0,0,Dissatisfied - poor support,6,1,0,1,1,0,1,0,0,5x+,AOG reduction %
UAE-1310,Enterprise_Full_Service,Hot,Director/VP Operations,Low-cost carrier,81-200,11-20 years,Sharjah/Northern Emirates,Predictive (some AI),1-2,>$50M,77768824,1,0,0,0,0,1,0,0,0,0,0,0,0,1,0,7,Regulatory concerns,1,1,1,0,0,0,0,0,Full cloud (SaaS),$8K-$20K,10731,Hardware lease + software,IT/Digital lead,6-12 months,1,1,1,1,1,1,1,1,1,0,1,0,0,0,1,4,9,Boeing wide (B777/B787),LinkedIn/social media,3,3,3,3,3,1,0,1,0,0,1,0,0,Dissatisfied - poor support,7,1,1,0,1,1,0,0,0,5x+,Cost saved per aircraft/yr
UAE-1311,Enterprise_Full_Service,Exploring,IT/Digital Lead,Commercial airline (full-service),81-200,11-20 years,Dubai,Scheduled/calendar,6-10,$10M-$50M,31392372,1,1,1,1,0,1,0,1,1,1,1,1,0,1,0,4,Lack data expertise,1,1,1,0,0,0,0,0,Full cloud (SaaS),$8K-$20K,11836,Fixed monthly SaaS,Joint committee,6-12 months,1,1,1,1,1,1,1,0,0,1,1,1,0,0,0,5,3,Airbus wide (A330/A350/A380),LinkedIn/social media,4,4,4,4,4,1,1,1,0,1,0,0,0,No platform,6,0,0,0,0,0,1,1,0,2x,Cost saved per aircraft/yr
UAE-1312,Enterprise_Full_Service,Exploring,IT/Digital Lead,Commercial airline (full-service),200+,11-20 years,Other GCC,Predictive (some AI),1-2,$10M-$50M,25939928,0,0,1,0,0,1,1,1,0,1,0,0,0,1,0,4,High upfront cost,1,1,1,0,0,0,0,0,Full cloud (SaaS),$8K-$20K,13131,Per-aircraft/year,Procurement/Finance,3-6 months,1,1,1,0,1,0,1,1,0,0,1,0,0,0,0,5,7,Boeing narrow (B737),LinkedIn/social media,3,2,2,5,2,1,1,0,0,0,0,0,0,Dissatisfied - hard to integrate,4,1,0,0,1,1,1,0,0,3x in 12 months,Dispatch reliability %
UAE-1313,Enterprise_Full_Service,Hot,Director/VP Operations,Low-cost carrier,81-200,11-20 years,Other GCC,Condition-based,6-10,>$50M,91276756,1,1,1,1,1,1,0,0,0,1,0,0,1,0,0,7,High upfront cost,1,1,1,0,0,0,0,0,No preference,$3K-$8K,5690,Outcome-based,C-Suite,6-12 months,1,1,1,0,0,1,0,0,1,1,1,0,0,0,0,6,8,Airbus wide (A330/A350/A380),Email invite,3,3,2,5,4,1,0,1,1,0,0,0,0,Satisfied but expensive,7,1,0,0,1,0,1,1,0,3x in 12 months,Audit pass rate
UAE-1314,Enterprise_Full_Service,Exploring,Director/VP Operations,Commercial airline (full-service),31-80,6-10 years,Dubai,Predictive (some AI),3-5,$10M-$50M,35458427,1,0,0,1,1,0,0,1,0,1,0,0,0,1,0,4,High upfront cost,1,1,0,1,0,0,0,0,No preference,$3K-$8K,4564,Hardware lease + software,Head of Maintenance/CAMO,>12 months,0,0,1,1,1,1,1,0,1,0,0,1,1,0,0,6,3,Airbus wide (A330/A350/A380),Word of mouth,3,4,3,4,3,1,0,1,0,1,0,0,0,No platform,7,1,1,0,1,1,1,1,0,5x+,Dispatch reliability %
UAE-1315,Enterprise_Full_Service,Hot,Procurement/Finance,Low-cost carrier,81-200,20+ years,Dubai,Condition-based,6-10,>$50M,67487448,1,0,1,1,1,1,0,0,0,1,0,0,0,1,0,5,Cybersecurity,1,1,1,0,0,0,0,0,Hybrid,$8K-$20K,15186,Fixed monthly SaaS,C-Suite,6-12 months,1,1,1,0,1,1,1,1,1,1,0,1,0,0,0,4,9,Boeing wide (B777/B787),Email invite,3,2,3,4,3,1,0,0,0,0,0,0,0,Very satisfied,8,1,0,0,1,0,1,0,0,3x in 12 months,Cost saved per aircraft/yr
UAE-1316,Enterprise_Full_Service,Warm,Director/VP Operations,Low-cost carrier,200+,6-10 years,Abu Dhabi,Scheduled/calendar,3-5,>$50M,64348498,1,1,1,0,0,0,1,1,0,1,0,0,1,1,0,9,High upfront cost,1,1,0,0,1,0,0,0,Hybrid,<$1K,502,Pay-per-insight,Procurement/Finance,6-12 months,1,1,1,1,1,0,1,1,0,1,1,0,1,0,0,2,6,Airbus narrow (A320),LinkedIn/social media,4,3,2,4,3,0,0,0,0,1,0,0,0,Satisfied but expensive,6,1,0,1,0,0,1,0,0,2x,Cost saved per aircraft/yr
UAE-1317,Enterprise_Full_Service,Exploring,IT/Digital Lead,Charter/private aviation,200+,20+ years,Dubai,Scheduled/calendar,0,>$50M,83700747,1,1,0,1,1,1,0,1,1,1,0,0,0,1,0,3,Regulatory concerns,1,0,0,1,1,0,0,0,Hybrid,$8K-$20K,12221,Per-aircraft/year,Procurement/Finance,>12 months,0,1,1,0,1,1,1,0,1,1,0,0,1,0,0,7,3,Airbus narrow (A320),Aviation publication,2,2,3,4,3,1,0,1,1,1,1,0,0,Satisfied but expensive,6,0,0,1,0,0,0,0,0,ROI not primary,Unscheduled maintenance reduction
UAE-1318,Enterprise_Full_Service,Warm,Director/VP Operations,Commercial airline (full-service),1-10,6-10 years,Abu Dhabi,Full predictive + digital twin,3-5,<$500K,307267,0,0,1,1,0,0,1,1,0,1,1,0,1,1,0,6,Lack data expertise,1,0,0,1,1,0,0,0,Full cloud (SaaS),<$1K,324,Hardware lease + software,IT/Digital lead,6-12 months,1,1,1,0,0,1,0,0,0,0,1,1,1,0,0,5,6,Boeing narrow (B737),Word of mouth,3,3,3,2,3,1,1,1,0,0,1,0,0,Very satisfied,9,0,1,0,1,1,0,0,0,Strategic value,Cost saved per aircraft/yr
UAE-1319,Enterprise_Full_Service,Exploring,C-Suite,Commercial airline (full-service),200+,20+ years,Other GCC,Predictive (some AI),1-2,$10M-$50M,32625322,1,0,0,0,0,1,0,1,0,1,1,0,1,0,0,6,Cybersecurity,1,0,1,0,1,0,0,0,No preference,$8K-$20K,16955,Fixed monthly SaaS,Head of Maintenance/CAMO,6-12 months,1,0,0,1,0,1,1,0,1,1,0,1,0,0,0,6,5,Airbus wide (A330/A350/A380),Email invite,4,3,3,4,3,1,1,0,0,0,1,0,0,Very satisfied,6,1,1,1,0,1,1,1,0,Strategic value,Unscheduled maintenance reduction
UAE-1320,Enterprise_Full_Service,Hot,C-Suite,Commercial airline (full-service),31-80,6-10 years,Sharjah/Northern Emirates,Condition-based,0,$2M-$10M,4948358,0,0,1,1,1,0,0,0,0,1,1,1,0,0,0,6,Legacy integration,0,1,0,1,1,0,0,0,Full cloud (SaaS),$3K-$8K,5220,Per-aircraft/year,Procurement/Finance,6-12 months,1,0,1,0,1,0,1,1,1,1,1,0,0,0,0,1,7,Airbus wide (A330/A350/A380),LinkedIn/social media,3,3,3,3,4,1,1,0,0,0,0,0,0,Dissatisfied - poor support,7,1,1,1,1,1,1,0,0,1.5x,AOG reduction %
UAE-1321,Enterprise_Full_Service,Warm,MRO Engineer/Technician,Commercial airline (full-service),81-200,2-5 years,Sharjah/Northern Emirates,Scheduled/calendar,1-2,$2M-$10M,6453684,1,1,0,1,0,0,0,1,0,1,1,0,1,0,0,7,Lack data expertise,1,1,0,1,0,0,0,0,On-premise,$8K-$20K,14804,Per-aircraft/year,Procurement/Finance,6-12 months,1,0,1,1,0,0,1,1,1,1,1,0,0,0,0,6,8,Airbus narrow (A320),Aviation publication,4,3,3,5,3,1,1,0,1,0,0,0,0,Satisfied but expensive,5,0,1,1,1,1,1,0,0,Strategic value,Component lifespan extension
UAE-1322,Enterprise_Full_Service,Hot,MRO Engineer/Technician,Commercial airline (full-service),81-200,11-20 years,Dubai,Condition-based,3-5,$10M-$50M,30072164,1,0,1,1,0,1,0,1,0,1,1,0,1,0,0,8,Legacy integration,0,1,1,0,1,0,0,0,On-premise,$8K-$20K,16306,Per-aircraft/year,C-Suite,6-12 months,1,0,0,0,1,1,0,0,1,0,1,0,1,0,0,2,6,Boeing narrow (B737),Aviation publication,3,2,2,3,4,1,0,1,1,0,0,0,0,No platform,8,1,0,0,1,1,1,1,0,Strategic value,Component lifespan extension
UAE-1323,Enterprise_Full_Service,Warm,Director/VP Operations,Independent MRO,81-200,20+ years,Dubai,Scheduled/calendar,1-2,$10M-$50M,30175025,1,0,1,1,0,0,1,0,0,1,0,0,1,1,0,7,Regulatory concerns,1,1,0,1,0,0,0,0,Hybrid,$1K-$3K,2425,Outcome-based,IT/Digital lead,1-3 months,1,1,1,1,1,1,1,1,0,0,1,0,1,0,1,2,7,Airbus wide (A330/A350/A380),LinkedIn/social media,3,3,2,3,4,1,1,1,0,0,0,0,0,Dissatisfied - hard to integrate,8,1,1,1,1,1,0,1,0,2x,Dispatch reliability %
UAE-1324,Enterprise_Full_Service,Exploring,IT/Digital Lead,Commercial airline (full-service),81-200,2-5 years,Other GCC,Reactive,1-2,$10M-$50M,33874095,1,1,1,0,0,0,1,1,0,1,1,0,0,0,0,4,Regulatory concerns,0,1,1,0,1,0,0,0,Full cloud (SaaS),>$20K,21241,Fixed monthly SaaS,C-Suite,>12 months,1,0,1,0,1,1,1,0,0,1,0,1,0,1,0,3,6,Airbus wide (A330/A350/A380),Email invite,3,3,4,3,5,1,0,0,0,1,0,1,0,Dissatisfied - poor accuracy,5,1,1,0,1,1,1,0,1,2x,Dispatch reliability %
UAE-1325,Enterprise_Full_Service,Exploring,Director/VP Operations,Defence/government,200+,11-20 years,Dubai,Predictive (some AI),3-5,$10M-$50M,24831375,1,0,1,0,0,0,0,0,0,1,0,1,1,1,0,4,High upfront cost,1,0,0,1,1,0,0,0,No preference,$3K-$8K,4784,Per-aircraft/year,Procurement/Finance,6-12 months,0,0,1,1,0,1,0,1,0,1,1,1,0,0,0,7,3,Airbus narrow (A320),Email invite,2,3,2,4,3,0,0,1,1,1,0,0,0,Dissatisfied - poor support,5,0,0,0,1,1,1,1,0,2x,AOG reduction %
UAE-1326,Enterprise_Full_Service,Warm,MRO Engineer/Technician,Commercial airline (full-service),200+,20+ years,Dubai,Reactive,0,>$50M,77054112,0,0,1,0,0,1,0,0,0,1,1,0,1,0,0,7,Legacy integration,1,1,1,0,0,0,0,0,Hybrid,>$20K,29262,Per-aircraft/year,Head of Maintenance/CAMO,1-3 months,1,1,0,1,1,1,0,1,1,1,0,0,1,0,0,6,4,Boeing wide (B777/B787),Aviation publication,3,1,3,4,3,1,0,0,1,0,1,0,0,Dissatisfied - hard to integrate,6,1,1,0,0,1,1,0,0,2x,AOG reduction %
UAE-1327,Enterprise_Full_Service,Warm,IT/Digital Lead,Commercial airline (full-service),81-200,6-10 years,Dubai,Predictive (some AI),10+,>$50M,88192847,1,1,0,0,1,0,1,0,0,1,1,0,0,1,0,7,High upfront cost,1,0,0,1,1,0,0,0,Full cloud (SaaS),$1K-$3K,1659,Per-aircraft/year,Procurement/Finance,6-12 months,1,1,1,0,1,0,1,0,1,1,1,0,0,0,0,5,4,Airbus wide (A330/A350/A380),Industry event,3,4,3,2,2,1,0,0,1,0,1,0,0,Dissatisfied - hard to integrate,6,1,0,1,1,1,0,0,0,2x,Audit pass rate
UAE-1328,Enterprise_Full_Service,Warm,Fleet/Maintenance Manager,Independent MRO,200+,11-20 years,Sharjah/Northern Emirates,Condition-based,1-2,$10M-$50M,33880757,1,1,1,1,0,1,0,0,0,0,1,0,1,1,0,5,Regulatory concerns,1,1,1,0,0,0,0,0,Hybrid,$8K-$20K,15133,Outcome-based,Joint committee,6-12 months,1,0,1,0,0,0,0,0,0,0,0,1,1,1,0,6,8,Airbus narrow (A320),LinkedIn/social media,3,3,1,5,3,1,1,1,1,0,1,0,0,No platform,4,1,1,0,1,1,1,1,0,5x+,Cost saved per aircraft/yr
UAE-1329,Enterprise_Full_Service,Warm,Fleet/Maintenance Manager,Commercial airline (full-service),200+,6-10 years,Sharjah/Northern Emirates,Full predictive + digital twin,1-2,>$50M,72128930,1,0,0,0,0,1,0,1,1,1,1,0,1,0,0,9,Lack data expertise,1,0,1,1,0,0,0,0,On-premise,$8K-$20K,19564,Fixed monthly SaaS,Joint committee,1-3 months,1,1,1,1,0,1,1,0,1,0,0,1,1,0,0,5,7,Airbus wide (A330/A350/A380),Industry event,3,2,4,3,5,0,1,0,1,1,1,0,0,Satisfied but expensive,7,1,0,0,1,1,0,0,0,3x in 12 months,AOG reduction %
UAE-1330,Enterprise_Full_Service,Exploring,MRO Engineer/Technician,Commercial airline (full-service),31-80,20+ years,Dubai,Scheduled/calendar,6-10,$2M-$10M,6552632,1,0,1,1,0,0,0,0,1,0,0,0,1,0,0,7,High upfront cost,1,1,1,0,0,0,0,0,Hybrid,$3K-$8K,7710,Per-aircraft/year,C-Suite,1-3 months,1,1,0,0,0,1,1,0,1,0,1,0,1,0,0,6,3,Airbus wide (A330/A350/A380),LinkedIn/social media,2,5,2,5,3,1,1,1,1,0,1,0,0,Dissatisfied - hard to integrate,8,0,1,0,1,1,0,0,0,ROI not primary,Component lifespan extension
UAE-1331,Enterprise_Full_Service,Warm,MRO Engineer/Technician,Commercial airline (full-service),200+,11-20 years,Abu Dhabi,Condition-based,6-10,>$50M,67123677,1,1,1,1,0,0,1,0,1,1,0,0,0,0,0,6,Legacy integration,1,1,0,1,0,0,0,0,Full cloud (SaaS),$8K-$20K,13474,Per-aircraft/year,IT/Digital lead,3-6 months,0,1,1,1,0,1,1,0,1,0,1,1,0,0,0,4,7,Airbus wide (A330/A350/A380),Aviation publication,3,3,3,3,3,1,1,1,0,0,1,0,0,Dissatisfied - poor accuracy,9,1,0,1,1,0,1,0,0,2x,AOG reduction %
UAE-1332,Enterprise_Full_Service,Hot,MRO Engineer/Technician,Independent MRO,1-10,6-10 years,Sharjah/Northern Emirates,Full predictive + digital twin,3-5,<$500K,258443,0,1,1,0,1,1,0,0,0,1,1,0,1,0,0,5,Lack data expertise,1,1,1,0,0,0,0,0,On-premise,>$20K,58540,Hardware lease + software,IT/Digital lead,6-12 months,1,0,1,0,1,1,1,0,1,0,0,1,1,0,0,3,10,Airbus wide (A330/A350/A380),Email invite,4,2,4,4,4,1,1,0,0,1,1,0,0,Dissatisfied - poor support,4,0,0,0,0,1,0,0,0,2x,Dispatch reliability %
UAE-1333,Enterprise_Full_Service,Hot,C-Suite,Commercial airline (full-service),200+,11-20 years,Other GCC,Condition-based,1-2,>$50M,48020665,1,1,0,1,1,0,0,0,0,1,1,0,0,1,0,6,Legacy integration,1,1,0,0,1,0,0,0,On-premise,$8K-$20K,5809,Per-aircraft/year,Head of Maintenance/CAMO,<1 month,1,1,1,1,1,1,0,0,0,1,0,0,1,0,1,6,8,Boeing narrow (B737),Email invite,3,3,3,4,4,0,1,0,0,0,0,0,0,Satisfied but expensive,5,1,0,0,1,1,0,0,0,2x,Unscheduled maintenance reduction
UAE-1334,Enterprise_Full_Service,Warm,Procurement/Finance,Commercial airline (full-service),81-200,6-10 years,Sharjah/Northern Emirates,Reactive,3-5,$10M-$50M,26040723,0,1,1,0,1,0,1,0,0,1,0,0,0,0,0,8,Cybersecurity,0,0,1,0,1,1,0,0,Full cloud (SaaS),>$20K,32043,Per-aircraft/year,Joint committee,6-12 months,1,1,0,0,1,1,0,1,1,1,1,0,0,0,0,5,9,Airbus wide (A330/A350/A380),Industry event,3,2,3,3,4,1,1,0,1,0,0,0,0,Very satisfied,4,0,0,1,1,1,0,0,0,2x,AOG reduction %
UAE-1335,Enterprise_Full_Service,Not Interested,Procurement/Finance,Independent MRO,200+,<2 years,Outside GCC,Scheduled/calendar,3-5,$10M-$50M,28198909,0,0,0,1,0,1,1,0,0,0,0,0,1,1,0,7,High upfront cost,0,0,0,1,1,0,0,1,No preference,$1K-$3K,1853,Fixed monthly SaaS,C-Suite,3-6 months,1,0,0,1,1,0,1,0,1,1,0,1,0,0,0,6,3,Business jet/helicopter,Email invite,2,3,3,4,4,0,0,0,1,1,1,0,0,No platform,4,1,0,0,1,1,1,0,0,2x,Cost saved per aircraft/yr
UAE-1336,Enterprise_Full_Service,Warm,Fleet/Maintenance Manager,Low-cost carrier,200+,20+ years,Other GCC,Predictive (some AI),0,$10M-$50M,32682039,0,0,1,1,1,1,0,0,0,1,0,1,1,1,0,7,Regulatory concerns,0,1,1,1,0,0,0,0,Hybrid,$1K-$3K,1781,Fixed monthly SaaS,Head of Maintenance/CAMO,1-3 months,1,1,1,0,1,1,1,0,0,0,1,1,1,0,0,6,5,Airbus narrow (A320),Industry event,3,3,2,4,4,1,0,0,0,0,0,0,0,No platform,3,1,1,1,1,1,1,0,1,3x in 12 months,Component lifespan extension
UAE-1337,Enterprise_Full_Service,Warm,Director/VP Operations,Commercial airline (full-service),31-80,2-5 years,Sharjah/Northern Emirates,Predictive (some AI),6-10,$10M-$50M,31248395,0,1,0,0,1,1,1,0,1,1,1,0,1,1,0,6,Regulatory concerns,0,0,1,1,1,0,0,0,Full cloud (SaaS),$3K-$8K,6586,Per-aircraft/year,Joint committee,>12 months,0,1,1,1,0,1,0,0,1,1,1,0,0,0,0,2,6,Airbus narrow (A320),Aviation publication,5,5,5,5,5,1,1,1,1,0,0,0,0,Dissatisfied - poor accuracy,6,1,1,1,1,0,1,0,0,2x,AOG reduction %
UAE-1338,Enterprise_Full_Service,Exploring,Procurement/Finance,Commercial airline (full-service),200+,20+ years,Abu Dhabi,Condition-based,6-10,>$50M,90296829,0,1,0,1,1,1,0,0,0,0,1,0,1,1,0,6,Regulatory concerns,1,0,0,1,0,0,1,0,Full cloud (SaaS),$8K-$20K,13970,Per-aircraft/year,C-Suite,6-12 months,1,1,1,1,0,0,1,1,1,1,1,0,0,0,0,4,3,Airbus narrow (A320),Word of mouth,4,4,2,2,3,1,1,1,0,1,1,0,0,Dissatisfied - hard to integrate,5,0,1,1,0,1,1,0,0,3x in 12 months,Unscheduled maintenance reduction
UAE-1339,Enterprise_Full_Service,Exploring,IT/Digital Lead,Low-cost carrier,81-200,20+ years,Sharjah/Northern Emirates,Scheduled/calendar,3-5,$10M-$50M,28876023,1,1,0,0,1,1,1,1,0,1,0,0,1,0,0,5,Regulatory concerns,1,0,0,1,1,0,0,0,On-premise,>$20K,32416,Outcome-based,Head of Maintenance/CAMO,6-12 months,1,0,1,1,0,1,1,1,1,1,1,0,0,0,0,7,5,Boeing narrow (B737),LinkedIn/social media,2,3,4,4,4,1,0,0,0,0,1,1,0,Dissatisfied - poor accuracy,6,0,0,1,1,0,0,1,0,2x,AOG reduction %
UAE-1340,Enterprise_Full_Service,Not Interested,IT/Digital Lead,Commercial airline (full-service),200+,6-10 years,Dubai,Predictive (some AI),1-2,>$50M,79673020,0,1,1,1,0,1,0,0,0,1,1,0,1,0,1,2,Lack data expertise,1,1,1,0,0,0,0,0,Full cloud (SaaS),$3K-$8K,5262,Outcome-based,C-Suite,<1 month,1,1,1,0,0,1,1,1,1,1,1,0,0,0,0,7,3,Airbus wide (A330/A350/A380),Email invite,2,2,2,2,2,1,1,1,0,1,0,0,0,No platform,4,1,1,0,1,0,1,0,0,2x,Unscheduled maintenance reduction
UAE-1341,Enterprise_Full_Service,Hot,MRO Engineer/Technician,Commercial airline (full-service),200+,6-10 years,Abu Dhabi,Full predictive + digital twin,0,>$50M,81103172,1,0,1,1,0,1,0,1,0,1,1,1,1,1,0,9,Legacy integration,1,1,1,0,0,0,0,0,Hybrid,$8K-$20K,15216,Hardware lease + software,Head of Maintenance/CAMO,6-12 months,1,1,0,0,1,1,0,1,1,1,0,0,0,0,1,4,9,Boeing narrow (B737),Industry event,3,3,1,4,3,1,1,0,1,0,0,0,0,Very satisfied,7,1,0,1,1,0,1,0,0,Strategic value,AOG reduction %
UAE-1342,Enterprise_Full_Service,Exploring,Fleet/Maintenance Manager,Commercial airline (full-service),81-200,20+ years,Outside GCC,Condition-based,0,$2M-$10M,5867560,0,0,1,0,1,1,1,1,1,0,0,0,0,1,0,5,Lack data expertise,1,1,1,0,0,0,0,0,Full cloud (SaaS),$3K-$8K,4009,Per-aircraft/year,Joint committee,1-3 months,1,0,1,1,0,0,1,0,1,1,1,0,0,0,0,8,5,Boeing narrow (B737),Aviation publication,4,2,2,4,3,0,1,1,0,0,0,0,0,Satisfied but expensive,6,0,0,1,1,1,1,1,0,1.5x,Cost saved per aircraft/yr
UAE-1343,Enterprise_Full_Service,Warm,Procurement/Finance,Independent MRO,200+,2-5 years,Abu Dhabi,Full predictive + digital twin,10+,>$50M,50689733,1,0,1,0,1,1,1,1,1,1,0,1,1,0,0,7,Legacy integration,0,1,1,1,0,0,0,0,Hybrid,$3K-$8K,7278,Per-aircraft/year,Joint committee,>12 months,1,0,0,1,1,1,1,1,1,1,0,1,0,0,0,5,6,Airbus narrow (A320),Industry event,5,1,2,4,4,1,0,1,0,1,1,0,0,Dissatisfied - poor accuracy,7,1,1,1,0,0,0,0,0,ROI not primary,AOG reduction %
UAE-1344,Enterprise_Full_Service,Warm,Fleet/Maintenance Manager,Low-cost carrier,31-80,2-5 years,Other GCC,Predictive (some AI),3-5,$2M-$10M,5220593,1,0,1,0,0,1,0,0,0,1,0,0,0,0,0,8,Cybersecurity,0,1,0,1,1,0,0,0,Hybrid,$8K-$20K,12983,Outcome-based,IT/Digital lead,>12 months,1,1,1,1,1,1,1,0,0,1,1,0,1,0,0,6,5,Airbus wide (A330/A350/A380),Word of mouth,3,3,4,3,3,1,1,0,0,0,0,0,0,Satisfied but expensive,6,1,0,1,1,0,1,0,0,5x+,AOG reduction %
UAE-1345,Enterprise_Full_Service,Exploring,Procurement/Finance,Charter/private aviation,11-30,20+ years,Abu Dhabi,Scheduled/calendar,0,$500K-$2M,1352235,1,1,0,1,1,0,1,0,1,0,0,0,0,0,0,6,High upfront cost,1,1,1,0,0,0,0,0,Full cloud (SaaS),$1K-$3K,2076,Hardware lease + software,Joint committee,6-12 months,1,1,1,1,1,0,1,0,1,0,1,0,1,0,0,5,4,Boeing wide (B777/B787),Industry event,5,5,5,5,5,0,1,0,1,0,1,0,0,Very satisfied,7,1,1,1,0,1,0,0,0,2x,AOG reduction %
UAE-1346,Enterprise_Full_Service,Not Interested,MRO Engineer/Technician,Commercial airline (full-service),81-200,20+ years,Dubai,Condition-based,1-2,$10M-$50M,30815005,0,0,1,1,1,0,0,0,1,1,0,1,1,1,0,6,No barriers,1,1,0,1,0,0,0,0,Full cloud (SaaS),$8K-$20K,14000,Fixed monthly SaaS,IT/Digital lead,>12 months,1,1,1,1,0,1,0,0,1,1,0,1,0,0,0,5,1,Boeing wide (B777/B787),LinkedIn/social media,3,4,1,4,4,0,0,0,0,0,1,0,0,Dissatisfied - poor accuracy,5,1,1,0,0,0,1,0,0,2x,Dispatch reliability %
UAE-1347,Enterprise_Full_Service,Warm,C-Suite,Commercial airline (full-service),200+,20+ years,Dubai,Condition-based,0,$10M-$50M,30335826,0,1,1,1,1,0,1,0,0,1,1,1,1,1,0,6,Legacy integration,0,1,0,1,0,0,1,0,Hybrid,$8K-$20K,12161,Outcome-based,Head of Maintenance/CAMO,1-3 months,1,0,1,1,1,1,0,1,1,1,0,0,0,1,0,4,5,Boeing wide (B777/B787),LinkedIn/social media,4,2,2,5,4,1,0,1,0,1,1,0,0,Dissatisfied - poor support,3,1,1,1,0,1,1,0,0,3x in 12 months,Cost saved per aircraft/yr
UAE-1348,Enterprise_Full_Service,Warm,MRO Engineer/Technician,Low-cost carrier,81-200,20+ years,Dubai,Scheduled/calendar,1-2,$2M-$10M,5311708,1,1,0,0,0,0,1,1,0,0,0,1,0,1,0,7,Lack data expertise,1,1,0,0,0,0,1,0,Hybrid,$3K-$8K,5820,Hardware lease + software,C-Suite,6-12 months,0,1,1,1,0,1,0,0,0,1,1,0,1,0,0,2,8,Boeing narrow (B737),LinkedIn/social media,4,3,4,4,4,1,1,0,1,1,0,0,0,Very satisfied,8,0,0,0,1,1,1,1,0,5x+,Unscheduled maintenance reduction
UAE-1349,Enterprise_Full_Service,Hot,Director/VP Operations,Commercial airline (full-service),81-200,6-10 years,Outside GCC,Condition-based,0,$10M-$50M,34955488,1,0,0,0,0,0,0,0,0,1,1,0,1,0,0,6,Regulatory concerns,0,1,0,1,1,0,0,0,Full cloud (SaaS),>$20K,31191,Per-aircraft/year,C-Suite,1-3 months,1,0,1,1,1,1,1,0,1,1,1,0,0,0,0,2,9,Boeing wide (B777/B787),LinkedIn/social media,4,2,3,4,3,1,1,1,0,0,1,0,0,Dissatisfied - poor support,6,0,0,0,1,1,0,0,0,2x,Unscheduled maintenance reduction
UAE-1350,Enterprise_Full_Service,Hot,Procurement/Finance,Commercial airline (full-service),200+,6-10 years,Dubai,Predictive (some AI),0,>$50M,84066349,1,1,1,0,1,1,0,1,1,1,1,1,1,1,0,7,No barriers,1,0,1,1,0,0,0,0,Full cloud (SaaS),>$20K,29131,Hardware lease + software,Head of Maintenance/CAMO,6-12 months,1,1,0,0,0,1,0,0,0,1,1,1,0,0,0,5,9,Airbus narrow (A320),Aviation publication,3,2,3,4,4,1,1,0,0,1,0,0,0,Satisfied but expensive,6,0,1,1,1,1,1,0,0,3x in 12 months,AOG reduction %
UAE-1351,Enterprise_Full_Service,Warm,Director/VP Operations,Commercial airline (full-service),31-80,2-5 years,Dubai,Scheduled/calendar,1-2,$2M-$10M,4365360,1,0,1,1,1,1,1,0,1,1,0,0,1,1,0,5,Legacy integration,1,0,0,1,0,0,1,0,On-premise,>$20K,31707,Hardware lease + software,Joint committee,1-3 months,0,1,1,1,1,1,1,1,1,1,1,0,0,0,0,4,7,Airbus wide (A330/A350/A380),LinkedIn/social media,3,3,3,3,3,1,1,1,0,0,0,0,0,Dissatisfied - poor accuracy,5,1,1,1,1,1,1,1,0,Strategic value,Cost saved per aircraft/yr
UAE-1352,Enterprise_Full_Service,Warm,Fleet/Maintenance Manager,Commercial airline (full-service),81-200,11-20 years,Dubai,Scheduled/calendar,3-5,$2M-$10M,5664969,1,1,0,1,1,0,0,0,0,1,0,0,0,1,0,7,Cybersecurity,1,1,1,0,0,0,0,0,On-premise,$1K-$3K,1918,Per-aircraft/year,Joint committee,6-12 months,1,0,1,1,0,1,1,1,0,0,1,1,1,0,0,6,6,Airbus wide (A330/A350/A380),LinkedIn/social media,4,4,3,4,4,0,0,0,1,0,1,0,0,Satisfied but expensive,7,1,1,1,1,1,0,1,0,3x in 12 months,AOG reduction %
UAE-1353,Enterprise_Full_Service,Exploring,Director/VP Operations,Commercial airline (full-service),31-80,2-5 years,Dubai,Condition-based,1-2,$2M-$10M,6080424,1,1,1,0,0,0,1,0,0,0,0,0,0,0,1,9,Regulatory concerns,1,0,1,1,0,0,0,0,Hybrid,$3K-$8K,6107,Per-aircraft/year,Head of Maintenance/CAMO,6-12 months,0,1,1,1,1,1,0,1,1,1,1,0,0,0,0,5,5,Boeing narrow (B737),LinkedIn/social media,3,3,2,4,4,1,0,0,0,1,1,0,0,Very satisfied,7,0,0,0,1,0,0,0,0,1.5x,AOG reduction %
UAE-1354,Enterprise_Full_Service,Not Interested,MRO Engineer/Technician,Commercial airline (full-service),200+,20+ years,Other GCC,Condition-based,6-10,>$50M,78975680,1,1,0,0,0,0,1,0,0,1,0,0,0,1,0,5,No barriers,1,1,0,0,0,1,0,0,On-premise,$3K-$8K,6758,Hardware lease + software,Head of Maintenance/CAMO,6-12 months,1,1,1,1,0,0,1,0,0,1,0,1,1,0,0,7,1,Boeing wide (B777/B787),Industry event,4,3,2,3,4,1,1,1,0,1,1,0,0,Dissatisfied - hard to integrate,3,1,0,0,0,1,0,0,0,2x,Cost saved per aircraft/yr
UAE-1355,Enterprise_Full_Service,Warm,MRO Engineer/Technician,Low-cost carrier,81-200,<2 years,Sharjah/Northern Emirates,Scheduled/calendar,1-2,$10M-$50M,26623835,1,0,0,0,1,1,1,0,0,1,1,0,1,0,0,8,Legacy integration,0,1,0,1,1,0,0,0,Full cloud (SaaS),$8K-$20K,15819,Hardware lease + software,C-Suite,3-6 months,1,0,1,1,1,1,0,0,0,1,0,1,1,0,0,4,6,Boeing wide (B777/B787),Aviation publication,3,3,3,3,3,0,0,1,1,0,0,0,0,Dissatisfied - poor accuracy,3,1,0,0,1,1,0,1,0,2x,AOG reduction %
UAE-1356,Enterprise_Full_Service,Hot,MRO Engineer/Technician,Commercial airline (full-service),81-200,20+ years,Abu Dhabi,Predictive (some AI),10+,$10M-$50M,35098302,0,0,0,0,0,1,0,1,1,1,1,0,1,1,0,8,Lack data expertise,0,0,1,0,1,1,0,0,Hybrid,$3K-$8K,6284,Hardware lease + software,C-Suite,3-6 months,1,0,1,0,0,0,1,1,1,1,0,0,1,0,0,5,7,Boeing wide (B777/B787),Industry event,3,2,5,4,4,1,0,0,0,1,1,0,0,Satisfied but expensive,4,1,1,1,1,1,1,1,0,Strategic value,AOG reduction %
UAE-1357,Enterprise_Full_Service,Hot,Fleet/Maintenance Manager,Commercial airline (full-service),81-200,6-10 years,Abu Dhabi,Predictive (some AI),1-2,$2M-$10M,6896749,0,1,0,1,1,1,0,1,1,1,1,0,1,0,0,9,Cybersecurity,1,1,0,1,0,0,0,0,Hybrid,$8K-$20K,13848,Per-aircraft/year,IT/Digital lead,1-3 months,1,1,1,1,1,1,0,0,1,0,0,1,1,0,0,1,8,Airbus wide (A330/A350/A380),Email invite,2,3,3,4,3,1,0,1,0,0,1,0,0,Satisfied but expensive,6,1,1,1,1,0,1,0,0,1.5x,AOG reduction %
UAE-1358,Enterprise_Full_Service,Warm,MRO Engineer/Technician,Aircraft leasing,200+,20+ years,Abu Dhabi,Scheduled/calendar,0,$10M-$50M,32718111,1,1,0,1,1,0,0,1,1,1,1,0,0,1,0,5,High upfront cost,0,1,1,1,0,0,0,0,No preference,$3K-$8K,5587,Per-aircraft/year,Procurement/Finance,3-6 months,1,0,0,0,0,0,0,1,1,1,0,1,0,0,0,8,4,Boeing wide (B777/B787),Industry event,3,4,4,3,4,1,0,1,1,0,1,0,0,Satisfied but expensive,5,1,1,1,1,0,1,0,0,5x+,AOG reduction %
UAE-1359,Enterprise_Full_Service,Warm,Fleet/Maintenance Manager,Commercial airline (full-service),11-30,20+ years,Dubai,Condition-based,0,$10M-$50M,26633676,1,0,1,1,1,0,1,1,0,0,1,0,0,1,0,7,Lack data expertise,0,0,0,1,1,0,1,0,Hybrid,$3K-$8K,5222,Per-aircraft/year,IT/Digital lead,3-6 months,0,1,1,1,1,1,0,1,1,1,0,0,1,0,0,5,5,Airbus narrow (A320),Email invite,2,3,4,4,3,1,1,0,0,0,0,0,0,Very satisfied,7,1,1,0,0,1,1,0,0,3x in 12 months,Cost saved per aircraft/yr
UAE-1360,Enterprise_Full_Service,Exploring,MRO Engineer/Technician,Commercial airline (full-service),31-80,11-20 years,Other GCC,Scheduled/calendar,0,$2M-$10M,5857512,1,0,0,0,0,0,1,1,1,1,0,0,0,0,0,7,Regulatory concerns,1,0,0,1,1,0,0,0,Full cloud (SaaS),$3K-$8K,5496,Per-aircraft/year,Procurement/Finance,6-12 months,0,1,1,1,1,1,1,0,0,0,0,1,1,0,1,7,3,Airbus wide (A330/A350/A380),Email invite,4,3,3,3,3,1,0,0,0,1,1,0,0,Dissatisfied - hard to integrate,6,1,0,0,1,1,0,1,0,3x in 12 months,Unscheduled maintenance reduction
UAE-1361,Risk_Averse_Traditional,Not Interested,MRO Engineer/Technician,Commercial airline (full-service),11-30,2-5 years,Abu Dhabi,Reactive,3-5,$500K-$2M,1367926,1,0,0,1,0,1,0,0,0,0,0,0,0,1,0,1,Cybersecurity,0,0,0,1,0,1,0,0,Hybrid,$8K-$20K,14723,Hardware lease + software,Procurement/Finance,>12 months,0,0,0,0,1,1,0,0,0,1,0,1,0,1,0,7,2,Boeing narrow (B737),LinkedIn/social media,2,5,5,2,2,0,0,0,0,0,0,1,0,No platform,4,0,0,1,0,1,0,0,0,1.5x,Cost saved per aircraft/yr
UAE-1362,Risk_Averse_Traditional,Not Interested,Fleet/Maintenance Manager,Aircraft leasing,31-80,11-20 years,Dubai,Scheduled/calendar,6-10,$500K-$2M,1200721,1,0,1,1,1,1,1,1,0,1,0,0,0,1,0,3,Legacy integration,0,0,0,1,0,0,1,0,Full cloud (SaaS),$3K-$8K,5211,Per-aircraft/year,Procurement/Finance,6-12 months,1,1,0,0,1,0,0,0,1,0,1,0,0,0,0,9,1,Boeing narrow (B737),Word of mouth,1,5,2,2,1,1,0,0,1,0,0,0,0,Satisfied but expensive,3,1,0,1,0,0,0,0,0,1.5x,Cost saved per aircraft/yr
UAE-1363,Risk_Averse_Traditional,Not Interested,IT/Digital Lead,Commercial airline (full-service),31-80,11-20 years,Dubai,Scheduled/calendar,3-5,$10M-$50M,23557216,1,1,1,1,1,1,1,1,1,0,0,0,0,0,0,5,High upfront cost,0,0,0,1,1,0,1,0,On-premise,$3K-$8K,3862,Per-aircraft/year,Joint committee,1-3 months,1,0,0,0,0,0,0,0,1,1,0,0,0,1,0,8,3,Airbus narrow (A320),Email invite,3,5,3,3,3,1,0,0,0,0,1,0,0,Dissatisfied - hard to integrate,3,1,0,0,0,1,0,1,0,2x,AOG reduction %
UAE-1364,Risk_Averse_Traditional,Not Interested,MRO Engineer/Technician,Low-cost carrier,1-10,11-20 years,Other GCC,Scheduled/calendar,6-10,<$500K,259021,0,1,0,0,0,0,0,1,0,1,1,0,1,0,1,1,High upfront cost,1,0,0,0,0,1,1,0,No preference,$3K-$8K,4599,Per-aircraft/year,Joint committee,>12 months,0,0,0,0,0,1,1,0,0,1,0,0,0,1,1,9,3,Boeing narrow (B737),LinkedIn/social media,1,4,3,2,2,1,0,0,0,0,1,1,0,No platform,4,0,1,1,1,1,1,0,0,ROI not primary,Dispatch reliability %
UAE-1365,Risk_Averse_Traditional,Warm,Procurement/Finance,Aircraft leasing,1-10,6-10 years,Dubai,Reactive,0,<$500K,221979,1,1,1,1,0,0,0,0,0,1,0,1,1,0,0,3,Legacy integration,1,0,0,0,0,0,1,0,Full cloud (SaaS),$1K-$3K,2445,Pay-per-insight,IT/Digital lead,3-6 months,1,1,1,0,0,1,0,1,0,0,0,1,0,0,0,4,4,Airbus wide (A330/A350/A380),Industry event,1,4,4,3,3,0,0,0,0,0,1,0,1,Dissatisfied - poor accuracy,4,0,1,0,1,1,1,0,1,ROI not primary,Cost saved per aircraft/yr
UAE-1366,Risk_Averse_Traditional,Warm,Procurement/Finance,Defence/government,31-80,11-20 years,Sharjah/Northern Emirates,Predictive (some AI),3-5,$2M-$10M,6851619,1,0,0,1,1,1,0,0,0,1,0,0,0,0,0,3,Lack data expertise,1,1,0,1,0,0,0,0,On-premise,$8K-$20K,13499,Per-aircraft/year,C-Suite,1-3 months,1,0,0,0,0,0,0,0,0,0,1,0,0,0,1,3,6,Airbus narrow (A320),LinkedIn/social media,2,5,4,1,2,0,0,0,0,0,0,0,1,Dissatisfied - poor accuracy,1,0,1,0,0,1,1,0,0,Strategic value,AOG reduction %
UAE-1367,Risk_Averse_Traditional,Exploring,MRO Engineer/Technician,Aircraft leasing,1-10,6-10 years,Dubai,Scheduled/calendar,3-5,$2M-$10M,6084758,0,0,1,0,0,1,0,0,0,0,0,0,0,1,0,2,Lack data expertise,0,1,0,0,0,0,0,0,Full cloud (SaaS),$1K-$3K,1922,Fixed monthly SaaS,Procurement/Finance,6-12 months,0,0,0,0,0,1,0,0,0,0,0,0,1,1,0,7,3,Boeing narrow (B737),Industry event,1,5,4,1,3,0,1,0,0,1,1,0,1,No platform,3,1,0,0,1,1,1,0,1,1.5x,AOG reduction %
UAE-1368,Risk_Averse_Traditional,Exploring,IT/Digital Lead,Aircraft leasing,1-10,2-5 years,Dubai,Condition-based,1-2,<$500K,199911,1,0,0,1,1,0,0,0,1,0,0,0,0,1,0,1,Legacy integration,0,0,1,1,0,0,1,0,No preference,$1K-$3K,2005,Hardware lease + software,C-Suite,3-6 months,0,0,1,0,0,1,1,0,1,1,1,0,0,0,0,5,2,Airbus narrow (A320),Email invite,1,4,3,2,2,1,1,0,0,0,0,0,0,Satisfied but expensive,3,1,0,1,0,0,0,0,0,2x,AOG reduction %
UAE-1369,Risk_Averse_Traditional,Exploring,MRO Engineer/Technician,Independent MRO,11-30,11-20 years,Abu Dhabi,Scheduled/calendar,6-10,$500K-$2M,1445005,1,1,0,1,0,0,0,1,0,0,0,0,0,0,1,2,Regulatory concerns,0,1,0,0,0,0,1,0,On-premise,$3K-$8K,5379,Fixed monthly SaaS,IT/Digital lead,>12 months,0,0,1,1,0,0,0,1,1,1,1,0,0,0,0,7,3,Regional/turboprop,LinkedIn/social media,2,4,2,2,1,1,0,0,0,0,0,0,0,Satisfied but expensive,6,0,1,1,0,1,0,1,0,2x,AOG reduction %
UAE-1370,Risk_Averse_Traditional,Exploring,Fleet/Maintenance Manager,Charter/private aviation,11-30,<2 years,Dubai,Reactive,3-5,<$500K,214846,0,0,1,0,1,0,0,1,1,0,0,0,1,1,1,3,Regulatory concerns,0,1,0,1,0,1,0,0,No preference,$1K-$3K,2013,Per-aircraft/year,Head of Maintenance/CAMO,1-3 months,0,0,1,0,0,0,0,0,1,0,1,0,1,0,0,7,3,Boeing narrow (B737),Email invite,2,5,4,3,2,0,0,0,0,0,1,0,0,Satisfied but expensive,2,1,1,1,1,0,0,1,0,3x in 12 months,Audit pass rate
UAE-1371,Risk_Averse_Traditional,Exploring,IT/Digital Lead,Low-cost carrier,11-30,6-10 years,Dubai,Reactive,3-5,$500K-$2M,951091,1,0,1,1,0,1,0,1,0,0,0,0,1,1,0,2,High upfront cost,0,0,0,0,1,0,1,0,On-premise,$8K-$20K,16727,Per-aircraft/year,C-Suite,3-6 months,1,0,0,0,1,0,0,0,1,1,1,0,0,0,0,8,4,Business jet/helicopter,LinkedIn/social media,1,3,4,1,2,0,0,0,0,0,1,0,0,Dissatisfied - poor accuracy,3,0,0,1,0,0,1,1,0,ROI not primary,Dispatch reliability %
UAE-1372,Risk_Averse_Traditional,Exploring,Fleet/Maintenance Manager,Charter/private aviation,1-10,2-5 years,Dubai,Reactive,10+,$500K-$2M,1236977,0,0,1,0,0,1,1,1,0,0,0,0,0,0,1,1,High upfront cost,0,1,0,1,1,0,0,0,Hybrid,$8K-$20K,14348,Hardware lease + software,C-Suite,>12 months,1,0,0,0,0,1,0,0,0,0,1,0,0,1,0,2,4,Airbus narrow (A320),Aviation publication,1,5,3,1,1,0,1,0,0,0,0,0,0,Dissatisfied - poor accuracy,2,0,1,0,1,1,1,0,0,3x in 12 months,Cost saved per aircraft/yr
UAE-1373,Risk_Averse_Traditional,Not Interested,Fleet/Maintenance Manager,Low-cost carrier,31-80,2-5 years,Other GCC,Scheduled/calendar,6-10,$2M-$10M,7071629,1,0,0,0,0,0,0,0,0,0,0,0,1,0,0,2,Lack data expertise,1,0,0,1,0,0,0,0,On-premise,>$20K,29736,Outcome-based,Procurement/Finance,1-3 months,0,1,0,1,0,0,0,1,1,0,1,0,0,1,0,9,1,Airbus narrow (A320),LinkedIn/social media,2,5,2,3,1,1,1,0,0,0,0,0,1,No platform,4,0,1,1,1,0,1,0,0,ROI not primary,Dispatch reliability %
UAE-1374,Risk_Averse_Traditional,Exploring,Director/VP Operations,Charter/private aviation,11-30,2-5 years,Other GCC,Reactive,3-5,<$500K,193109,0,0,0,1,1,0,0,1,0,0,0,0,0,1,0,2,Lack data expertise,0,0,0,1,0,0,1,0,On-premise,$3K-$8K,7343,Pay-per-insight,C-Suite,>12 months,0,0,0,0,0,0,0,1,0,0,0,0,1,0,0,6,4,Boeing wide (B777/B787),Aviation publication,2,4,4,2,2,0,1,0,0,0,1,0,0,Dissatisfied - hard to integrate,2,1,0,0,0,1,1,1,0,2x,AOG reduction %
UAE-1375,Risk_Averse_Traditional,Exploring,Fleet/Maintenance Manager,Charter/private aviation,11-30,2-5 years,Dubai,Reactive,1-2,<$500K,215014,0,1,0,0,1,0,0,1,0,0,0,0,0,1,0,1,High upfront cost,1,0,0,0,1,0,0,1,Hybrid,$8K-$20K,13116,Outcome-based,C-Suite,6-12 months,0,0,0,0,1,0,0,0,0,0,1,1,0,0,0,5,3,Airbus narrow (A320),Industry event,3,4,3,2,2,0,0,0,0,0,0,0,1,Dissatisfied - poor support,3,1,0,1,1,1,1,1,1,1.5x,Dispatch reliability %
UAE-1376,Risk_Averse_Traditional,Warm,MRO Engineer/Technician,Independent MRO,11-30,11-20 years,Sharjah/Northern Emirates,Condition-based,1-2,$500K-$2M,1204868,0,1,1,0,1,0,0,0,1,0,0,0,1,1,0,4,Regulatory concerns,1,0,0,0,0,0,0,1,Full cloud (SaaS),$1K-$3K,2095,Per-aircraft/year,Joint committee,6-12 months,0,0,0,0,0,1,1,0,0,0,0,0,1,1,0,4,4,Airbus narrow (A320),Industry event,1,4,3,2,2,0,1,0,0,0,0,0,0,Dissatisfied - hard to integrate,6,1,1,0,0,0,0,0,0,3x in 12 months,AOG reduction %
UAE-1377,Risk_Averse_Traditional,Warm,Fleet/Maintenance Manager,Defence/government,11-30,<2 years,Dubai,Scheduled/calendar,3-5,$500K-$2M,1149236,1,0,0,0,1,1,0,1,1,0,0,0,0,0,1,5,High upfront cost,1,0,0,0,0,0,1,1,On-premise,$3K-$8K,5802,Per-aircraft/year,Head of Maintenance/CAMO,6-12 months,1,0,0,1,0,0,0,0,0,0,1,0,1,1,0,6,7,Boeing narrow (B737),LinkedIn/social media,1,3,3,2,1,1,0,0,0,0,0,1,0,Satisfied but expensive,1,1,0,0,1,1,1,1,0,3x in 12 months,AOG reduction %
UAE-1378,Risk_Averse_Traditional,Not Interested,Fleet/Maintenance Manager,Aircraft leasing,31-80,6-10 years,Abu Dhabi,Condition-based,3-5,$2M-$10M,6144877,0,1,1,1,0,0,1,0,0,0,0,1,0,0,0,3,Regulatory concerns,1,1,1,0,0,0,0,0,Full cloud (SaaS),$3K-$8K,5095,Hardware lease + software,IT/Digital lead,>12 months,1,0,1,0,0,0,0,1,1,0,1,1,0,0,0,8,1,Boeing narrow (B737),Email invite,1,5,2,2,2,0,0,0,1,0,0,0,0,Very satisfied,4,0,1,1,1,0,1,1,0,2x,Audit pass rate
UAE-1379,Risk_Averse_Traditional,Exploring,Director/VP Operations,Low-cost carrier,31-80,6-10 years,Other GCC,Scheduled/calendar,3-5,<$500K,210319,1,1,0,1,0,0,1,1,0,0,0,0,0,0,1,2,Lack data expertise,0,0,0,0,0,0,1,1,No preference,>$20K,23767,Hardware lease + software,C-Suite,1-3 months,1,0,0,1,0,0,0,1,1,0,1,1,0,0,0,5,1,Airbus narrow (A320),Email invite,3,5,3,1,2,1,0,0,0,0,0,0,0,Dissatisfied - hard to integrate,4,1,0,0,1,0,1,1,0,3x in 12 months,Dispatch reliability %
UAE-1380,Risk_Averse_Traditional,Not Interested,MRO Engineer/Technician,Defence/government,11-30,2-5 years,Dubai,Scheduled/calendar,3-5,$2M-$10M,4297123,1,1,1,0,0,0,0,0,0,0,0,0,1,0,1,1,Lack data expertise,0,1,0,1,0,0,1,0,Full cloud (SaaS),$8K-$20K,18462,Fixed monthly SaaS,C-Suite,1-3 months,1,0,1,0,1,0,0,0,1,0,1,0,0,1,0,6,2,Boeing narrow (B737),Word of mouth,3,5,3,2,2,0,0,0,0,0,0,0,1,Dissatisfied - poor support,5,1,0,1,1,1,1,1,0,1.5x,Dispatch reliability %
UAE-1381,Risk_Averse_Traditional,Exploring,MRO Engineer/Technician,Commercial airline (full-service),11-30,6-10 years,Outside GCC,Scheduled/calendar,6-10,<$500K,235025,1,1,1,0,1,0,0,0,0,0,0,0,0,0,1,1,Regulatory concerns,1,1,0,0,0,0,0,0,Full cloud (SaaS),$8K-$20K,13013,Outcome-based,Procurement/Finance,<1 month,0,1,0,0,0,0,0,0,1,0,0,1,1,0,0,5,4,Regional/turboprop,Email invite,2,5,4,2,2,0,0,0,1,0,0,0,0,Very satisfied,1,1,0,0,1,1,1,1,0,3x in 12 months,Cost saved per aircraft/yr
UAE-1382,Risk_Averse_Traditional,Not Interested,Fleet/Maintenance Manager,Low-cost carrier,11-30,6-10 years,Abu Dhabi,Scheduled/calendar,1-2,$10M-$50M,20184711,1,1,0,1,0,0,0,0,0,0,0,0,1,0,0,1,High upfront cost,1,0,0,1,0,0,1,0,No preference,$1K-$3K,2286,Fixed monthly SaaS,Joint committee,3-6 months,0,0,0,0,0,0,0,1,1,0,1,0,1,0,0,7,1,Regional/turboprop,Aviation publication,2,4,4,3,3,1,0,0,0,0,1,0,0,Satisfied but expensive,4,0,0,1,0,1,0,0,0,3x in 12 months,AOG reduction %
UAE-1383,Risk_Averse_Traditional,Exploring,Director/VP Operations,Commercial airline (full-service),11-30,6-10 years,Dubai,Scheduled/calendar,3-5,$500K-$2M,1008093,0,0,1,0,0,1,0,1,0,0,0,0,0,0,1,2,High upfront cost,1,0,1,1,0,0,0,0,On-premise,$3K-$8K,5872,Per-aircraft/year,Procurement/Finance,6-12 months,1,0,0,1,0,1,0,1,1,1,0,1,0,0,0,7,5,Business jet/helicopter,Word of mouth,2,5,3,3,2,0,0,0,0,0,0,0,1,Dissatisfied - poor support,4,1,1,0,0,0,1,0,0,3x in 12 months,Dispatch reliability %
UAE-1384,Risk_Averse_Traditional,Warm,MRO Engineer/Technician,Aircraft leasing,1-10,2-5 years,Dubai,Reactive,3-5,<$500K,285224,1,1,0,1,1,0,0,1,0,0,0,0,0,1,0,4,High upfront cost,0,0,0,0,1,1,1,0,Hybrid,$8K-$20K,18206,Per-aircraft/year,C-Suite,3-6 months,0,1,0,1,0,0,0,0,1,1,1,0,0,0,0,3,5,Airbus narrow (A320),Industry event,2,5,3,3,2,0,0,0,0,0,0,1,0,Very satisfied,1,0,1,1,1,1,1,1,0,3x in 12 months,Cost saved per aircraft/yr
UAE-1385,Risk_Averse_Traditional,Exploring,Fleet/Maintenance Manager,Independent MRO,11-30,6-10 years,Abu Dhabi,Predictive (some AI),1-2,$500K-$2M,1307774,0,0,0,1,1,0,1,1,0,0,0,0,0,0,1,1,Lack data expertise,0,0,0,0,1,1,0,0,Hybrid,$1K-$3K,2195,Fixed monthly SaaS,IT/Digital lead,>12 months,1,1,0,0,0,0,1,1,1,0,0,0,0,1,0,6,4,Airbus narrow (A320),Aviation publication,2,5,3,2,2,0,0,0,0,0,0,0,1,No platform,4,0,1,1,1,1,0,1,0,2x,AOG reduction %
UAE-1386,Risk_Averse_Traditional,Not Interested,Fleet/Maintenance Manager,Aircraft leasing,1-10,2-5 years,Dubai,Full predictive + digital twin,6-10,$500K-$2M,1286378,0,1,1,1,0,0,0,1,0,0,0,0,1,0,1,4,Cybersecurity,1,0,0,1,1,0,0,0,On-premise,$3K-$8K,5659,Pay-per-insight,Procurement/Finance,3-6 months,1,0,1,0,0,0,0,0,1,0,1,0,1,0,0,7,5,Boeing narrow (B737),Email invite,2,5,4,2,2,0,1,0,0,0,0,0,0,Satisfied but expensive,1,1,0,1,0,1,0,1,0,1.5x,Cost saved per aircraft/yr
UAE-1387,Risk_Averse_Traditional,Not Interested,C-Suite,Low-cost carrier,11-30,6-10 years,Dubai,Scheduled/calendar,0,$2M-$10M,6330776,0,1,1,1,1,0,1,0,0,0,0,0,0,1,0,1,Legacy integration,1,1,0,0,0,0,1,0,Hybrid,$8K-$20K,13560,Pay-per-insight,Joint committee,1-3 months,0,0,0,0,0,0,0,1,1,1,0,1,0,0,0,6,2,Boeing narrow (B737),Aviation publication,2,5,3,2,2,0,0,0,0,0,0,0,1,Very satisfied,4,1,1,0,0,1,1,1,0,2x,Cost saved per aircraft/yr
UAE-1388,Risk_Averse_Traditional,Not Interested,MRO Engineer/Technician,Low-cost carrier,1-10,2-5 years,Dubai,Reactive,6-10,$2M-$10M,6961071,1,1,1,0,0,0,0,0,0,0,1,0,0,0,0,1,Regulatory concerns,1,1,0,1,0,0,0,0,On-premise,$3K-$8K,3984,Outcome-based,C-Suite,>12 months,1,1,1,1,0,1,1,0,1,1,0,1,0,0,0,6,3,Boeing wide (B777/B787),Industry event,3,4,3,3,2,0,0,0,0,0,0,1,0,No platform,5,0,1,1,0,0,0,1,0,2x,Dispatch reliability %
UAE-1389,Risk_Averse_Traditional,Exploring,Fleet/Maintenance Manager,Independent MRO,1-10,20+ years,Other GCC,Scheduled/calendar,3-5,<$500K,287452,1,1,1,0,1,0,1,1,0,0,0,0,1,0,1,1,No barriers,0,0,0,1,0,0,1,0,Full cloud (SaaS),$3K-$8K,5311,Pay-per-insight,Procurement/Finance,1-3 months,1,0,0,0,1,0,1,0,0,0,0,1,1,0,0,6,4,Boeing narrow (B737),Industry event,2,5,1,1,1,0,1,0,0,0,0,0,0,Very satisfied,3,1,1,1,1,0,0,1,0,2x,AOG reduction %
UAE-1390,Risk_Averse_Traditional,Exploring,MRO Engineer/Technician,Independent MRO,1-10,6-10 years,Abu Dhabi,Reactive,3-5,<$500K,259018,0,1,1,1,0,1,1,0,1,1,0,0,0,1,0,2,Regulatory concerns,0,0,0,1,0,0,1,0,On-premise,$3K-$8K,4550,Pay-per-insight,Procurement/Finance,3-6 months,1,0,1,0,1,0,1,0,0,1,1,0,1,0,0,7,5,Boeing narrow (B737),Word of mouth,1,3,3,3,3,1,0,0,0,0,1,1,0,Dissatisfied - hard to integrate,4,1,1,0,0,0,1,0,0,5x+,Cost saved per aircraft/yr
UAE-1391,Risk_Averse_Traditional,Exploring,MRO Engineer/Technician,Low-cost carrier,1-10,6-10 years,Abu Dhabi,Predictive (some AI),10+,<$500K,222625,0,0,1,0,0,0,0,1,0,0,0,0,0,1,1,2,High upfront cost,1,0,0,0,0,0,1,1,On-premise,$1K-$3K,1837,Hardware lease + software,Procurement/Finance,3-6 months,1,0,0,0,0,1,0,1,0,1,1,1,0,0,0,5,1,Boeing wide (B777/B787),Industry event,2,4,3,1,2,1,0,0,0,0,1,1,1,Satisfied but expensive,1,0,1,1,1,1,0,1,0,2x,Cost saved per aircraft/yr
UAE-1392,Risk_Averse_Traditional,Not Interested,Fleet/Maintenance Manager,Independent MRO,11-30,6-10 years,Sharjah/Northern Emirates,Reactive,6-10,<$500K,290797,1,0,1,0,1,0,1,0,0,0,1,0,0,1,0,2,Lack data expertise,0,1,0,0,0,0,0,0,On-premise,>$20K,26595,Pay-per-insight,Head of Maintenance/CAMO,3-6 months,1,0,0,1,1,1,0,0,0,1,1,0,0,0,0,8,1,Airbus narrow (A320),Industry event,1,1,1,1,1,0,0,0,0,0,0,1,0,No platform,3,0,1,1,1,1,0,1,0,ROI not primary,Dispatch reliability %
UAE-1393,Risk_Averse_Traditional,Not Interested,Director/VP Operations,Low-cost carrier,1-10,20+ years,Dubai,Scheduled/calendar,1-2,$10M-$50M,36556958,1,1,1,1,1,0,0,1,0,0,0,0,0,1,0,1,No barriers,0,0,0,1,0,0,1,0,No preference,>$20K,42408,Fixed monthly SaaS,Procurement/Finance,3-6 months,0,0,0,1,0,1,0,1,1,1,0,0,0,1,0,5,3,Boeing narrow (B737),LinkedIn/social media,2,4,3,2,2,1,0,0,0,0,0,0,1,Very satisfied,7,1,1,0,0,1,1,0,0,3x in 12 months,Component lifespan extension
UAE-1394,Risk_Averse_Traditional,Not Interested,MRO Engineer/Technician,Aircraft leasing,1-10,<2 years,Other GCC,Scheduled/calendar,6-10,<$500K,267022,0,0,0,0,0,0,1,0,0,1,0,0,0,0,0,1,Regulatory concerns,1,0,0,1,0,0,0,1,Hybrid,$3K-$8K,4944,Outcome-based,IT/Digital lead,6-12 months,1,0,0,0,0,1,0,1,1,1,1,0,0,0,0,7,1,Regional/turboprop,Word of mouth,2,5,3,1,3,1,0,0,0,0,0,1,0,Dissatisfied - hard to integrate,1,1,0,1,0,1,1,1,0,2x,Cost saved per aircraft/yr
UAE-1395,Risk_Averse_Traditional,Not Interested,Director/VP Operations,Low-cost carrier,11-30,11-20 years,Other GCC,Reactive,0,$10M-$50M,20694817,1,0,1,0,0,1,0,0,0,1,0,0,0,0,1,1,No barriers,1,0,0,0,0,0,1,0,Full cloud (SaaS),<$1K,361,Pay-per-insight,Joint committee,3-6 months,1,1,0,0,0,0,0,0,1,1,1,0,0,0,0,8,1,Boeing narrow (B737),LinkedIn/social media,2,5,3,3,3,0,0,0,0,0,1,0,0,Dissatisfied - hard to integrate,2,1,1,1,1,0,1,1,0,1.5x,AOG reduction %
UAE-1396,Risk_Averse_Traditional,Not Interested,Fleet/Maintenance Manager,Independent MRO,200+,20+ years,Dubai,Scheduled/calendar,6-10,$10M-$50M,33316602,1,0,1,1,0,1,0,1,0,0,0,0,1,1,0,1,Regulatory concerns,1,0,0,0,0,0,1,0,On-premise,$8K-$20K,16328,Outcome-based,Head of Maintenance/CAMO,6-12 months,0,1,1,0,1,1,0,0,0,0,1,0,0,0,1,5,1,Airbus narrow (A320),Email invite,2,4,3,2,3,1,1,0,0,0,0,0,0,Dissatisfied - poor accuracy,2,1,1,0,1,0,1,0,0,5x+,AOG reduction %
UAE-1397,Risk_Averse_Traditional,Not Interested,Director/VP Operations,Commercial airline (full-service),1-10,11-20 years,Other GCC,Reactive,6-10,<$500K,219105,1,0,1,1,1,0,0,0,0,0,0,0,0,1,0,1,Cybersecurity,1,0,0,0,1,0,0,0,No preference,$8K-$20K,12061,Fixed monthly SaaS,Procurement/Finance,3-6 months,0,1,0,0,0,0,1,0,1,0,1,0,0,0,0,6,1,Business jet/helicopter,Email invite,2,4,4,1,2,0,0,1,0,0,0,0,0,Dissatisfied - hard to integrate,6,0,0,0,1,0,1,1,0,5x+,AOG reduction %
UAE-1398,Risk_Averse_Traditional,Exploring,MRO Engineer/Technician,Commercial airline (full-service),81-200,6-10 years,Sharjah/Northern Emirates,Condition-based,1-2,$10M-$50M,25771757,1,1,0,1,0,0,1,0,0,0,0,0,0,1,0,1,High upfront cost,0,1,1,0,1,0,0,0,Hybrid,>$20K,21872,Pay-per-insight,Head of Maintenance/CAMO,3-6 months,0,0,0,0,0,0,1,0,0,0,1,1,0,0,1,4,6,Boeing narrow (B737),Email invite,2,5,2,2,3,0,0,0,0,0,0,0,1,Dissatisfied - poor accuracy,5,0,1,1,0,0,1,0,1,3x in 12 months,Dispatch reliability %
UAE-1399,Risk_Averse_Traditional,Not Interested,Fleet/Maintenance Manager,Independent MRO,11-30,6-10 years,Dubai,Reactive,1-2,$2M-$10M,6601499,1,0,0,0,0,1,0,0,0,0,0,0,1,0,1,1,High upfront cost,1,1,0,1,0,0,0,0,On-premise,$3K-$8K,5809,Outcome-based,Joint committee,>12 months,1,0,0,1,0,0,0,0,1,0,0,0,1,1,0,9,1,Regional/turboprop,Industry event,1,5,4,1,3,0,0,0,0,0,0,0,1,Very satisfied,3,1,1,0,1,0,1,0,0,2x,Dispatch reliability %
UAE-1400,Risk_Averse_Traditional,Exploring,MRO Engineer/Technician,Aircraft leasing,1-10,<2 years,Abu Dhabi,Scheduled/calendar,6-10,$2M-$10M,6702908,0,0,1,0,0,0,0,0,0,0,0,0,0,1,0,1,Lack data expertise,1,0,0,1,1,0,0,0,On-premise,$3K-$8K,6138,Pay-per-insight,Joint committee,>12 months,1,0,1,1,0,0,1,0,1,1,0,1,0,0,0,7,4,Boeing narrow (B737),LinkedIn/social media,2,4,4,2,1,1,0,0,0,0,0,1,0,Dissatisfied - hard to integrate,2,0,1,1,1,0,0,1,0,5x+,Dispatch reliability %
UAE-1401,Risk_Averse_Traditional,Exploring,MRO Engineer/Technician,Charter/private aviation,81-200,11-20 years,Sharjah/Northern Emirates,Scheduled/calendar,10+,>$50M,76426169,1,1,0,0,1,0,1,0,0,1,0,0,0,0,0,2,Legacy integration,0,1,0,0,1,0,1,0,On-premise,$1K-$3K,1519,Hardware lease + software,Head of Maintenance/CAMO,6-12 months,0,1,1,1,0,0,1,0,1,0,1,1,0,0,0,9,4,Airbus narrow (A320),Industry event,2,4,3,2,3,1,0,0,0,0,1,1,1,Satisfied but expensive,3,0,0,0,0,0,1,0,0,3x in 12 months,Cost saved per aircraft/yr
UAE-1402,Risk_Averse_Traditional,Not Interested,Fleet/Maintenance Manager,Charter/private aviation,31-80,20+ years,Other GCC,Predictive (some AI),3-5,$500K-$2M,1393821,1,1,1,1,0,0,0,1,0,0,0,0,1,0,0,1,Lack data expertise,1,0,0,0,1,1,0,0,Hybrid,$1K-$3K,2070,Per-aircraft/year,Joint committee,6-12 months,0,0,0,1,0,1,0,1,1,0,1,0,1,0,0,6,3,Airbus narrow (A320),Industry event,1,1,1,1,1,1,0,0,0,0,1,0,0,Dissatisfied - hard to integrate,3,1,1,0,0,1,0,1,0,3x in 12 months,AOG reduction %
UAE-1403,Risk_Averse_Traditional,Warm,MRO Engineer/Technician,Low-cost carrier,31-80,2-5 years,Dubai,Reactive,3-5,$10M-$50M,36272660,0,1,1,0,0,1,1,0,1,1,0,0,0,0,0,3,Regulatory concerns,0,0,1,1,0,0,1,0,On-premise,$3K-$8K,5667,Per-aircraft/year,C-Suite,3-6 months,1,0,1,0,0,0,0,0,0,0,0,0,1,0,0,3,7,Boeing narrow (B737),Email invite,2,4,4,2,2,0,0,1,0,0,0,1,0,Dissatisfied - hard to integrate,2,0,1,1,0,0,0,0,0,1.5x,Component lifespan extension
UAE-1404,Risk_Averse_Traditional,Exploring,Fleet/Maintenance Manager,Independent MRO,11-30,2-5 years,Dubai,Reactive,1-2,$2M-$10M,6101416,0,0,1,0,1,0,1,1,0,0,0,0,0,1,1,1,Lack data expertise,1,0,1,1,0,0,0,0,Hybrid,$8K-$20K,12330,Hardware lease + software,Head of Maintenance/CAMO,3-6 months,1,0,0,1,0,1,0,0,1,0,1,1,0,0,0,6,6,Airbus narrow (A320),Word of mouth,2,5,3,2,3,0,1,0,0,1,1,0,1,No platform,4,0,0,1,0,0,1,1,0,3x in 12 months,AOG reduction %
UAE-1405,Risk_Averse_Traditional,Not Interested,Director/VP Operations,Commercial airline (full-service),11-30,11-20 years,Dubai,Condition-based,6-10,<$500K,225897,1,0,0,0,0,0,1,1,0,0,0,0,0,1,1,2,High upfront cost,1,0,0,1,1,0,0,0,On-premise,$8K-$20K,13262,Fixed monthly SaaS,Joint committee,6-12 months,0,1,0,0,0,0,0,0,1,1,1,0,0,0,0,5,3,Airbus narrow (A320),LinkedIn/social media,3,5,3,2,3,0,0,0,0,0,1,0,1,Dissatisfied - hard to integrate,4,1,1,1,0,0,1,1,0,3x in 12 months,AOG reduction %
UAE-1406,Risk_Averse_Traditional,Not Interested,MRO Engineer/Technician,Low-cost carrier,31-80,11-20 years,Outside GCC,Condition-based,10+,$500K-$2M,1557177,1,1,0,0,1,0,0,0,0,0,0,0,0,1,0,1,Lack data expertise,0,0,0,0,0,0,1,1,On-premise,>$20K,27165,Per-aircraft/year,C-Suite,1-3 months,0,0,1,0,1,0,0,0,1,1,1,0,0,0,0,6,2,Airbus narrow (A320),LinkedIn/social media,1,5,4,2,2,1,0,1,0,0,0,0,0,Satisfied but expensive,5,0,1,0,1,0,1,1,0,1.5x,Audit pass rate
UAE-1407,Risk_Averse_Traditional,Not Interested,Fleet/Maintenance Manager,Charter/private aviation,200+,2-5 years,Dubai,Full predictive + digital twin,1-2,>$50M,84809926,1,0,1,1,0,0,0,0,0,0,1,1,0,0,0,1,High upfront cost,1,0,0,0,0,0,1,0,On-premise,$8K-$20K,12515,Per-aircraft/year,C-Suite,6-12 months,1,0,1,0,0,0,0,0,1,1,0,0,0,0,0,6,2,Business jet/helicopter,LinkedIn/social media,1,5,4,1,2,1,0,0,0,1,0,0,0,Very satisfied,3,1,1,0,0,1,1,0,0,Strategic value,Cost saved per aircraft/yr
UAE-1408,Risk_Averse_Traditional,Not Interested,Procurement/Finance,Commercial airline (full-service),31-80,20+ years,Abu Dhabi,Scheduled/calendar,6-10,$10M-$50M,33977924,1,1,1,1,1,0,1,0,0,1,1,0,1,0,0,3,High upfront cost,0,0,1,1,0,1,0,0,On-premise,$3K-$8K,3831,Hardware lease + software,IT/Digital lead,3-6 months,1,0,1,0,1,1,1,1,1,1,0,0,0,1,0,7,1,Airbus narrow (A320),Email invite,1,4,3,2,1,0,0,0,0,0,1,0,0,No platform,7,0,0,0,1,0,0,1,0,2x,AOG reduction %
UAE-1409,Risk_Averse_Traditional,Warm,MRO Engineer/Technician,Independent MRO,1-10,6-10 years,Other GCC,Predictive (some AI),3-5,$2M-$10M,6239560,0,0,1,1,0,0,0,1,0,0,0,0,1,0,1,4,Lack data expertise,1,0,0,0,0,0,0,1,Hybrid,$8K-$20K,11233,Fixed monthly SaaS,IT/Digital lead,<1 month,0,0,0,0,0,1,1,0,1,1,1,0,0,0,0,5,6,Boeing narrow (B737),Word of mouth,1,4,4,3,2,0,0,0,0,0,0,1,0,Dissatisfied - hard to integrate,5,1,1,0,0,0,1,1,0,1.5x,Dispatch reliability %
UAE-1410,Risk_Averse_Traditional,Not Interested,Fleet/Maintenance Manager,Aircraft leasing,81-200,6-10 years,Dubai,Reactive,10+,>$50M,73247752,1,1,1,1,0,1,0,0,0,0,0,0,0,1,1,1,Lack data expertise,0,0,0,1,0,0,0,0,Hybrid,$8K-$20K,16749,Hardware lease + software,C-Suite,>12 months,1,1,0,0,0,0,1,1,1,0,1,0,0,1,0,10,3,Boeing wide (B777/B787),LinkedIn/social media,1,4,3,2,2,0,0,0,0,0,1,0,0,No platform,4,1,0,1,1,1,1,1,0,5x+,Dispatch reliability %
UAE-1411,Risk_Averse_Traditional,Exploring,Procurement/Finance,Commercial airline (full-service),11-30,20+ years,Dubai,Condition-based,0,$2M-$10M,6902528,1,0,1,1,0,0,0,0,0,0,1,0,0,0,0,3,High upfront cost,1,0,0,1,1,0,0,0,Hybrid,$1K-$3K,1881,Outcome-based,Procurement/Finance,3-6 months,1,0,1,1,0,0,0,0,1,0,0,1,0,0,0,4,4,Airbus narrow (A320),LinkedIn/social media,3,4,4,2,2,0,0,0,0,1,0,0,0,Very satisfied,3,1,1,0,0,0,1,0,0,3x in 12 months,Unscheduled maintenance reduction
UAE-1412,Risk_Averse_Traditional,Warm,MRO Engineer/Technician,Defence/government,11-30,6-10 years,Dubai,Predictive (some AI),10+,$500K-$2M,1076857,0,1,0,0,0,1,1,0,0,0,0,1,0,0,0,1,High upfront cost,1,0,1,1,0,0,0,0,Full cloud (SaaS),>$20K,22396,Hardware lease + software,Joint committee,3-6 months,1,0,1,1,0,0,1,1,1,0,1,0,1,0,0,4,7,Business jet/helicopter,LinkedIn/social media,2,4,3,2,3,0,0,0,0,0,0,0,1,Dissatisfied - poor support,5,1,1,0,0,1,1,0,0,3x in 12 months,AOG reduction %
UAE-1413,Risk_Averse_Traditional,Not Interested,Fleet/Maintenance Manager,Commercial airline (full-service),11-30,2-5 years,Dubai,Scheduled/calendar,3-5,$500K-$2M,1363653,1,1,1,0,0,1,1,1,1,0,0,0,0,1,0,1,Cybersecurity,1,0,0,1,1,0,0,0,On-premise,$3K-$8K,5151,Fixed monthly SaaS,Joint committee,6-12 months,0,0,0,0,0,0,0,1,0,1,0,1,0,0,1,10,3,Airbus narrow (A320),LinkedIn/social media,4,4,4,4,4,0,0,0,0,0,1,1,1,Dissatisfied - poor accuracy,3,1,0,1,1,0,1,0,0,5x+,Audit pass rate
UAE-1414,Risk_Averse_Traditional,Exploring,MRO Engineer/Technician,Defence/government,31-80,11-20 years,Dubai,Scheduled/calendar,3-5,$2M-$10M,5291017,1,1,0,1,1,0,0,0,0,0,1,0,0,0,0,1,High upfront cost,0,1,0,0,1,0,0,0,No preference,$3K-$8K,5148,Hardware lease + software,Head of Maintenance/CAMO,>12 months,0,0,0,0,0,1,0,1,1,0,0,0,0,0,0,6,4,Boeing narrow (B737),Word of mouth,1,4,2,2,1,0,0,0,0,0,0,1,0,Satisfied but expensive,3,0,1,0,1,0,1,1,0,Strategic value,Cost saved per aircraft/yr
UAE-1415,Risk_Averse_Traditional,Warm,Director/VP Operations,Low-cost carrier,1-10,<2 years,Sharjah/Northern Emirates,Predictive (some AI),0,$2M-$10M,6827267,1,1,1,1,0,1,0,0,0,1,0,0,0,1,1,3,Legacy integration,0,0,0,1,0,1,1,0,Hybrid,$3K-$8K,6209,Pay-per-insight,IT/Digital lead,3-6 months,0,0,0,0,0,0,0,1,1,1,1,0,0,0,0,6,2,Airbus narrow (A320),LinkedIn/social media,2,2,3,2,1,0,0,0,0,0,1,0,0,Dissatisfied - hard to integrate,6,1,0,0,1,1,1,1,0,5x+,AOG reduction %
UAE-1416,Risk_Averse_Traditional,Exploring,Director/VP Operations,Commercial airline (full-service),31-80,20+ years,Sharjah/Northern Emirates,Condition-based,10+,$2M-$10M,6257414,1,0,1,1,0,0,0,0,0,0,0,0,0,1,0,1,High upfront cost,1,1,0,1,0,0,0,0,On-premise,>$20K,35385,Fixed monthly SaaS,Head of Maintenance/CAMO,3-6 months,1,1,1,0,0,0,1,0,1,1,1,0,0,0,0,3,2,Airbus narrow (A320),Word of mouth,1,5,3,2,2,0,1,0,0,0,0,0,0,Very satisfied,4,1,1,1,0,0,1,0,1,2x,AOG reduction %
UAE-1417,Risk_Averse_Traditional,Not Interested,Director/VP Operations,Independent MRO,31-80,6-10 years,Dubai,Condition-based,6-10,$2M-$10M,6070269,1,0,1,0,1,1,1,1,0,0,0,0,0,1,1,2,Lack data expertise,0,0,0,0,1,0,1,0,No preference,$3K-$8K,5606,Per-aircraft/year,Joint committee,3-6 months,1,0,1,1,1,0,1,0,0,0,0,0,1,1,0,7,1,Boeing narrow (B737),LinkedIn/social media,2,5,2,1,3,0,0,0,0,0,0,1,1,Dissatisfied - poor support,3,0,0,0,1,1,1,1,0,3x in 12 months,Component lifespan extension
UAE-1418,Risk_Averse_Traditional,Exploring,MRO Engineer/Technician,Aircraft leasing,1-10,11-20 years,Other GCC,Scheduled/calendar,6-10,$500K-$2M,1359636,1,1,1,1,1,0,1,0,0,0,0,0,0,1,0,1,Lack data expertise,1,0,0,1,0,1,0,0,Full cloud (SaaS),$8K-$20K,10287,Per-aircraft/year,IT/Digital lead,1-3 months,1,0,0,0,0,0,0,0,1,0,0,1,1,0,0,5,4,Airbus narrow (A320),Word of mouth,1,1,1,1,1,0,1,0,0,0,0,0,0,Dissatisfied - poor support,1,1,0,1,1,1,0,1,0,5x+,Dispatch reliability %
UAE-1419,Risk_Averse_Traditional,Not Interested,Procurement/Finance,Commercial airline (full-service),11-30,6-10 years,Abu Dhabi,Scheduled/calendar,0,$2M-$10M,6950437,1,0,0,0,1,0,0,1,0,0,0,0,0,1,0,1,High upfront cost,1,0,0,1,0,0,1,0,No preference,$1K-$3K,2082,Outcome-based,IT/Digital lead,>12 months,0,1,0,1,0,0,0,0,1,0,0,1,0,1,0,6,4,Airbus narrow (A320),Word of mouth,3,4,3,2,3,0,0,0,0,0,0,0,1,Dissatisfied - poor support,3,1,1,1,1,1,0,1,0,5x+,Cost saved per aircraft/yr
UAE-1420,Risk_Averse_Traditional,Exploring,Director/VP Operations,Commercial airline (full-service),11-30,2-5 years,Dubai,Condition-based,0,$500K-$2M,1057832,1,0,1,1,0,1,0,0,0,1,0,1,1,0,1,1,Legacy integration,0,0,0,0,0,0,0,1,Full cloud (SaaS),$1K-$3K,1998,Outcome-based,Joint committee,>12 months,0,0,0,0,0,1,1,1,0,0,0,0,0,1,0,8,5,Boeing narrow (B737),Email invite,1,5,3,3,4,0,0,0,0,0,1,0,0,Dissatisfied - hard to integrate,2,1,1,0,1,1,0,0,0,ROI not primary,Unscheduled maintenance reduction
UAE-1421,Risk_Averse_Traditional,Not Interested,MRO Engineer/Technician,Independent MRO,11-30,11-20 years,Dubai,Scheduled/calendar,3-5,$2M-$10M,6721444,0,0,0,1,1,0,0,0,0,1,0,0,1,0,0,1,Legacy integration,0,0,0,1,0,0,1,0,Hybrid,$1K-$3K,1959,Fixed monthly SaaS,C-Suite,<1 month,1,0,0,1,0,1,1,0,1,0,1,0,0,0,0,8,1,Airbus narrow (A320),Email invite,4,4,4,1,2,0,0,0,0,0,0,0,1,Dissatisfied - poor accuracy,5,0,1,0,0,0,0,0,0,ROI not primary,Component lifespan extension
UAE-1422,Risk_Averse_Traditional,Exploring,MRO Engineer/Technician,Independent MRO,11-30,20+ years,Sharjah/Northern Emirates,Condition-based,1-2,$2M-$10M,5525162,1,1,1,1,0,0,0,1,0,0,0,0,0,0,1,1,High upfront cost,1,1,0,0,0,0,0,0,On-premise,$1K-$3K,1986,Pay-per-insight,Head of Maintenance/CAMO,6-12 months,1,0,0,0,0,1,0,0,1,1,1,0,0,0,0,6,5,Regional/turboprop,Industry event,3,4,3,1,2,1,1,0,0,0,0,0,1,No platform,4,1,1,0,1,0,1,1,0,2x,Component lifespan extension
UAE-1423,Risk_Averse_Traditional,Not Interested,Fleet/Maintenance Manager,Commercial airline (full-service),1-10,6-10 years,Sharjah/Northern Emirates,Reactive,3-5,$500K-$2M,1147689,0,1,1,1,0,1,1,0,0,0,0,0,0,1,0,2,Regulatory concerns,1,0,0,0,1,1,0,0,Full cloud (SaaS),$8K-$20K,15172,Hardware lease + software,Head of Maintenance/CAMO,6-12 months,1,0,1,1,0,0,0,0,1,0,0,0,1,0,0,8,1,Business jet/helicopter,LinkedIn/social media,1,3,3,2,2,0,0,1,0,0,0,1,1,Satisfied but expensive,4,0,0,1,1,1,1,1,0,5x+,Dispatch reliability %
UAE-1424,Risk_Averse_Traditional,Not Interested,Fleet/Maintenance Manager,Independent MRO,11-30,11-20 years,Sharjah/Northern Emirates,Scheduled/calendar,1-2,$2M-$10M,6347239,0,1,1,1,1,1,1,0,0,0,0,0,0,1,1,1,Legacy integration,1,0,0,0,0,0,0,0,On-premise,<$1K,504,Hardware lease + software,C-Suite,3-6 months,0,0,0,0,0,1,0,1,1,1,1,0,0,0,0,5,1,Airbus narrow (A320),LinkedIn/social media,2,4,4,2,2,0,0,0,0,0,0,0,1,Satisfied but expensive,3,0,0,0,0,1,1,1,0,ROI not primary,Dispatch reliability %
UAE-1425,Risk_Averse_Traditional,Exploring,Fleet/Maintenance Manager,Low-cost carrier,11-30,11-20 years,Dubai,Predictive (some AI),3-5,$500K-$2M,1389927,1,1,0,1,0,0,0,1,0,0,0,0,0,0,1,2,Regulatory concerns,1,0,0,0,1,0,0,1,Full cloud (SaaS),$8K-$20K,15748,Per-aircraft/year,Head of Maintenance/CAMO,3-6 months,0,0,0,0,0,1,0,1,0,1,0,1,1,0,0,3,6,Airbus wide (A330/A350/A380),Email invite,3,4,3,1,1,0,0,0,0,0,0,1,0,Satisfied but expensive,2,1,0,1,1,1,0,0,0,1.5x,AOG reduction %
UAE-1426,Risk_Averse_Traditional,Warm,MRO Engineer/Technician,Aircraft leasing,11-30,<2 years,Dubai,Reactive,1-2,<$500K,229744,1,0,0,1,0,0,0,0,0,0,0,0,0,1,0,3,Regulatory concerns,0,0,0,0,0,0,1,0,On-premise,$1K-$3K,1654,Per-aircraft/year,C-Suite,1-3 months,1,1,1,1,0,1,0,0,0,0,1,0,0,1,0,3,6,Boeing narrow (B737),Aviation publication,1,5,4,4,3,0,1,0,0,0,0,0,0,Dissatisfied - poor accuracy,3,0,1,0,1,0,1,0,0,2x,Cost saved per aircraft/yr
UAE-1427,Risk_Averse_Traditional,Not Interested,MRO Engineer/Technician,Aircraft leasing,1-10,11-20 years,Sharjah/Northern Emirates,Scheduled/calendar,1-2,$500K-$2M,1133700,1,0,1,0,1,1,1,1,0,0,0,0,1,0,1,2,Lack data expertise,1,1,0,0,1,0,0,0,Hybrid,<$1K,529,Per-aircraft/year,Joint committee,6-12 months,0,0,0,1,0,1,1,0,0,1,1,0,1,0,0,7,3,Boeing narrow (B737),LinkedIn/social media,1,4,4,2,2,1,0,0,0,0,0,0,0,Dissatisfied - poor support,3,0,1,1,1,1,0,0,0,5x+,Dispatch reliability %
UAE-1428,Risk_Averse_Traditional,Exploring,Director/VP Operations,Charter/private aviation,31-80,20+ years,Abu Dhabi,Condition-based,3-5,$2M-$10M,5247958,0,0,1,1,1,0,0,1,0,1,0,0,0,1,0,3,Cybersecurity,0,0,0,0,1,0,0,0,On-premise,$8K-$20K,11434,Outcome-based,C-Suite,>12 months,0,0,1,1,0,1,0,0,1,0,1,1,0,0,0,6,5,Boeing narrow (B737),Email invite,1,5,3,3,1,1,0,0,0,0,0,0,1,Dissatisfied - hard to integrate,2,1,1,1,0,1,1,1,1,3x in 12 months,Dispatch reliability %
UAE-1429,Risk_Averse_Traditional,Warm,IT/Digital Lead,Charter/private aviation,1-10,20+ years,Dubai,Predictive (some AI),3-5,$500K-$2M,1020457,1,1,1,0,1,1,0,1,0,1,0,0,1,1,0,2,Lack data expertise,0,0,0,1,0,0,0,0,Full cloud (SaaS),$8K-$20K,18009,Per-aircraft/year,IT/Digital lead,6-12 months,0,1,0,0,1,0,1,0,1,0,0,0,1,0,0,5,6,Boeing narrow (B737),Email invite,1,5,3,3,1,1,0,0,0,1,0,0,0,Dissatisfied - hard to integrate,2,1,1,0,1,0,1,0,0,5x+,AOG reduction %
UAE-1430,Risk_Averse_Traditional,Warm,Director/VP Operations,Defence/government,11-30,20+ years,Dubai,Scheduled/calendar,10+,$500K-$2M,1392177,0,1,0,0,0,0,0,1,0,1,1,0,1,1,1,5,Lack data expertise,1,1,0,1,0,0,0,0,Hybrid,$8K-$20K,15505,Pay-per-insight,C-Suite,3-6 months,1,0,0,0,0,1,0,0,0,1,0,0,1,0,0,3,5,Airbus narrow (A320),Email invite,2,4,4,1,1,0,0,0,0,0,1,0,0,Dissatisfied - hard to integrate,2,1,1,1,1,1,1,1,0,1.5x,Cost saved per aircraft/yr
UAE-1431,Risk_Averse_Traditional,Exploring,Procurement/Finance,Commercial airline (full-service),11-30,20+ years,Dubai,Reactive,3-5,$2M-$10M,3440450,0,1,1,1,1,0,0,1,0,0,0,0,0,0,1,1,High upfront cost,1,0,1,0,1,0,0,0,Hybrid,$1K-$3K,2225,Fixed monthly SaaS,Joint committee,6-12 months,0,1,0,1,0,1,0,0,0,0,1,0,1,0,1,6,6,Regional/turboprop,LinkedIn/social media,3,5,3,2,1,0,0,0,0,0,1,0,0,Very satisfied,1,0,0,1,1,0,1,0,1,5x+,Cost saved per aircraft/yr
UAE-1432,Risk_Averse_Traditional,Exploring,Director/VP Operations,Commercial airline (full-service),31-80,11-20 years,Dubai,Scheduled/calendar,10+,$500K-$2M,1268876,1,1,1,1,0,1,0,1,0,1,0,0,0,0,0,2,Legacy integration,0,0,1,1,0,0,1,0,On-premise,$8K-$20K,14729,Per-aircraft/year,C-Suite,6-12 months,0,0,0,1,0,0,1,1,0,1,0,0,0,1,0,5,5,Boeing narrow (B737),Industry event,3,5,4,2,3,0,1,0,0,0,0,0,0,Dissatisfied - poor accuracy,3,1,1,1,0,1,0,0,0,3x in 12 months,Component lifespan extension
UAE-1433,Risk_Averse_Traditional,Exploring,Director/VP Operations,Commercial airline (full-service),11-30,11-20 years,Dubai,Condition-based,3-5,$2M-$10M,6460399,1,1,0,0,0,0,1,1,1,0,0,0,0,0,0,2,Lack data expertise,1,0,1,1,0,0,0,0,Hybrid,$1K-$3K,1956,Outcome-based,Procurement/Finance,1-3 months,0,0,0,0,0,0,0,1,0,0,0,0,0,0,1,5,4,Airbus narrow (A320),Email invite,2,4,4,3,2,0,0,0,0,1,1,0,1,Dissatisfied - poor support,5,1,1,0,1,1,1,0,0,Strategic value,Cost saved per aircraft/yr
UAE-1434,Risk_Averse_Traditional,Not Interested,MRO Engineer/Technician,Commercial airline (full-service),11-30,2-5 years,Dubai,Reactive,1-2,<$500K,236666,0,1,1,0,1,0,0,1,0,1,0,0,1,0,0,3,Legacy integration,1,1,0,0,0,1,0,0,Full cloud (SaaS),<$1K,539,Per-aircraft/year,Procurement/Finance,3-6 months,0,1,1,0,0,1,0,0,1,0,1,1,0,0,0,7,1,Airbus narrow (A320),Aviation publication,2,4,2,2,1,0,0,0,0,0,1,0,0,No platform,4,1,0,1,1,1,0,1,0,1.5x,AOG reduction %
UAE-1435,Risk_Averse_Traditional,Hot,Director/VP Operations,Low-cost carrier,1-10,20+ years,Dubai,Scheduled/calendar,1-2,<$500K,298985,0,1,0,0,1,0,0,1,0,1,0,0,0,1,0,2,High upfront cost,0,0,0,0,0,1,1,0,Hybrid,$1K-$3K,2616,Pay-per-insight,IT/Digital lead,3-6 months,0,0,0,0,1,0,1,1,1,1,1,0,0,0,0,3,7,Airbus narrow (A320),Industry event,2,4,3,2,1,0,0,0,0,0,0,0,1,Dissatisfied - poor accuracy,4,1,1,1,1,1,0,1,0,3x in 12 months,AOG reduction %
UAE-1436,Risk_Averse_Traditional,Not Interested,Director/VP Operations,Low-cost carrier,31-80,6-10 years,Dubai,Condition-based,6-10,$10M-$50M,28711643,0,0,1,1,0,0,1,0,0,0,0,0,1,1,0,1,Legacy integration,0,0,1,0,0,0,1,1,Hybrid,$8K-$20K,15388,Outcome-based,Procurement/Finance,6-12 months,1,0,1,0,0,1,1,1,0,0,1,0,0,0,0,6,1,Boeing narrow (B737),Email invite,3,4,2,2,2,0,1,0,0,0,0,0,0,Dissatisfied - hard to integrate,3,1,0,0,0,1,1,1,1,3x in 12 months,Cost saved per aircraft/yr
UAE-1437,Risk_Averse_Traditional,Not Interested,Director/VP Operations,Charter/private aviation,11-30,6-10 years,Outside GCC,Condition-based,3-5,$500K-$2M,1191031,0,1,1,1,0,1,1,1,0,0,0,0,0,0,1,8,Legacy integration,0,1,0,0,0,1,1,0,Hybrid,$3K-$8K,4754,Per-aircraft/year,C-Suite,6-12 months,0,0,1,0,0,0,0,1,1,0,1,1,0,0,0,10,1,Airbus narrow (A320),Industry event,2,5,3,1,3,0,0,0,0,0,0,1,0,No platform,2,0,0,1,0,0,0,0,0,Strategic value,Cost saved per aircraft/yr
UAE-1438,Risk_Averse_Traditional,Exploring,MRO Engineer/Technician,Defence/government,81-200,2-5 years,Other GCC,Condition-based,6-10,>$50M,68175030,1,0,0,0,0,1,0,1,0,0,0,0,0,1,1,2,No barriers,0,0,0,0,0,0,1,0,Hybrid,>$20K,28175,Fixed monthly SaaS,Procurement/Finance,>12 months,0,0,0,1,0,0,0,1,1,0,1,1,0,0,0,3,6,Regional/turboprop,Aviation publication,1,4,3,2,3,1,0,1,0,0,0,0,0,Dissatisfied - poor support,1,1,0,0,0,1,0,0,0,2x,Cost saved per aircraft/yr
UAE-1439,Risk_Averse_Traditional,Warm,C-Suite,Independent MRO,1-10,11-20 years,Dubai,Scheduled/calendar,1-2,$500K-$2M,1404866,1,1,0,1,1,0,1,0,0,0,0,0,0,1,0,5,High upfront cost,1,1,0,0,0,0,1,0,Full cloud (SaaS),$3K-$8K,5364,Per-aircraft/year,Procurement/Finance,>12 months,0,1,0,1,0,0,0,1,1,0,1,0,1,0,0,6,7,Boeing narrow (B737),LinkedIn/social media,1,5,2,1,2,0,0,0,0,1,0,0,0,Satisfied but expensive,6,1,0,0,1,1,1,1,0,1.5x,Cost saved per aircraft/yr
UAE-1440,Risk_Averse_Traditional,Exploring,C-Suite,Defence/government,11-30,20+ years,Dubai,Condition-based,6-10,$500K-$2M,1192201,0,1,0,0,0,0,0,1,1,0,0,0,0,0,0,1,Lack data expertise,1,1,0,0,0,0,0,0,Hybrid,>$20K,35217,Fixed monthly SaaS,Head of Maintenance/CAMO,>12 months,1,0,0,1,1,1,1,1,0,0,1,1,0,1,0,6,2,Boeing narrow (B737),LinkedIn/social media,2,5,3,3,3,0,0,0,0,0,0,1,0,Very satisfied,2,1,1,1,0,1,1,0,0,3x in 12 months,Dispatch reliability %
UAE-1441,Risk_Averse_Traditional,Warm,MRO Engineer/Technician,Low-cost carrier,31-80,11-20 years,Dubai,Condition-based,1-2,<$500K,251915,1,1,1,0,1,0,0,1,0,0,0,0,0,1,0,3,Lack data expertise,0,0,0,0,1,0,0,1,Full cloud (SaaS),$3K-$8K,4838,Hardware lease + software,Procurement/Finance,>12 months,0,1,0,0,0,0,0,0,0,0,1,0,1,1,0,10,7,Boeing narrow (B737),Aviation publication,2,4,4,3,3,0,1,0,0,0,0,0,0,Dissatisfied - hard to integrate,6,1,0,0,0,0,0,1,1,5x+,Component lifespan extension
UAE-1442,Risk_Averse_Traditional,Not Interested,Fleet/Maintenance Manager,Low-cost carrier,31-80,11-20 years,Abu Dhabi,Scheduled/calendar,1-2,$2M-$10M,4668819,1,1,1,0,1,1,1,0,0,1,0,0,0,0,0,1,High upfront cost,0,1,1,1,0,0,0,0,Full cloud (SaaS),$3K-$8K,4506,Hardware lease + software,Joint committee,>12 months,1,0,0,1,0,0,1,0,0,0,0,0,0,1,0,6,2,Airbus wide (A330/A350/A380),Email invite,1,5,5,2,3,0,0,0,1,0,1,1,0,Satisfied but expensive,5,0,0,1,1,1,1,0,0,2x,AOG reduction %
UAE-1443,Risk_Averse_Traditional,Not Interested,MRO Engineer/Technician,Commercial airline (full-service),1-10,2-5 years,Dubai,Reactive,6-10,<$500K,233098,1,1,0,0,1,0,1,1,0,0,0,0,1,0,1,1,Cybersecurity,1,0,1,0,0,0,0,0,Hybrid,$8K-$20K,13450,Per-aircraft/year,C-Suite,>12 months,0,0,0,0,0,1,1,0,0,0,1,0,0,0,0,7,2,Airbus wide (A330/A350/A380),Industry event,2,5,4,1,2,0,0,0,0,0,0,1,0,Dissatisfied - poor support,2,0,0,0,0,0,1,1,0,3x in 12 months,Unscheduled maintenance reduction
UAE-1444,Risk_Averse_Traditional,Exploring,MRO Engineer/Technician,Independent MRO,31-80,<2 years,Dubai,Predictive (some AI),1-2,$500K-$2M,1287496,1,0,0,0,0,0,0,0,1,0,0,0,0,0,0,2,High upfront cost,1,0,0,0,0,1,1,0,Hybrid,$1K-$3K,1559,Per-aircraft/year,C-Suite,6-12 months,1,1,0,1,0,0,0,1,0,1,1,0,0,0,0,6,4,Airbus narrow (A320),Word of mouth,1,5,3,2,2,0,1,0,0,0,0,0,0,Very satisfied,5,0,1,0,0,1,0,1,0,3x in 12 months,Component lifespan extension
UAE-1445,Risk_Averse_Traditional,Not Interested,Procurement/Finance,Independent MRO,11-30,11-20 years,Dubai,Reactive,6-10,$500K-$2M,1157666,1,0,1,0,0,1,0,0,0,0,0,0,0,1,0,2,High upfront cost,0,1,0,1,0,0,1,0,Hybrid,$8K-$20K,18978,Hardware lease + software,C-Suite,3-6 months,1,1,0,1,0,1,1,1,1,0,0,0,0,0,1,7,3,Regional/turboprop,Email invite,3,5,3,2,1,0,0,0,0,1,0,0,0,Dissatisfied - hard to integrate,2,1,1,0,1,1,1,1,0,1.5x,Component lifespan extension
UAE-1446,Risk_Averse_Traditional,Warm,Fleet/Maintenance Manager,Commercial airline (full-service),1-10,6-10 years,Sharjah/Northern Emirates,Full predictive + digital twin,6-10,<$500K,227324,1,1,0,0,0,0,1,1,0,1,0,0,0,1,0,6,No barriers,1,0,0,0,1,1,0,0,Full cloud (SaaS),$8K-$20K,11952,Hardware lease + software,C-Suite,6-12 months,1,0,0,0,0,0,0,1,0,1,1,1,0,0,0,3,5,Regional/turboprop,Word of mouth,2,5,4,2,1,0,0,0,0,0,1,0,0,Dissatisfied - poor accuracy,2,0,1,1,1,0,0,0,0,Strategic value,Dispatch reliability %
UAE-1447,Risk_Averse_Traditional,Exploring,Fleet/Maintenance Manager,Aircraft leasing,31-80,11-20 years,Dubai,Scheduled/calendar,6-10,$2M-$10M,7228795,1,0,1,0,1,1,0,1,0,0,0,0,0,0,1,1,Lack data expertise,1,1,0,0,0,1,0,0,Hybrid,>$20K,33985,Per-aircraft/year,Head of Maintenance/CAMO,6-12 months,1,0,0,0,0,0,0,0,1,0,1,0,1,0,0,6,3,Airbus wide (A330/A350/A380),Email invite,2,4,3,2,2,1,0,0,0,0,0,1,0,Dissatisfied - poor accuracy,1,1,1,1,0,1,0,1,0,3x in 12 months,Cost saved per aircraft/yr
UAE-1448,Risk_Averse_Traditional,Not Interested,Director/VP Operations,Commercial airline (full-service),1-10,20+ years,Sharjah/Northern Emirates,Reactive,3-5,$500K-$2M,1246743,0,0,0,1,1,0,0,1,0,0,0,1,0,0,0,1,Lack data expertise,1,0,1,0,0,0,0,0,Full cloud (SaaS),>$20K,41737,Per-aircraft/year,Head of Maintenance/CAMO,3-6 months,0,0,0,0,0,1,0,1,1,1,1,0,0,0,0,8,1,Boeing narrow (B737),LinkedIn/social media,3,5,4,2,1,0,0,0,0,0,1,0,0,Satisfied but expensive,3,1,1,1,0,0,1,1,0,5x+,Dispatch reliability %
UAE-1449,Risk_Averse_Traditional,Not Interested,MRO Engineer/Technician,Commercial airline (full-service),31-80,20+ years,Other GCC,Condition-based,3-5,$10M-$50M,29323432,1,1,1,1,0,0,1,1,0,0,1,0,1,0,0,1,Lack data expertise,1,0,0,1,0,0,0,0,No preference,$8K-$20K,11037,Hardware lease + software,Procurement/Finance,6-12 months,0,0,0,0,0,1,1,1,0,1,1,0,0,1,0,7,1,Regional/turboprop,Email invite,2,5,4,1,2,1,0,0,0,0,0,0,0,Dissatisfied - poor accuracy,2,1,1,1,0,1,1,1,0,3x in 12 months,AOG reduction %
UAE-1450,Risk_Averse_Traditional,Not Interested,Director/VP Operations,Independent MRO,81-200,20+ years,Abu Dhabi,Scheduled/calendar,10+,$10M-$50M,24508136,1,1,1,1,0,0,1,1,0,0,0,0,0,1,1,1,Lack data expertise,1,0,0,0,1,0,0,1,On-premise,$8K-$20K,16693,Per-aircraft/year,Head of Maintenance/CAMO,3-6 months,0,1,0,0,0,1,0,0,1,1,0,1,0,0,0,7,4,Boeing narrow (B737),Word of mouth,2,4,4,2,1,0,0,0,0,0,0,0,1,Satisfied but expensive,6,0,0,1,1,0,1,0,0,3x in 12 months,Component lifespan extension
UAE-1451,Risk_Averse_Traditional,Not Interested,Fleet/Maintenance Manager,Independent MRO,31-80,6-10 years,Sharjah/Northern Emirates,Reactive,1-2,$2M-$10M,6233530,0,0,1,1,1,1,0,0,1,0,0,0,0,0,1,1,High upfront cost,0,0,0,1,1,1,0,0,On-premise,$1K-$3K,1692,Fixed monthly SaaS,C-Suite,3-6 months,0,0,0,0,0,1,1,0,0,0,1,0,1,0,0,9,2,Airbus narrow (A320),Email invite,2,4,4,3,2,0,0,0,0,0,0,1,0,No platform,1,1,0,0,1,0,0,1,0,1.5x,Cost saved per aircraft/yr
UAE-1452,Risk_Averse_Traditional,Exploring,Fleet/Maintenance Manager,Charter/private aviation,11-30,11-20 years,Dubai,Predictive (some AI),10+,$500K-$2M,1359007,1,1,1,1,1,0,0,1,0,0,0,0,0,1,1,1,High upfront cost,0,0,0,1,0,0,1,1,On-premise,$3K-$8K,5650,Pay-per-insight,Procurement/Finance,>12 months,1,1,1,0,0,1,0,1,0,1,1,0,0,0,0,5,6,Airbus narrow (A320),Word of mouth,2,5,3,3,3,0,0,1,0,0,1,0,1,Dissatisfied - poor accuracy,1,1,0,1,1,1,1,0,0,2x,AOG reduction %
UAE-1453,Risk_Averse_Traditional,Exploring,Fleet/Maintenance Manager,Commercial airline (full-service),1-10,2-5 years,Outside GCC,Condition-based,3-5,<$500K,260951,1,1,0,0,0,0,0,1,0,0,0,0,1,0,0,5,High upfront cost,0,0,1,1,0,0,0,1,On-premise,$3K-$8K,5565,Pay-per-insight,Joint committee,1-3 months,1,1,0,0,0,0,1,0,1,0,0,1,0,1,0,6,5,Boeing narrow (B737),Email invite,2,3,4,1,2,0,0,0,0,0,0,0,1,Very satisfied,5,0,1,1,1,1,1,0,0,1.5x,Unscheduled maintenance reduction
UAE-1454,Risk_Averse_Traditional,Not Interested,Director/VP Operations,Low-cost carrier,31-80,11-20 years,Sharjah/Northern Emirates,Condition-based,1-2,$10M-$50M,28395559,0,0,1,0,0,0,0,1,0,0,0,0,1,1,0,1,No barriers,1,0,0,0,1,0,0,1,On-premise,$8K-$20K,16215,Per-aircraft/year,Head of Maintenance/CAMO,6-12 months,0,1,0,0,0,0,0,0,1,0,0,1,1,0,0,6,1,Airbus narrow (A320),Industry event,2,4,2,2,2,0,1,0,0,0,1,0,0,Satisfied but expensive,2,1,0,1,1,1,0,1,0,2x,AOG reduction %
UAE-1455,Risk_Averse_Traditional,Not Interested,Fleet/Maintenance Manager,Charter/private aviation,11-30,2-5 years,Abu Dhabi,Reactive,3-5,$500K-$2M,1195375,1,1,1,1,1,0,1,0,0,0,0,0,1,0,0,2,High upfront cost,1,0,0,0,1,1,0,0,Hybrid,$1K-$3K,2428,Pay-per-insight,Joint committee,<1 month,0,0,1,1,0,0,0,1,1,0,0,0,0,1,0,7,2,Airbus wide (A330/A350/A380),LinkedIn/social media,2,5,3,1,2,0,0,0,0,0,1,0,0,No platform,4,1,1,0,1,1,0,1,0,Strategic value,AOG reduction %
UAE-1456,Risk_Averse_Traditional,Warm,IT/Digital Lead,Independent MRO,1-10,20+ years,Sharjah/Northern Emirates,Scheduled/calendar,3-5,$500K-$2M,1590962,1,1,1,0,0,0,0,1,0,1,1,0,0,0,1,3,Regulatory concerns,1,0,0,0,1,0,1,0,Hybrid,$8K-$20K,16028,Pay-per-insight,Joint committee,1-3 months,0,1,1,0,0,0,1,0,1,0,1,0,1,0,0,4,6,Regional/turboprop,Email invite,3,5,2,2,3,0,0,0,0,0,0,1,0,No platform,3,1,0,1,1,0,1,1,0,Strategic value,AOG reduction %
UAE-1457,Risk_Averse_Traditional,Not Interested,MRO Engineer/Technician,Low-cost carrier,11-30,6-10 years,Sharjah/Northern Emirates,Scheduled/calendar,10+,$2M-$10M,4966043,1,1,1,0,0,1,0,0,0,0,1,0,1,0,0,1,High upfront cost,1,0,0,0,1,1,0,0,On-premise,$3K-$8K,6196,Per-aircraft/year,Procurement/Finance,1-3 months,0,1,0,0,0,1,0,0,0,0,1,0,1,0,0,9,2,Regional/turboprop,Email invite,4,5,3,1,1,0,1,1,0,0,0,0,0,Dissatisfied - poor support,4,0,0,1,0,0,1,0,0,Strategic value,AOG reduction %
UAE-1458,Risk_Averse_Traditional,Not Interested,Director/VP Operations,Independent MRO,1-10,6-10 years,Sharjah/Northern Emirates,Reactive,3-5,<$500K,231670,1,0,1,0,1,0,1,0,0,1,0,0,0,0,1,3,Legacy integration,1,1,0,1,0,0,0,0,On-premise,$3K-$8K,6951,Per-aircraft/year,Head of Maintenance/CAMO,3-6 months,0,0,0,0,0,0,0,1,1,1,0,0,1,0,0,8,1,Boeing narrow (B737),LinkedIn/social media,2,2,2,2,2,1,0,0,0,0,0,0,0,Satisfied but expensive,3,1,0,0,0,0,0,1,0,3x in 12 months,Unscheduled maintenance reduction
UAE-1459,Risk_Averse_Traditional,Not Interested,MRO Engineer/Technician,Aircraft leasing,11-30,11-20 years,Sharjah/Northern Emirates,Scheduled/calendar,6-10,$2M-$10M,5367450,1,1,0,0,0,0,0,0,0,0,0,0,0,1,1,1,High upfront cost,1,0,1,1,0,0,0,0,On-premise,$1K-$3K,2068,Outcome-based,IT/Digital lead,6-12 months,0,0,0,0,1,0,0,0,1,1,1,0,0,0,0,9,1,Boeing narrow (B737),LinkedIn/social media,2,5,4,1,1,0,0,0,0,0,0,0,1,Dissatisfied - poor support,4,1,1,1,0,0,1,1,0,5x+,Dispatch reliability %
UAE-1460,Risk_Averse_Traditional,Hot,Procurement/Finance,Low-cost carrier,31-80,11-20 years,Dubai,Scheduled/calendar,3-5,$2M-$10M,4633845,0,0,0,0,0,0,1,1,0,0,0,0,0,1,0,5,Regulatory concerns,1,0,0,0,0,0,1,0,Hybrid,$3K-$8K,5345,Pay-per-insight,Head of Maintenance/CAMO,>12 months,1,0,0,0,0,0,0,1,0,0,0,1,0,1,0,1,7,Airbus wide (A330/A350/A380),LinkedIn/social media,2,4,3,3,2,1,0,0,0,0,0,0,0,Dissatisfied - poor support,2,1,1,1,1,0,0,1,0,2x,Dispatch reliability %
UAE-1461,Risk_Averse_Traditional,Not Interested,MRO Engineer/Technician,Low-cost carrier,1-10,20+ years,Dubai,Reactive,1-2,$500K-$2M,1193940,0,0,1,1,1,0,1,1,0,0,0,0,0,0,1,3,Regulatory concerns,1,0,0,0,1,0,1,0,Hybrid,<$1K,651,Hardware lease + software,Procurement/Finance,3-6 months,1,0,1,1,1,0,1,0,1,1,0,0,0,1,0,4,3,Boeing narrow (B737),Email invite,2,5,3,1,2,0,0,0,0,0,0,0,1,Satisfied but expensive,2,1,1,1,1,0,1,1,0,2x,Dispatch reliability %
UAE-1462,Risk_Averse_Traditional,Exploring,MRO Engineer/Technician,Low-cost carrier,11-30,6-10 years,Dubai,Reactive,3-5,$500K-$2M,989695,1,1,0,1,0,1,1,0,0,1,0,0,0,1,0,1,Lack data expertise,0,0,1,1,1,0,0,0,Hybrid,$1K-$3K,2216,Hardware lease + software,IT/Digital lead,3-6 months,1,0,0,0,0,0,0,0,1,0,1,0,0,0,0,6,5,Boeing narrow (B737),LinkedIn/social media,2,4,3,2,2,0,0,0,0,0,1,1,1,Satisfied but expensive,2,0,0,1,1,1,1,1,0,5x+,Cost saved per aircraft/yr
UAE-1463,Risk_Averse_Traditional,Exploring,Fleet/Maintenance Manager,Low-cost carrier,31-80,6-10 years,Abu Dhabi,Predictive (some AI),6-10,$10M-$50M,31757179,0,0,1,0,1,0,0,1,0,1,0,0,0,0,0,3,Lack data expertise,0,0,0,0,0,0,1,1,Hybrid,$3K-$8K,4691,Hardware lease + software,Joint committee,3-6 months,1,0,0,0,0,0,1,0,1,1,1,0,0,0,0,8,4,Boeing wide (B777/B787),LinkedIn/social media,2,3,2,2,3,0,1,0,0,0,0,0,0,Dissatisfied - hard to integrate,2,0,1,1,1,1,0,1,0,Strategic value,Unscheduled maintenance reduction
UAE-1464,Risk_Averse_Traditional,Exploring,MRO Engineer/Technician,Charter/private aviation,11-30,20+ years,Abu Dhabi,Scheduled/calendar,3-5,$2M-$10M,7503084,1,0,0,1,0,0,1,0,0,1,0,0,1,0,0,2,High upfront cost,1,0,0,0,1,1,0,0,Full cloud (SaaS),$3K-$8K,4600,Per-aircraft/year,Head of Maintenance/CAMO,6-12 months,1,0,0,0,0,1,0,1,0,0,0,0,1,1,0,6,7,Boeing narrow (B737),Industry event,1,5,3,2,3,1,0,0,0,0,0,0,0,No platform,2,1,1,0,1,1,0,0,0,3x in 12 months,AOG reduction %
UAE-1465,Risk_Averse_Traditional,Exploring,Director/VP Operations,Independent MRO,11-30,20+ years,Dubai,Scheduled/calendar,10+,$10M-$50M,35035105,1,1,1,0,0,0,0,0,0,0,0,0,0,1,0,4,Legacy integration,1,0,0,0,1,0,0,1,On-premise,$3K-$8K,5565,Fixed monthly SaaS,Joint committee,3-6 months,0,1,0,0,0,0,0,0,1,0,1,1,0,0,0,7,3,Boeing wide (B777/B787),Word of mouth,2,4,4,3,2,0,1,0,0,0,1,0,0,Dissatisfied - poor accuracy,5,1,1,0,1,0,1,1,0,3x in 12 months,Cost saved per aircraft/yr
UAE-1466,Risk_Averse_Traditional,Warm,Fleet/Maintenance Manager,Commercial airline (full-service),1-10,2-5 years,Abu Dhabi,Predictive (some AI),1-2,<$500K,307376,1,1,1,0,1,1,0,1,0,1,0,0,1,0,1,5,Lack data expertise,0,0,0,0,1,0,1,0,On-premise,$1K-$3K,1814,Per-aircraft/year,Joint committee,1-3 months,1,1,0,0,0,0,0,1,0,1,0,0,1,0,0,4,5,Airbus narrow (A320),Email invite,2,4,4,1,3,0,0,1,0,0,0,1,0,Dissatisfied - poor accuracy,3,1,1,1,1,0,1,0,0,ROI not primary,Cost saved per aircraft/yr
UAE-1467,Risk_Averse_Traditional,Not Interested,Director/VP Operations,Charter/private aviation,1-10,2-5 years,Sharjah/Northern Emirates,Reactive,1-2,<$500K,300011,1,0,1,0,0,0,1,1,1,0,0,0,0,1,0,3,Lack data expertise,1,0,0,1,0,0,1,0,Full cloud (SaaS),$3K-$8K,6920,Fixed monthly SaaS,C-Suite,1-3 months,1,0,0,0,0,0,0,1,0,0,1,0,0,1,1,10,2,Airbus narrow (A320),LinkedIn/social media,1,4,2,1,2,0,0,0,0,0,1,0,0,Satisfied but expensive,2,1,1,0,1,1,1,0,0,5x+,AOG reduction %
UAE-1468,Risk_Averse_Traditional,Exploring,MRO Engineer/Technician,Defence/government,31-80,20+ years,Dubai,Condition-based,1-2,$500K-$2M,1216224,1,1,1,1,1,0,0,0,0,0,0,0,0,0,1,2,High upfront cost,1,1,1,0,0,0,0,0,Hybrid,$1K-$3K,1890,Outcome-based,IT/Digital lead,6-12 months,0,0,0,0,0,0,0,1,0,1,1,0,0,0,0,4,4,Boeing narrow (B737),LinkedIn/social media,1,4,4,2,3,0,0,0,0,0,1,1,0,Dissatisfied - hard to integrate,5,1,1,1,0,0,0,0,0,5x+,Cost saved per aircraft/yr
UAE-1469,Risk_Averse_Traditional,Not Interested,MRO Engineer/Technician,Aircraft leasing,11-30,20+ years,Dubai,Predictive (some AI),3-5,$500K-$2M,1141380,1,0,1,0,0,0,1,0,1,1,0,0,0,0,1,1,Lack data expertise,0,0,0,0,0,1,0,1,On-premise,$3K-$8K,5447,Per-aircraft/year,Head of Maintenance/CAMO,>12 months,0,0,1,0,0,1,0,1,0,0,1,1,0,0,0,9,1,Boeing wide (B777/B787),LinkedIn/social media,2,5,3,2,2,0,0,0,0,0,0,0,1,Satisfied but expensive,3,1,1,1,0,1,1,0,0,3x in 12 months,Dispatch reliability %
UAE-1470,Risk_Averse_Traditional,Not Interested,MRO Engineer/Technician,Low-cost carrier,1-10,11-20 years,Other GCC,Predictive (some AI),3-5,<$500K,224272,0,1,1,1,1,1,0,1,0,0,0,1,0,1,1,1,High upfront cost,0,0,0,0,0,0,0,1,No preference,$8K-$20K,13822,Per-aircraft/year,Head of Maintenance/CAMO,3-6 months,1,0,0,0,0,1,0,0,1,1,1,0,0,0,0,5,2,Boeing narrow (B737),LinkedIn/social media,1,3,3,1,3,0,0,0,1,0,1,0,0,Dissatisfied - poor support,2,1,1,0,1,0,0,0,0,3x in 12 months,AOG reduction %
UAE-1471,Risk_Averse_Traditional,Not Interested,Director/VP Operations,Charter/private aviation,11-30,20+ years,Dubai,Predictive (some AI),10+,$2M-$10M,5012120,0,1,0,1,0,0,0,1,1,0,0,0,0,0,0,2,Lack data expertise,1,0,0,0,1,0,0,0,Hybrid,>$20K,24671,Per-aircraft/year,Procurement/Finance,3-6 months,0,0,0,1,0,1,0,1,1,0,0,0,1,0,0,6,2,Airbus wide (A330/A350/A380),LinkedIn/social media,1,3,4,2,2,0,1,0,0,0,0,0,0,Dissatisfied - poor accuracy,3,1,0,1,0,0,0,0,0,3x in 12 months,Component lifespan extension
UAE-1472,Risk_Averse_Traditional,Not Interested,C-Suite,Low-cost carrier,11-30,20+ years,Dubai,Reactive,6-10,$2M-$10M,6455277,1,1,0,0,0,0,1,0,0,0,0,0,0,1,1,2,Legacy integration,1,0,1,1,0,0,0,0,No preference,$8K-$20K,12094,Fixed monthly SaaS,Procurement/Finance,<1 month,0,0,0,0,0,0,1,0,0,0,1,0,1,0,0,8,1,Airbus narrow (A320),Word of mouth,2,5,3,3,2,0,0,1,0,0,0,0,0,Dissatisfied - poor accuracy,1,0,1,1,0,0,1,0,0,2x,AOG reduction %
UAE-1473,Risk_Averse_Traditional,Not Interested,MRO Engineer/Technician,Charter/private aviation,31-80,20+ years,Dubai,Scheduled/calendar,3-5,$500K-$2M,995408,0,1,1,1,0,1,1,0,0,1,0,0,0,0,0,1,High upfront cost,1,0,0,1,1,0,0,0,On-premise,<$1K,664,Per-aircraft/year,Head of Maintenance/CAMO,<1 month,1,0,0,0,0,0,0,0,0,0,0,0,1,0,0,6,1,Boeing wide (B777/B787),Industry event,1,4,3,3,2,0,0,0,0,1,0,0,0,Satisfied but expensive,2,1,1,0,0,1,0,1,0,1.5x,Cost saved per aircraft/yr
UAE-1474,Risk_Averse_Traditional,Exploring,IT/Digital Lead,Independent MRO,31-80,11-20 years,Dubai,Scheduled/calendar,3-5,$10M-$50M,42389532,1,0,1,1,1,1,0,1,0,1,1,0,0,0,1,1,Lack data expertise,1,1,0,0,0,1,0,0,On-premise,$8K-$20K,12545,Fixed monthly SaaS,IT/Digital lead,3-6 months,1,0,0,1,0,1,0,1,1,0,1,1,0,0,0,8,3,Boeing narrow (B737),LinkedIn/social media,3,4,4,2,3,1,0,0,0,0,0,0,0,Satisfied but expensive,6,0,1,0,1,1,1,1,0,3x in 12 months,Unscheduled maintenance reduction
UAE-1475,Risk_Averse_Traditional,Not Interested,MRO Engineer/Technician,Low-cost carrier,1-10,6-10 years,Abu Dhabi,Reactive,10+,$500K-$2M,1037636,0,1,0,0,0,1,0,0,1,0,0,0,0,0,0,3,Cybersecurity,0,0,0,1,1,0,0,0,Hybrid,<$1K,373,Hardware lease + software,Head of Maintenance/CAMO,6-12 months,0,0,1,0,0,0,0,1,1,0,1,1,0,0,0,6,1,Regional/turboprop,Industry event,2,5,3,2,2,0,0,0,0,0,1,1,0,Dissatisfied - poor support,4,0,1,0,1,1,0,0,0,1.5x,AOG reduction %
UAE-1476,Risk_Averse_Traditional,Hot,Director/VP Operations,Low-cost carrier,81-200,6-10 years,Dubai,Scheduled/calendar,3-5,$10M-$50M,34923750,1,0,0,0,0,0,1,1,0,0,0,0,0,0,1,6,Lack data expertise,1,0,1,0,1,0,0,0,On-premise,$3K-$8K,5478,Fixed monthly SaaS,Joint committee,3-6 months,1,0,0,0,0,0,0,1,1,0,0,1,1,0,0,2,9,Airbus narrow (A320),Industry event,1,4,4,2,1,0,1,0,0,0,0,0,0,Dissatisfied - hard to integrate,1,1,0,1,1,0,1,1,0,5x+,Unscheduled maintenance reduction
UAE-1477,Risk_Averse_Traditional,Warm,MRO Engineer/Technician,Defence/government,1-10,11-20 years,Dubai,Scheduled/calendar,1-2,<$500K,251826,1,0,0,1,1,0,0,0,0,0,0,0,0,1,1,5,High upfront cost,0,0,0,1,0,0,1,0,On-premise,<$1K,601,Fixed monthly SaaS,C-Suite,>12 months,1,1,0,0,0,1,0,0,1,0,0,0,0,1,0,5,9,Boeing narrow (B737),LinkedIn/social media,2,4,1,2,3,0,0,0,0,0,0,1,1,Dissatisfied - poor accuracy,5,0,1,1,1,0,1,1,0,Strategic value,Cost saved per aircraft/yr
UAE-1478,Risk_Averse_Traditional,Warm,Fleet/Maintenance Manager,Low-cost carrier,31-80,20+ years,Sharjah/Northern Emirates,Scheduled/calendar,3-5,$10M-$50M,26263944,0,1,1,1,0,1,1,0,0,0,1,0,0,0,0,4,Legacy integration,1,0,0,1,0,1,0,0,On-premise,$8K-$20K,16638,Fixed monthly SaaS,IT/Digital lead,1-3 months,0,0,1,0,0,0,1,0,1,0,1,0,1,0,0,5,3,Airbus narrow (A320),Email invite,2,5,3,2,1,0,0,0,0,0,0,1,0,Dissatisfied - poor accuracy,1,1,1,1,0,1,1,0,0,3x in 12 months,Unscheduled maintenance reduction
UAE-1479,Risk_Averse_Traditional,Warm,Director/VP Operations,Charter/private aviation,31-80,2-5 years,Dubai,Condition-based,3-5,$10M-$50M,34621519,1,1,0,0,1,0,0,1,0,1,0,0,1,1,0,4,Cybersecurity,0,1,0,0,0,1,1,0,Hybrid,$3K-$8K,7081,Per-aircraft/year,Head of Maintenance/CAMO,6-12 months,0,1,1,0,0,1,0,1,1,0,1,1,0,0,0,6,6,Airbus narrow (A320),Email invite,2,5,4,2,3,0,0,0,0,0,1,1,0,Very satisfied,3,1,0,1,0,0,1,0,0,3x in 12 months,Dispatch reliability %
UAE-1480,Risk_Averse_Traditional,Not Interested,Director/VP Operations,Independent MRO,31-80,20+ years,Dubai,Scheduled/calendar,6-10,$500K-$2M,1063035,1,1,0,0,0,0,0,0,0,0,0,0,0,0,1,1,Lack data expertise,0,0,0,1,0,0,1,0,Full cloud (SaaS),$8K-$20K,14517,Fixed monthly SaaS,Joint committee,1-3 months,1,0,0,0,0,0,0,0,1,1,1,0,0,0,0,6,1,Boeing wide (B777/B787),Email invite,2,4,3,2,3,0,0,0,0,0,1,1,1,Very satisfied,5,1,0,1,1,1,1,1,0,Strategic value,Cost saved per aircraft/yr
UAE-1481,Risk_Averse_Traditional,Warm,Fleet/Maintenance Manager,Low-cost carrier,31-80,6-10 years,Abu Dhabi,Predictive (some AI),0,$2M-$10M,4886381,1,1,0,0,1,0,0,0,0,1,0,0,0,0,0,3,Regulatory concerns,1,0,0,0,1,0,0,0,Full cloud (SaaS),$3K-$8K,6341,Fixed monthly SaaS,Joint committee,6-12 months,1,0,0,0,0,1,1,0,1,0,1,1,0,0,0,5,6,Boeing wide (B777/B787),Industry event,1,4,3,2,3,0,0,0,0,0,1,0,1,Dissatisfied - poor accuracy,2,1,1,1,0,1,1,0,0,2x,Cost saved per aircraft/yr
UAE-1482,Risk_Averse_Traditional,Not Interested,MRO Engineer/Technician,Commercial airline (full-service),81-200,2-5 years,Dubai,Scheduled/calendar,10+,$10M-$50M,25382841,1,1,1,0,0,1,0,0,0,1,0,0,0,0,1,1,Cybersecurity,1,1,0,1,0,0,0,0,On-premise,$3K-$8K,6521,Outcome-based,Head of Maintenance/CAMO,6-12 months,1,1,0,0,0,0,0,1,0,1,1,1,0,0,0,5,3,Airbus narrow (A320),Industry event,2,4,2,2,2,0,0,0,0,1,0,0,0,Dissatisfied - poor accuracy,3,1,1,1,0,0,1,0,0,ROI not primary,Cost saved per aircraft/yr
UAE-1483,Risk_Averse_Traditional,Hot,Procurement/Finance,Aircraft leasing,1-10,6-10 years,Outside GCC,Condition-based,6-10,$500K-$2M,1081097,1,1,0,0,0,0,1,0,0,0,0,0,0,1,1,3,Regulatory concerns,0,0,0,0,0,0,1,0,Full cloud (SaaS),>$20K,25547,Per-aircraft/year,Head of Maintenance/CAMO,6-12 months,0,1,0,0,0,1,1,0,0,1,1,1,0,0,0,3,7,Boeing narrow (B737),Aviation publication,1,5,2,2,1,0,0,0,0,0,0,1,1,Satisfied but expensive,1,1,1,1,0,1,1,0,0,3x in 12 months,AOG reduction %
UAE-1484,Risk_Averse_Traditional,Warm,Director/VP Operations,Charter/private aviation,31-80,11-20 years,Dubai,Scheduled/calendar,10+,$500K-$2M,1268342,1,0,0,0,0,1,0,0,0,0,0,0,0,1,0,4,High upfront cost,0,0,0,1,1,0,0,0,On-premise,$8K-$20K,17178,Per-aircraft/year,C-Suite,>12 months,0,0,0,0,0,1,0,0,0,1,0,1,0,1,0,5,6,Airbus narrow (A320),Word of mouth,1,5,4,1,2,0,0,0,0,1,0,0,0,Dissatisfied - poor accuracy,3,1,0,0,1,1,1,0,1,5x+,AOG reduction %
UAE-1485,Risk_Averse_Traditional,Exploring,Fleet/Maintenance Manager,Low-cost carrier,1-10,11-20 years,Dubai,Scheduled/calendar,3-5,$2M-$10M,5688911,1,1,1,1,0,0,0,0,1,0,0,0,0,0,0,2,Lack data expertise,1,0,0,0,1,1,0,0,Full cloud (SaaS),$3K-$8K,6323,Per-aircraft/year,Procurement/Finance,>12 months,0,0,1,0,0,0,0,0,1,1,1,0,0,0,0,6,4,Boeing narrow (B737),Industry event,3,5,3,1,2,0,1,0,0,0,1,1,1,Satisfied but expensive,4,1,0,1,0,1,0,0,0,2x,Component lifespan extension
UAE-1486,Risk_Averse_Traditional,Exploring,MRO Engineer/Technician,Charter/private aviation,81-200,20+ years,Sharjah/Northern Emirates,Condition-based,3-5,$2M-$10M,3520930,1,0,0,1,0,0,0,0,1,0,0,0,1,0,1,2,High upfront cost,1,0,0,0,1,1,0,0,Hybrid,$8K-$20K,12949,Pay-per-insight,C-Suite,6-12 months,1,0,1,1,1,1,1,0,1,1,1,0,0,0,0,6,3,Boeing narrow (B737),Industry event,2,5,3,3,1,0,0,0,0,0,0,0,1,Very satisfied,4,1,1,0,0,0,0,0,0,2x,AOG reduction %
UAE-1487,Risk_Averse_Traditional,Not Interested,C-Suite,Low-cost carrier,11-30,<2 years,Dubai,Scheduled/calendar,3-5,$2M-$10M,6001490,1,1,1,0,1,0,0,0,0,0,0,0,0,1,0,2,Regulatory concerns,0,1,1,1,0,0,0,0,Hybrid,$3K-$8K,5507,Per-aircraft/year,Head of Maintenance/CAMO,3-6 months,1,0,0,0,0,1,0,1,1,0,0,1,0,1,0,8,1,Boeing narrow (B737),Word of mouth,1,5,2,2,2,0,1,0,0,0,1,1,1,Very satisfied,2,0,0,1,1,0,1,1,0,Strategic value,AOG reduction %
UAE-1488,Risk_Averse_Traditional,Exploring,MRO Engineer/Technician,Independent MRO,31-80,6-10 years,Sharjah/Northern Emirates,Scheduled/calendar,10+,$10M-$50M,26887973,1,1,0,1,0,1,0,0,0,0,0,0,0,1,1,2,Lack data expertise,0,0,0,1,0,0,0,0,Full cloud (SaaS),<$1K,590,Fixed monthly SaaS,Head of Maintenance/CAMO,6-12 months,0,1,0,0,0,1,1,1,0,0,1,0,0,1,0,5,3,Airbus narrow (A320),LinkedIn/social media,1,3,3,3,3,1,0,0,0,0,0,0,0,Dissatisfied - poor support,2,0,1,1,1,1,1,1,0,2x,AOG reduction %
UAE-1489,Risk_Averse_Traditional,Exploring,Director/VP Operations,Low-cost carrier,1-10,6-10 years,Dubai,Condition-based,6-10,<$500K,203061,1,1,0,0,1,0,1,0,0,0,0,0,1,0,0,1,Lack data expertise,1,0,0,1,0,0,1,0,On-premise,>$20K,32179,Outcome-based,Head of Maintenance/CAMO,3-6 months,0,1,0,1,0,1,0,0,1,0,0,1,0,1,0,6,4,Boeing narrow (B737),Email invite,3,4,3,3,2,1,0,0,0,0,0,0,0,Very satisfied,1,1,0,0,1,1,1,0,0,3x in 12 months,Dispatch reliability %
UAE-1490,Risk_Averse_Traditional,Not Interested,Fleet/Maintenance Manager,Commercial airline (full-service),11-30,6-10 years,Dubai,Scheduled/calendar,1-2,$500K-$2M,1124495,1,0,1,0,1,1,0,0,0,0,0,0,0,0,1,1,Lack data expertise,1,0,0,1,1,0,0,0,Hybrid,$1K-$3K,2128,Per-aircraft/year,IT/Digital lead,6-12 months,0,0,0,1,0,0,0,1,0,0,1,0,1,1,0,6,2,Boeing narrow (B737),Email invite,1,3,3,2,2,1,0,0,0,0,0,1,0,Satisfied but expensive,2,0,1,1,0,1,1,0,0,2x,Cost saved per aircraft/yr
UAE-1491,Risk_Averse_Traditional,Not Interested,Director/VP Operations,Independent MRO,200+,11-20 years,Dubai,Reactive,10+,$2M-$10M,5298409,1,1,1,1,0,1,1,0,0,0,1,0,0,0,0,2,Cybersecurity,0,0,0,0,0,0,0,1,On-premise,$8K-$20K,17827,Fixed monthly SaaS,IT/Digital lead,>12 months,1,0,0,0,1,0,0,0,1,0,1,1,0,0,0,8,2,Boeing narrow (B737),Industry event,2,3,4,3,2,0,0,0,0,0,0,0,1,Dissatisfied - poor accuracy,3,1,1,0,0,0,1,1,0,ROI not primary,Cost saved per aircraft/yr
UAE-1492,Risk_Averse_Traditional,Exploring,MRO Engineer/Technician,Independent MRO,31-80,20+ years,Other GCC,Condition-based,1-2,$2M-$10M,6537350,1,1,1,1,0,1,0,1,0,0,0,0,1,1,0,2,Legacy integration,0,0,0,0,1,0,1,0,No preference,$1K-$3K,2583,Per-aircraft/year,IT/Digital lead,>12 months,1,0,0,1,0,1,0,0,1,0,0,0,1,0,0,7,4,Boeing narrow (B737),LinkedIn/social media,1,5,3,2,3,0,0,0,0,0,1,0,0,Dissatisfied - hard to integrate,3,1,1,1,0,1,1,0,1,Strategic value,Unscheduled maintenance reduction
UAE-1493,Risk_Averse_Traditional,Not Interested,MRO Engineer/Technician,Independent MRO,1-10,20+ years,Abu Dhabi,Scheduled/calendar,3-5,<$500K,328787,1,1,1,0,1,1,0,1,0,0,0,0,1,0,0,1,Regulatory concerns,1,1,0,1,0,0,0,0,Hybrid,$3K-$8K,5915,Outcome-based,Head of Maintenance/CAMO,>12 months,1,0,0,0,0,0,0,1,1,0,0,0,1,1,0,6,1,Boeing narrow (B737),Industry event,2,3,3,2,3,0,1,0,0,0,0,0,0,Dissatisfied - poor support,1,1,0,0,0,1,1,1,0,2x,AOG reduction %
UAE-1494,Risk_Averse_Traditional,Exploring,Procurement/Finance,Independent MRO,31-80,6-10 years,Sharjah/Northern Emirates,Scheduled/calendar,1-2,$10M-$50M,34088003,1,0,1,0,1,0,0,0,0,0,0,0,0,0,1,1,Lack data expertise,1,0,0,0,1,0,1,0,On-premise,$3K-$8K,6518,Hardware lease + software,Joint committee,6-12 months,0,1,0,0,0,1,0,1,1,0,0,1,1,0,0,5,2,Airbus narrow (A320),LinkedIn/social media,1,4,4,3,2,0,0,0,0,1,1,0,0,Dissatisfied - poor support,4,1,0,1,0,0,1,0,0,3x in 12 months,AOG reduction %
UAE-1495,Risk_Averse_Traditional,Exploring,IT/Digital Lead,Low-cost carrier,11-30,20+ years,Abu Dhabi,Scheduled/calendar,1-2,$2M-$10M,4628902,0,0,0,1,1,0,0,0,0,1,1,0,0,1,0,2,High upfront cost,0,0,0,0,0,0,1,0,On-premise,$1K-$3K,2240,Pay-per-insight,Joint committee,>12 months,0,0,0,0,0,1,1,1,0,0,0,1,1,0,1,4,4,Boeing narrow (B737),LinkedIn/social media,2,2,4,2,3,1,0,0,0,0,0,0,0,Dissatisfied - poor support,2,1,1,1,1,1,0,0,0,2x,Cost saved per aircraft/yr
UAE-1496,Risk_Averse_Traditional,Exploring,Director/VP Operations,Commercial airline (full-service),31-80,11-20 years,Outside GCC,Predictive (some AI),10+,$2M-$10M,4449549,1,1,1,1,0,1,1,0,0,0,0,0,1,1,0,2,High upfront cost,1,0,1,1,0,0,0,0,No preference,$8K-$20K,13791,Outcome-based,C-Suite,6-12 months,1,1,0,0,1,0,1,1,0,0,1,0,0,0,0,6,5,Airbus narrow (A320),Industry event,2,5,3,2,2,0,0,0,0,0,0,1,0,Dissatisfied - poor accuracy,4,1,1,0,0,1,1,1,0,Strategic value,Cost saved per aircraft/yr
UAE-1497,Risk_Averse_Traditional,Not Interested,Fleet/Maintenance Manager,Independent MRO,81-200,20+ years,Dubai,Scheduled/calendar,1-2,$10M-$50M,34571354,1,1,0,0,0,1,1,0,0,1,0,0,1,0,0,1,Lack data expertise,0,0,1,0,1,1,0,0,Full cloud (SaaS),>$20K,28043,Hardware lease + software,IT/Digital lead,6-12 months,0,1,0,0,0,0,0,0,1,0,1,1,0,0,0,10,1,Boeing narrow (B737),LinkedIn/social media,2,5,4,1,1,1,0,1,0,0,0,0,0,Very satisfied,3,1,1,0,0,1,0,0,1,5x+,Dispatch reliability %
UAE-1498,Risk_Averse_Traditional,Exploring,Fleet/Maintenance Manager,Charter/private aviation,11-30,6-10 years,Dubai,Reactive,10+,$2M-$10M,4621000,0,0,0,0,1,0,1,0,0,1,0,0,0,1,0,1,Legacy integration,0,0,0,1,1,0,0,0,Hybrid,$3K-$8K,5750,Outcome-based,C-Suite,1-3 months,0,0,1,0,0,1,0,0,1,1,0,1,0,0,0,9,5,Boeing wide (B777/B787),Aviation publication,2,5,3,2,4,0,0,0,0,0,1,0,0,Very satisfied,3,1,1,0,0,0,1,0,0,3x in 12 months,Cost saved per aircraft/yr
UAE-1499,Risk_Averse_Traditional,Not Interested,Fleet/Maintenance Manager,Charter/private aviation,11-30,2-5 years,Dubai,Scheduled/calendar,3-5,<$500K,291866,1,1,1,1,1,0,0,0,0,0,1,0,0,1,0,2,Legacy integration,1,0,0,0,0,0,1,0,On-premise,$3K-$8K,4036,Fixed monthly SaaS,C-Suite,3-6 months,0,0,0,1,0,1,0,0,0,0,1,0,0,0,1,8,2,Airbus narrow (A320),LinkedIn/social media,2,4,2,2,2,0,0,0,0,1,0,0,0,No platform,5,0,0,0,0,0,0,1,0,3x in 12 months,Cost saved per aircraft/yr
UAE-1500,Risk_Averse_Traditional,Not Interested,Procurement/Finance,Independent MRO,31-80,2-5 years,Abu Dhabi,Reactive,3-5,$10M-$50M,38177898,0,0,0,1,0,0,1,0,1,0,0,0,0,0,1,3,High upfront cost,1,0,0,0,1,0,0,1,Hybrid,>$20K,32335,Pay-per-insight,Head of Maintenance/CAMO,>12 months,0,0,0,0,1,0,0,0,0,0,1,1,0,1,0,6,1,Airbus wide (A330/A350/A380),LinkedIn/social media,2,4,4,3,2,0,1,0,0,0,0,0,0,No platform,5,1,0,1,0,1,0,1,0,3x in 12 months,Dispatch reliability %
UAE-1501,Risk_Averse_Traditional,Warm,MRO Engineer/Technician,Low-cost carrier,11-30,6-10 years,Dubai,Predictive (some AI),1-2,$500K-$2M,1080389,1,0,0,1,0,0,0,0,0,0,0,0,0,0,1,5,Regulatory concerns,0,0,0,1,0,1,0,0,Hybrid,$1K-$3K,1749,Fixed monthly SaaS,Joint committee,3-6 months,0,0,0,0,0,1,1,0,0,0,1,0,0,0,0,3,7,Boeing wide (B777/B787),LinkedIn/social media,3,5,3,2,2,1,0,0,0,0,1,0,0,Dissatisfied - hard to integrate,1,0,1,1,1,1,0,0,0,3x in 12 months,Cost saved per aircraft/yr
UAE-1502,Risk_Averse_Traditional,Not Interested,MRO Engineer/Technician,Charter/private aviation,11-30,6-10 years,Dubai,Reactive,3-5,$500K-$2M,1017008,1,0,1,1,0,0,1,0,0,1,0,0,0,1,0,1,High upfront cost,0,1,0,1,0,1,0,0,Hybrid,$8K-$20K,14201,Per-aircraft/year,Head of Maintenance/CAMO,<1 month,0,0,1,1,1,0,1,1,1,1,0,0,1,0,0,8,2,Boeing narrow (B737),Industry event,2,5,3,3,2,1,0,0,0,0,0,0,1,Satisfied but expensive,7,0,1,1,1,0,1,1,0,2x,Cost saved per aircraft/yr
UAE-1503,Risk_Averse_Traditional,Not Interested,Fleet/Maintenance Manager,Commercial airline (full-service),11-30,20+ years,Other GCC,Predictive (some AI),0,$10M-$50M,31584052,0,0,0,0,0,1,0,0,0,1,0,0,1,0,1,1,Cybersecurity,0,0,0,1,0,1,0,0,Hybrid,$1K-$3K,1676,Hardware lease + software,Joint committee,3-6 months,1,0,0,0,0,0,0,1,0,1,1,0,0,0,1,5,1,Airbus narrow (A320),LinkedIn/social media,1,5,3,2,3,1,0,0,0,0,0,0,0,Very satisfied,3,1,1,1,1,1,0,1,0,2x,AOG reduction %
UAE-1504,Risk_Averse_Traditional,Not Interested,Fleet/Maintenance Manager,Aircraft leasing,31-80,11-20 years,Abu Dhabi,Reactive,6-10,$2M-$10M,7871241,1,0,1,1,1,0,0,0,0,0,0,0,1,1,0,1,Legacy integration,0,0,0,0,1,0,0,0,Hybrid,>$20K,27241,Outcome-based,Joint committee,1-3 months,0,0,1,1,0,0,0,1,0,1,1,1,0,0,0,7,3,Boeing narrow (B737),Industry event,1,3,3,3,2,1,0,0,0,0,0,1,1,Satisfied but expensive,1,1,1,1,1,1,1,0,0,1.5x,AOG reduction %
UAE-1505,Risk_Averse_Traditional,Not Interested,C-Suite,Low-cost carrier,11-30,6-10 years,Abu Dhabi,Reactive,1-2,$500K-$2M,1025531,1,1,1,1,0,0,0,0,0,0,0,0,0,1,0,3,Legacy integration,1,1,0,1,0,0,0,0,Hybrid,$1K-$3K,1776,Outcome-based,Head of Maintenance/CAMO,6-12 months,0,0,0,0,0,1,0,0,0,0,1,0,0,1,0,6,3,Boeing narrow (B737),Industry event,3,5,3,1,2,0,1,1,0,0,0,0,0,Dissatisfied - poor support,4,0,1,1,1,1,0,1,0,1.5x,Cost saved per aircraft/yr
UAE-1506,Risk_Averse_Traditional,Exploring,Fleet/Maintenance Manager,Independent MRO,31-80,11-20 years,Abu Dhabi,Condition-based,10+,$10M-$50M,31640708,0,1,1,0,0,1,1,1,1,0,0,0,0,0,0,3,Lack data expertise,0,0,0,1,0,1,0,0,Hybrid,$8K-$20K,9630,Per-aircraft/year,C-Suite,6-12 months,1,1,0,0,1,1,0,0,1,1,1,0,0,0,0,7,3,Regional/turboprop,Industry event,2,4,3,2,1,0,0,0,0,0,0,1,1,Dissatisfied - poor accuracy,3,0,0,1,0,0,1,1,0,1.5x,AOG reduction %
UAE-1507,Risk_Averse_Traditional,Exploring,Director/VP Operations,Commercial airline (full-service),11-30,11-20 years,Sharjah/Northern Emirates,Reactive,3-5,$500K-$2M,1105123,1,0,1,1,0,0,0,0,0,1,0,0,0,0,0,2,Lack data expertise,1,0,0,1,0,0,0,0,Hybrid,$3K-$8K,6133,Per-aircraft/year,IT/Digital lead,<1 month,1,0,0,1,0,0,1,1,1,0,1,0,1,0,0,9,4,Airbus narrow (A320),LinkedIn/social media,2,5,3,1,2,0,0,0,0,0,0,1,0,Satisfied but expensive,1,1,0,0,0,1,1,1,1,2x,AOG reduction %
UAE-1508,Risk_Averse_Traditional,Not Interested,MRO Engineer/Technician,Aircraft leasing,81-200,6-10 years,Dubai,Scheduled/calendar,3-5,>$50M,102606810,1,0,1,0,0,0,0,0,0,0,0,0,1,0,0,3,Cybersecurity,0,1,0,0,0,0,0,0,No preference,>$20K,38906,Hardware lease + software,Head of Maintenance/CAMO,<1 month,1,0,0,0,1,1,1,1,0,0,0,1,0,1,1,8,2,Boeing narrow (B737),Industry event,1,5,2,1,1,0,1,0,0,0,0,0,0,Dissatisfied - poor support,1,0,1,0,0,1,0,1,0,1.5x,Unscheduled maintenance reduction
UAE-1509,Risk_Averse_Traditional,Hot,Director/VP Operations,Low-cost carrier,81-200,11-20 years,Sharjah/Northern Emirates,Scheduled/calendar,1-2,$2M-$10M,7330134,1,0,1,1,0,0,0,0,0,0,0,0,1,1,0,6,Lack data expertise,0,0,0,0,1,1,0,0,Full cloud (SaaS),>$20K,20929,Outcome-based,C-Suite,3-6 months,0,1,0,1,0,0,0,0,0,0,1,0,1,0,0,5,9,Boeing narrow (B737),LinkedIn/social media,1,4,3,3,1,1,0,0,0,0,0,0,0,Dissatisfied - poor accuracy,3,1,0,0,1,1,0,0,0,2x,AOG reduction %
UAE-1510,Risk_Averse_Traditional,Not Interested,Fleet/Maintenance Manager,Charter/private aviation,81-200,11-20 years,Sharjah/Northern Emirates,Reactive,10+,$10M-$50M,26913294,1,0,1,0,1,0,1,1,1,0,0,0,1,1,0,2,High upfront cost,1,1,0,1,0,0,0,0,Hybrid,$3K-$8K,5285,Pay-per-insight,Head of Maintenance/CAMO,1-3 months,0,1,0,1,0,1,1,1,1,0,0,0,0,0,0,7,1,Airbus wide (A330/A350/A380),LinkedIn/social media,3,4,2,2,2,0,1,1,0,0,0,0,1,Dissatisfied - hard to integrate,1,1,0,0,1,1,1,0,0,3x in 12 months,Cost saved per aircraft/yr
UAE-1511,Risk_Averse_Traditional,Exploring,MRO Engineer/Technician,Low-cost carrier,11-30,11-20 years,Dubai,Scheduled/calendar,6-10,<$500K,333681,1,0,1,1,0,1,1,1,1,1,0,0,0,1,1,1,High upfront cost,0,0,0,1,0,0,0,1,Hybrid,>$20K,26095,Outcome-based,Procurement/Finance,6-12 months,1,0,0,1,0,0,1,1,1,0,0,0,0,0,0,6,6,Business jet/helicopter,LinkedIn/social media,1,5,5,2,1,0,1,0,0,0,0,0,1,Dissatisfied - poor accuracy,2,1,0,0,1,0,1,1,0,3x in 12 months,AOG reduction %
UAE-1512,Risk_Averse_Traditional,Not Interested,C-Suite,Independent MRO,200+,6-10 years,Sharjah/Northern Emirates,Scheduled/calendar,6-10,>$50M,77327428,1,0,1,1,0,1,0,1,0,0,0,0,1,0,0,3,Lack data expertise,1,0,0,1,1,0,0,0,Hybrid,$8K-$20K,13144,Fixed monthly SaaS,C-Suite,>12 months,1,0,1,0,0,0,1,1,1,1,0,0,0,1,0,9,1,Airbus narrow (A320),Word of mouth,1,1,1,1,1,0,0,0,0,0,1,0,0,Dissatisfied - poor accuracy,3,1,1,0,1,0,0,0,0,2x,Dispatch reliability %
UAE-1513,Risk_Averse_Traditional,Not Interested,Fleet/Maintenance Manager,Independent MRO,31-80,6-10 years,Abu Dhabi,Scheduled/calendar,6-10,<$500K,291595,1,0,1,0,0,0,1,0,0,1,0,0,0,1,0,1,High upfront cost,0,1,0,0,0,0,0,0,On-premise,$8K-$20K,15734,Pay-per-insight,IT/Digital lead,1-3 months,0,0,0,0,1,0,0,0,0,0,1,0,0,0,1,6,4,Boeing narrow (B737),LinkedIn/social media,1,4,4,2,2,0,0,0,0,0,0,0,1,No platform,3,1,0,0,0,0,0,0,0,2x,Dispatch reliability %
UAE-1514,Risk_Averse_Traditional,Not Interested,IT/Digital Lead,Commercial airline (full-service),1-10,6-10 years,Abu Dhabi,Scheduled/calendar,10+,$500K-$2M,1045551,1,1,0,1,0,0,1,1,0,0,0,0,1,1,1,3,Lack data expertise,0,0,1,0,1,1,0,0,On-premise,$1K-$3K,2321,Outcome-based,Procurement/Finance,6-12 months,1,1,0,0,0,0,0,0,1,1,1,0,0,0,0,10,1,Boeing wide (B777/B787),LinkedIn/social media,2,5,4,3,2,0,0,0,0,0,0,1,0,Satisfied but expensive,1,0,0,1,0,0,0,0,1,3x in 12 months,Unscheduled maintenance reduction
UAE-1515,Risk_Averse_Traditional,Not Interested,Director/VP Operations,Independent MRO,1-10,11-20 years,Dubai,Reactive,1-2,$2M-$10M,7601695,1,1,1,0,0,1,0,0,0,0,0,0,0,0,1,2,High upfront cost,1,0,0,0,1,0,1,0,Full cloud (SaaS),<$1K,445,Hardware lease + software,Head of Maintenance/CAMO,>12 months,0,0,1,0,1,1,1,1,1,0,1,1,0,0,0,8,1,Airbus narrow (A320),Word of mouth,3,3,3,2,3,0,0,1,0,0,0,0,0,Dissatisfied - poor support,3,0,1,1,1,0,1,0,0,5x+,AOG reduction %
UAE-1516,Risk_Averse_Traditional,Exploring,Director/VP Operations,Aircraft leasing,31-80,2-5 years,Dubai,Scheduled/calendar,1-2,>$50M,82143332,1,1,1,1,0,1,0,1,0,1,0,0,0,0,0,1,High upfront cost,0,1,1,0,1,0,0,0,Full cloud (SaaS),$8K-$20K,13918,Pay-per-insight,Joint committee,3-6 months,1,0,1,0,1,0,1,0,1,0,0,0,1,1,0,6,4,Boeing narrow (B737),Word of mouth,1,4,3,2,2,0,0,1,0,1,1,1,0,Dissatisfied - hard to integrate,3,1,1,1,1,0,1,0,0,3x in 12 months,AOG reduction %
UAE-1517,Risk_Averse_Traditional,Not Interested,MRO Engineer/Technician,Independent MRO,11-30,11-20 years,Abu Dhabi,Scheduled/calendar,6-10,$500K-$2M,1088075,1,0,0,0,0,0,1,0,0,0,0,0,0,1,0,1,Lack data expertise,1,0,0,1,0,1,0,0,Hybrid,>$20K,26453,Outcome-based,Joint committee,1-3 months,1,1,0,0,0,1,1,1,1,1,1,0,0,0,0,8,2,Regional/turboprop,LinkedIn/social media,2,4,2,4,1,0,0,0,0,0,0,1,0,Dissatisfied - hard to integrate,2,0,1,1,1,0,0,0,0,Strategic value,Cost saved per aircraft/yr
UAE-1518,Risk_Averse_Traditional,Not Interested,Fleet/Maintenance Manager,Commercial airline (full-service),11-30,11-20 years,Dubai,Scheduled/calendar,3-5,$10M-$50M,32326501,1,1,1,0,0,0,1,1,0,1,0,0,1,0,0,2,High upfront cost,1,0,1,1,0,0,0,0,Hybrid,$3K-$8K,6015,Per-aircraft/year,C-Suite,3-6 months,1,1,0,1,0,0,1,1,1,0,1,1,0,0,0,7,2,Regional/turboprop,LinkedIn/social media,2,4,3,3,2,0,0,0,0,0,0,1,0,No platform,3,0,0,1,0,1,0,1,0,5x+,AOG reduction %
UAE-1519,Risk_Averse_Traditional,Exploring,Fleet/Maintenance Manager,Independent MRO,11-30,11-20 years,Dubai,Scheduled/calendar,3-5,$500K-$2M,1450280,1,0,0,0,0,0,1,0,0,1,0,0,0,0,1,2,High upfront cost,1,1,0,0,0,1,0,0,On-premise,$3K-$8K,7068,Hardware lease + software,Joint committee,3-6 months,1,0,0,0,0,0,0,0,1,0,0,0,1,0,1,3,5,Regional/turboprop,LinkedIn/social media,2,4,3,3,1,0,0,0,0,0,0,1,1,Dissatisfied - poor support,4,1,0,1,0,0,0,1,0,2x,Cost saved per aircraft/yr
UAE-1520,Risk_Averse_Traditional,Not Interested,MRO Engineer/Technician,Independent MRO,31-80,20+ years,Sharjah/Northern Emirates,Reactive,1-2,$10M-$50M,33921091,1,1,1,0,0,0,0,1,0,0,0,0,1,1,0,1,No barriers,1,1,0,0,0,0,0,1,Full cloud (SaaS),$3K-$8K,5359,Pay-per-insight,Joint committee,6-12 months,0,1,0,0,0,0,0,1,1,0,0,1,0,1,0,8,1,Business jet/helicopter,LinkedIn/social media,1,4,4,2,1,0,0,0,0,0,1,0,0,Dissatisfied - poor support,4,1,1,0,0,1,1,0,0,2x,Dispatch reliability %
UAE-1521,Risk_Averse_Traditional,Exploring,C-Suite,Independent MRO,1-10,11-20 years,Other GCC,Full predictive + digital twin,1-2,<$500K,218652,1,0,1,0,0,1,0,1,0,0,0,0,0,0,1,1,Legacy integration,0,0,1,1,1,0,0,0,Full cloud (SaaS),$1K-$3K,1867,Hardware lease + software,Head of Maintenance/CAMO,1-3 months,1,0,0,0,0,0,0,1,1,1,0,1,0,0,0,8,5,Airbus narrow (A320),Word of mouth,2,4,3,2,1,0,0,0,0,0,1,0,0,No platform,2,1,0,1,1,1,0,1,0,Strategic value,AOG reduction %
UAE-1522,Risk_Averse_Traditional,Not Interested,Director/VP Operations,Commercial airline (full-service),1-10,20+ years,Dubai,Reactive,6-10,<$500K,241916,1,0,0,0,0,0,0,0,0,1,0,0,0,1,1,1,Regulatory concerns,1,0,0,0,0,1,1,0,Hybrid,$3K-$8K,4669,Fixed monthly SaaS,Procurement/Finance,3-6 months,0,0,0,0,1,1,0,0,0,0,1,1,1,0,0,8,2,Boeing narrow (B737),Word of mouth,2,4,4,1,2,0,1,0,0,0,0,0,0,Dissatisfied - hard to integrate,2,1,1,1,1,0,0,0,0,2x,Unscheduled maintenance reduction
UAE-1523,Risk_Averse_Traditional,Warm,Fleet/Maintenance Manager,Charter/private aviation,1-10,11-20 years,Dubai,Condition-based,10+,$500K-$2M,1256802,1,0,1,0,1,0,0,1,0,0,1,0,0,0,0,4,No barriers,1,0,0,1,0,1,0,0,Hybrid,$3K-$8K,4143,Hardware lease + software,Head of Maintenance/CAMO,6-12 months,1,1,0,1,0,0,0,0,0,0,0,1,0,1,1,4,8,Boeing narrow (B737),LinkedIn/social media,3,4,3,4,3,1,0,0,0,0,1,0,0,Dissatisfied - poor support,2,0,0,0,0,1,0,0,0,ROI not primary,Dispatch reliability %
UAE-1524,Risk_Averse_Traditional,Exploring,C-Suite,Commercial airline (full-service),1-10,20+ years,Sharjah/Northern Emirates,Condition-based,3-5,$500K-$2M,1133940,1,1,0,0,0,1,0,1,0,0,0,0,0,0,1,2,Regulatory concerns,1,0,1,1,0,0,0,0,On-premise,>$20K,42087,Fixed monthly SaaS,C-Suite,6-12 months,0,0,0,1,0,1,0,0,1,1,1,0,0,0,0,8,4,Boeing narrow (B737),Email invite,2,4,3,3,2,0,0,0,0,0,1,0,1,Dissatisfied - poor accuracy,2,1,1,0,1,1,1,0,0,2x,Cost saved per aircraft/yr
UAE-1525,Risk_Averse_Traditional,Not Interested,MRO Engineer/Technician,Independent MRO,11-30,11-20 years,Dubai,Reactive,1-2,<$500K,246994,1,0,1,0,1,0,1,1,0,1,0,0,1,0,1,2,Lack data expertise,1,0,0,1,0,1,0,0,On-premise,$1K-$3K,1628,Per-aircraft/year,C-Suite,6-12 months,0,0,0,0,0,1,0,0,0,1,1,1,0,0,0,7,1,Airbus narrow (A320),Industry event,2,4,2,1,1,1,0,0,0,0,1,1,1,No platform,5,1,1,1,0,1,0,0,0,5x+,AOG reduction %
UAE-1526,Risk_Averse_Traditional,Exploring,Director/VP Operations,Commercial airline (full-service),11-30,11-20 years,Abu Dhabi,Scheduled/calendar,3-5,$2M-$10M,6014585,1,1,1,0,0,1,1,1,0,0,0,0,0,0,1,8,High upfront cost,0,1,1,1,0,0,0,0,Full cloud (SaaS),$3K-$8K,6031,Fixed monthly SaaS,C-Suite,6-12 months,0,0,0,0,1,0,0,0,1,0,0,1,1,0,0,6,4,Boeing narrow (B737),LinkedIn/social media,3,5,4,2,2,1,0,0,0,0,0,1,1,Dissatisfied - poor accuracy,2,1,0,1,0,0,0,1,0,3x in 12 months,Unscheduled maintenance reduction
UAE-1527,Risk_Averse_Traditional,Not Interested,Fleet/Maintenance Manager,Commercial airline (full-service),31-80,11-20 years,Abu Dhabi,Scheduled/calendar,3-5,$10M-$50M,26726408,0,0,1,1,0,0,0,0,0,1,0,0,1,1,0,3,Lack data expertise,0,0,0,1,1,0,0,1,Hybrid,$3K-$8K,5098,Pay-per-insight,Head of Maintenance/CAMO,1-3 months,0,0,0,0,0,1,1,0,1,0,1,0,1,0,0,6,2,Boeing narrow (B737),Aviation publication,2,5,5,3,2,1,0,0,0,0,0,0,0,No platform,1,0,1,1,0,0,0,1,0,3x in 12 months,AOG reduction %
UAE-1528,Risk_Averse_Traditional,Exploring,Fleet/Maintenance Manager,Low-cost carrier,11-30,11-20 years,Other GCC,Scheduled/calendar,1-2,$500K-$2M,1156257,0,0,0,1,1,0,1,0,0,0,0,0,0,1,0,2,Lack data expertise,1,0,0,0,1,1,0,0,Hybrid,$8K-$20K,11048,Fixed monthly SaaS,IT/Digital lead,1-3 months,0,0,0,1,0,1,1,0,1,0,0,1,0,0,0,9,4,Boeing wide (B777/B787),Industry event,2,4,4,1,4,0,0,0,0,0,1,0,0,No platform,5,1,0,0,1,1,1,1,0,3x in 12 months,Cost saved per aircraft/yr
UAE-1529,Risk_Averse_Traditional,Not Interested,MRO Engineer/Technician,Commercial airline (full-service),81-200,<2 years,Outside GCC,Scheduled/calendar,1-2,>$50M,86073335,0,1,1,1,0,0,0,0,0,0,0,0,1,0,0,1,Lack data expertise,0,0,1,1,0,1,0,0,Hybrid,$8K-$20K,14517,Per-aircraft/year,Head of Maintenance/CAMO,6-12 months,1,0,0,0,1,0,0,0,1,0,1,0,0,0,0,9,2,Boeing narrow (B737),LinkedIn/social media,1,4,3,2,3,0,0,0,0,0,0,1,0,Dissatisfied - hard to integrate,1,0,0,0,1,1,1,0,0,2x,Unscheduled maintenance reduction
UAE-1530,Risk_Averse_Traditional,Exploring,Director/VP Operations,Independent MRO,1-10,6-10 years,Abu Dhabi,Reactive,1-2,<$500K,274596,1,0,1,0,0,1,0,0,0,0,0,1,0,0,0,1,Regulatory concerns,1,0,0,0,1,0,1,0,Full cloud (SaaS),$1K-$3K,1653,Hardware lease + software,Head of Maintenance/CAMO,6-12 months,1,0,0,0,0,0,0,0,0,0,1,0,1,0,0,3,3,Airbus narrow (A320),Aviation publication,3,5,2,3,3,0,0,0,0,0,1,0,0,Dissatisfied - poor support,3,1,0,1,1,1,1,1,1,2x,Dispatch reliability %
UAE-1531,Risk_Averse_Traditional,Not Interested,MRO Engineer/Technician,Commercial airline (full-service),11-30,20+ years,Dubai,Scheduled/calendar,3-5,$500K-$2M,1631515,1,1,1,1,0,0,1,1,1,1,0,0,0,1,0,2,High upfront cost,1,0,0,1,0,0,0,0,Hybrid,$1K-$3K,2245,Hardware lease + software,C-Suite,6-12 months,0,0,0,0,0,0,1,0,1,0,1,1,0,0,0,6,2,Business jet/helicopter,LinkedIn/social media,2,5,3,2,1,0,0,0,0,0,1,1,0,Satisfied but expensive,1,1,0,1,1,1,1,1,0,3x in 12 months,Audit pass rate
UAE-1532,Risk_Averse_Traditional,Not Interested,MRO Engineer/Technician,Commercial airline (full-service),1-10,<2 years,Outside GCC,Condition-based,1-2,$10M-$50M,34492370,0,0,1,0,0,1,0,0,1,0,0,1,0,1,0,1,High upfront cost,1,0,0,0,0,0,1,0,Full cloud (SaaS),>$20K,55380,Pay-per-insight,Procurement/Finance,3-6 months,1,0,1,1,0,1,0,1,1,0,1,1,0,0,0,8,2,Boeing narrow (B737),LinkedIn/social media,2,5,4,3,3,0,0,0,0,0,1,0,0,Dissatisfied - hard to integrate,3,1,0,0,0,1,1,0,0,1.5x,AOG reduction %
UAE-1533,Risk_Averse_Traditional,Not Interested,MRO Engineer/Technician,Charter/private aviation,1-10,20+ years,Abu Dhabi,Condition-based,6-10,<$500K,252401,1,0,1,1,1,0,1,1,0,0,0,0,0,0,1,1,High upfront cost,0,0,1,0,0,0,0,0,Hybrid,$8K-$20K,15098,Fixed monthly SaaS,C-Suite,3-6 months,0,0,0,0,0,1,0,0,0,0,1,0,0,0,1,9,1,Airbus narrow (A320),LinkedIn/social media,2,4,4,3,3,0,0,1,0,0,0,0,0,Dissatisfied - hard to integrate,3,0,0,1,0,1,0,1,0,3x in 12 months,Dispatch reliability %
UAE-1534,Risk_Averse_Traditional,Not Interested,C-Suite,Low-cost carrier,31-80,2-5 years,Outside GCC,Scheduled/calendar,0,$2M-$10M,5064028,0,1,0,0,1,0,0,1,0,1,1,0,1,0,0,1,High upfront cost,1,0,0,1,1,0,0,0,On-premise,$3K-$8K,6089,Outcome-based,Head of Maintenance/CAMO,1-3 months,0,0,0,0,0,1,0,0,0,1,0,1,0,0,1,10,1,Airbus wide (A330/A350/A380),LinkedIn/social media,2,4,3,2,1,1,1,0,0,0,0,1,0,Dissatisfied - poor support,5,0,0,0,1,0,0,0,1,ROI not primary,Component lifespan extension
UAE-1535,Risk_Averse_Traditional,Not Interested,C-Suite,Low-cost carrier,11-30,6-10 years,Dubai,Reactive,6-10,$2M-$10M,3992882,1,0,1,1,0,0,0,1,0,1,0,0,0,0,0,1,Lack data expertise,0,0,0,0,0,1,0,0,Hybrid,$8K-$20K,11031,Pay-per-insight,Head of Maintenance/CAMO,1-3 months,1,1,0,0,0,1,0,0,1,0,1,0,1,0,0,6,3,Airbus narrow (A320),Industry event,2,4,3,1,2,0,1,0,1,1,0,1,0,Very satisfied,3,1,1,1,1,1,1,0,0,3x in 12 months,Dispatch reliability %
UAE-1536,Risk_Averse_Traditional,Exploring,IT/Digital Lead,Low-cost carrier,31-80,6-10 years,Sharjah/Northern Emirates,Scheduled/calendar,10+,$10M-$50M,38530086,1,1,0,1,1,0,0,0,0,1,0,0,0,1,1,1,Lack data expertise,0,0,0,1,0,0,0,1,Full cloud (SaaS),>$20K,27824,Per-aircraft/year,Head of Maintenance/CAMO,3-6 months,0,0,0,0,0,1,1,0,0,1,1,0,0,0,0,6,5,Airbus narrow (A320),LinkedIn/social media,2,2,2,2,2,0,0,0,0,0,1,1,0,Dissatisfied - hard to integrate,4,1,1,0,0,1,1,1,0,1.5x,Dispatch reliability %
UAE-1537,Risk_Averse_Traditional,Exploring,Director/VP Operations,Independent MRO,11-30,20+ years,Dubai,Scheduled/calendar,10+,<$500K,284332,1,1,1,0,0,0,0,1,1,0,0,0,1,0,0,3,Lack data expertise,1,0,0,0,0,0,0,0,On-premise,$8K-$20K,15052,Hardware lease + software,Joint committee,6-12 months,1,0,0,0,0,0,0,1,1,0,1,1,0,0,0,8,4,Boeing narrow (B737),LinkedIn/social media,2,4,3,2,3,0,1,0,0,0,1,0,1,No platform,3,0,1,1,1,0,1,1,0,2x,Component lifespan extension
UAE-1538,Risk_Averse_Traditional,Exploring,IT/Digital Lead,Charter/private aviation,1-10,6-10 years,Sharjah/Northern Emirates,Scheduled/calendar,6-10,$10M-$50M,30426323,1,1,0,0,0,1,0,0,0,0,1,0,0,0,0,2,Lack data expertise,0,1,0,1,0,0,0,1,Hybrid,>$20K,58620,Hardware lease + software,C-Suite,6-12 months,0,0,1,0,0,1,0,0,1,1,1,0,0,0,0,4,3,Airbus narrow (A320),Industry event,1,4,3,2,2,1,0,0,0,0,0,0,0,Dissatisfied - hard to integrate,3,0,1,0,1,0,0,1,0,3x in 12 months,Dispatch reliability %
UAE-1539,Risk_Averse_Traditional,Not Interested,Fleet/Maintenance Manager,Commercial airline (full-service),11-30,6-10 years,Dubai,Predictive (some AI),6-10,$500K-$2M,1155854,1,0,1,1,0,0,1,0,0,0,0,0,0,1,1,2,Legacy integration,0,1,0,0,1,0,1,0,On-premise,$3K-$8K,6603,Per-aircraft/year,Joint committee,3-6 months,1,0,1,0,0,0,0,0,1,1,1,0,0,0,0,9,3,Airbus narrow (A320),Word of mouth,3,5,3,1,2,0,0,0,0,0,0,1,0,Satisfied but expensive,2,1,0,1,0,0,1,1,0,1.5x,Cost saved per aircraft/yr
UAE-1540,Risk_Averse_Traditional,Warm,Director/VP Operations,Charter/private aviation,1-10,2-5 years,Abu Dhabi,Scheduled/calendar,6-10,<$500K,277437,1,1,1,1,1,0,0,0,0,1,0,0,0,1,0,4,Regulatory concerns,1,0,0,1,0,0,0,0,No preference,>$20K,31511,Per-aircraft/year,C-Suite,3-6 months,0,1,0,1,0,0,1,0,1,0,1,1,0,0,0,3,8,Boeing wide (B777/B787),Industry event,2,4,3,4,2,0,0,0,0,0,1,1,0,Very satisfied,3,1,0,1,0,1,0,0,0,3x in 12 months,Component lifespan extension
UAE-1541,Risk_Averse_Traditional,Warm,Fleet/Maintenance Manager,Low-cost carrier,31-80,20+ years,Dubai,Scheduled/calendar,1-2,$2M-$10M,5827105,0,1,0,0,1,1,1,1,1,1,0,0,0,1,1,4,Lack data expertise,1,1,0,0,1,0,0,0,Full cloud (SaaS),$3K-$8K,4726,Per-aircraft/year,C-Suite,6-12 months,0,1,0,0,0,0,0,1,1,1,1,0,0,0,0,5,7,Regional/turboprop,LinkedIn/social media,2,4,3,2,2,0,0,0,1,0,1,0,0,Very satisfied,5,0,1,1,0,0,1,1,0,Strategic value,AOG reduction %
UAE-1542,Risk_Averse_Traditional,Warm,Director/VP Operations,Commercial airline (full-service),11-30,2-5 years,Dubai,Predictive (some AI),10+,$500K-$2M,1222084,0,0,0,0,0,1,0,0,1,0,0,0,0,0,1,4,Lack data expertise,1,1,0,0,0,1,0,0,On-premise,>$20K,36959,Pay-per-insight,Joint committee,3-6 months,0,0,0,1,0,1,1,1,0,0,1,0,0,0,1,6,7,Airbus wide (A330/A350/A380),LinkedIn/social media,3,5,2,3,1,0,0,0,0,0,0,1,0,No platform,4,1,1,0,1,1,1,0,0,1.5x,AOG reduction %
UAE-1543,Risk_Averse_Traditional,Not Interested,IT/Digital Lead,Charter/private aviation,11-30,11-20 years,Dubai,Predictive (some AI),10+,$2M-$10M,4457630,1,1,1,1,0,0,0,0,1,0,0,0,0,0,0,1,No barriers,0,0,0,1,0,1,0,0,Full cloud (SaaS),$8K-$20K,13083,Outcome-based,Joint committee,3-6 months,0,0,0,0,0,1,0,1,1,0,1,1,0,0,0,6,1,Airbus wide (A330/A350/A380),LinkedIn/social media,3,4,4,1,2,0,0,0,0,0,1,0,0,Dissatisfied - hard to integrate,3,1,1,1,1,0,1,0,0,5x+,Dispatch reliability %
UAE-1544,Risk_Averse_Traditional,Exploring,Director/VP Operations,Low-cost carrier,11-30,20+ years,Sharjah/Northern Emirates,Reactive,3-5,$2M-$10M,5103124,1,0,1,0,0,1,1,1,0,1,0,0,0,1,0,1,Regulatory concerns,1,1,0,0,1,0,0,0,Hybrid,$3K-$8K,5986,Pay-per-insight,Head of Maintenance/CAMO,6-12 months,0,0,0,0,0,0,0,1,0,0,1,1,0,0,0,8,4,Boeing wide (B777/B787),Email invite,1,5,3,2,1,0,0,0,0,0,1,0,0,Satisfied but expensive,1,0,1,0,1,0,0,1,0,1.5x,Cost saved per aircraft/yr
UAE-1545,Risk_Averse_Traditional,Exploring,C-Suite,Commercial airline (full-service),11-30,2-5 years,Dubai,Scheduled/calendar,3-5,$500K-$2M,1091519,0,0,0,1,0,0,0,0,0,1,0,0,0,0,0,1,No barriers,0,0,0,1,0,0,1,1,Full cloud (SaaS),$3K-$8K,5684,Per-aircraft/year,Head of Maintenance/CAMO,1-3 months,1,1,0,1,0,0,0,0,0,1,1,0,1,0,0,7,4,Airbus narrow (A320),Industry event,1,5,4,1,2,0,1,0,0,1,1,0,1,Satisfied but expensive,2,0,1,1,0,1,1,1,0,Strategic value,Dispatch reliability %
UAE-1546,Risk_Averse_Traditional,Not Interested,Fleet/Maintenance Manager,Defence/government,81-200,20+ years,Abu Dhabi,Scheduled/calendar,6-10,$2M-$10M,6124977,1,1,1,0,0,0,1,1,0,0,1,0,1,0,0,3,High upfront cost,1,0,0,1,0,0,1,0,On-premise,$3K-$8K,7608,Pay-per-insight,Head of Maintenance/CAMO,>12 months,1,0,1,0,0,0,0,1,0,0,1,0,0,0,0,9,2,Airbus wide (A330/A350/A380),Aviation publication,2,5,4,2,1,0,0,0,1,0,0,0,0,Dissatisfied - poor support,1,1,1,1,1,0,0,0,0,3x in 12 months,Dispatch reliability %
UAE-1547,Risk_Averse_Traditional,Warm,MRO Engineer/Technician,Commercial airline (full-service),11-30,6-10 years,Abu Dhabi,Condition-based,3-5,$2M-$10M,6461743,1,1,1,0,1,0,0,0,0,1,0,0,0,1,0,4,High upfront cost,0,0,0,0,1,1,0,0,On-premise,<$1K,441,Hardware lease + software,Procurement/Finance,>12 months,0,0,0,0,0,1,0,0,1,0,1,0,1,0,0,6,5,Boeing narrow (B737),LinkedIn/social media,2,4,3,2,3,0,0,0,0,0,1,0,0,Dissatisfied - hard to integrate,1,1,1,1,1,1,0,1,0,3x in 12 months,Dispatch reliability %
UAE-1548,Risk_Averse_Traditional,Not Interested,IT/Digital Lead,Commercial airline (full-service),11-30,11-20 years,Other GCC,Condition-based,3-5,<$500K,268319,1,1,1,1,0,0,0,0,0,1,0,0,0,0,1,2,Lack data expertise,1,0,0,0,0,0,0,0,No preference,$3K-$8K,5652,Hardware lease + software,Procurement/Finance,3-6 months,1,1,0,0,0,1,1,1,1,0,1,1,0,0,0,9,2,Business jet/helicopter,Email invite,2,5,3,2,2,0,0,0,0,1,0,0,0,Dissatisfied - hard to integrate,3,1,1,1,1,0,0,1,0,2x,Cost saved per aircraft/yr
UAE-1549,Risk_Averse_Traditional,Exploring,MRO Engineer/Technician,Charter/private aviation,11-30,20+ years,Dubai,Scheduled/calendar,10+,$500K-$2M,1189613,0,0,0,0,1,0,1,0,0,1,0,0,0,0,0,2,High upfront cost,1,0,0,1,0,0,1,0,On-premise,>$20K,28411,Outcome-based,Head of Maintenance/CAMO,6-12 months,0,0,1,0,0,0,0,0,1,0,1,0,1,0,0,7,4,Airbus wide (A330/A350/A380),Email invite,1,5,3,2,2,0,0,0,0,0,1,1,0,Dissatisfied - hard to integrate,1,1,0,1,0,0,0,0,0,Strategic value,AOG reduction %
UAE-1550,Risk_Averse_Traditional,Exploring,MRO Engineer/Technician,Independent MRO,31-80,11-20 years,Abu Dhabi,Scheduled/calendar,3-5,$2M-$10M,6562145,1,0,0,1,1,0,1,0,0,0,0,0,0,0,1,1,Regulatory concerns,0,0,0,0,1,0,0,1,Hybrid,$3K-$8K,5669,Hardware lease + software,Head of Maintenance/CAMO,3-6 months,1,0,0,0,0,1,0,1,0,1,1,1,0,0,0,6,4,Boeing narrow (B737),Email invite,1,4,4,2,2,0,0,0,0,0,0,1,1,Satisfied but expensive,4,1,0,1,1,0,1,0,0,3x in 12 months,Dispatch reliability %
UAE-1551,Risk_Averse_Traditional,Not Interested,MRO Engineer/Technician,Low-cost carrier,31-80,20+ years,Sharjah/Northern Emirates,Condition-based,1-2,$2M-$10M,5471868,0,0,0,1,1,1,0,1,0,0,0,0,0,0,1,1,No barriers,1,0,0,0,1,0,1,0,On-premise,<$1K,718,Outcome-based,Joint committee,>12 months,0,0,0,1,0,0,0,0,1,1,1,0,0,0,0,7,2,Airbus narrow (A320),LinkedIn/social media,3,5,3,2,1,1,0,1,0,0,0,1,1,Satisfied but expensive,4,0,0,1,1,1,1,1,0,ROI not primary,Cost saved per aircraft/yr
UAE-1552,Risk_Averse_Traditional,Not Interested,Fleet/Maintenance Manager,Commercial airline (full-service),11-30,20+ years,Abu Dhabi,Scheduled/calendar,1-2,$10M-$50M,32548218,0,1,1,0,1,1,0,1,0,0,0,0,0,1,1,1,High upfront cost,0,0,1,1,0,0,0,0,On-premise,$1K-$3K,1624,Outcome-based,IT/Digital lead,6-12 months,0,1,0,1,0,1,0,0,0,1,1,1,0,0,0,6,3,Boeing narrow (B737),Industry event,2,5,3,1,3,0,0,0,0,0,1,0,0,No platform,3,0,0,1,0,0,1,1,1,2x,Dispatch reliability %
UAE-1553,Risk_Averse_Traditional,Not Interested,C-Suite,Commercial airline (full-service),1-10,2-5 years,Sharjah/Northern Emirates,Reactive,10+,<$500K,284021,1,0,0,0,0,0,0,0,1,0,0,0,0,0,0,1,Regulatory concerns,0,0,0,1,1,0,1,0,On-premise,>$20K,26806,Hardware lease + software,Head of Maintenance/CAMO,3-6 months,1,1,0,0,0,1,1,1,1,0,0,0,0,1,1,9,2,Airbus wide (A330/A350/A380),LinkedIn/social media,2,4,4,3,2,0,0,0,1,0,0,0,0,Satisfied but expensive,2,1,1,1,1,0,0,1,0,1.5x,Dispatch reliability %
UAE-1554,Risk_Averse_Traditional,Not Interested,MRO Engineer/Technician,Aircraft leasing,1-10,11-20 years,Dubai,Scheduled/calendar,1-2,$2M-$10M,7208472,0,1,1,0,1,0,0,1,0,0,0,0,0,1,0,1,High upfront cost,1,1,0,1,0,0,0,0,On-premise,$3K-$8K,6123,Fixed monthly SaaS,Head of Maintenance/CAMO,1-3 months,0,0,0,0,0,1,0,1,0,0,0,0,1,0,0,7,1,Boeing wide (B777/B787),LinkedIn/social media,3,3,2,2,2,0,0,0,0,1,0,0,0,Dissatisfied - poor accuracy,2,1,0,1,0,0,0,0,0,2x,Cost saved per aircraft/yr
UAE-1555,Risk_Averse_Traditional,Exploring,Fleet/Maintenance Manager,Charter/private aviation,1-10,20+ years,Dubai,Predictive (some AI),10+,<$500K,255543,1,0,0,0,1,1,0,0,0,0,1,0,0,0,0,1,High upfront cost,1,0,0,1,0,0,1,0,Full cloud (SaaS),$3K-$8K,6199,Hardware lease + software,Head of Maintenance/CAMO,>12 months,1,1,0,0,0,0,0,0,1,1,0,0,1,0,0,6,4,Regional/turboprop,Aviation publication,2,5,3,1,4,0,1,0,0,0,1,1,1,Dissatisfied - poor accuracy,5,1,0,0,1,0,1,0,0,ROI not primary,Cost saved per aircraft/yr
UAE-1556,Risk_Averse_Traditional,Exploring,Procurement/Finance,Charter/private aviation,11-30,6-10 years,Dubai,Scheduled/calendar,3-5,$2M-$10M,4843549,0,0,0,1,1,0,0,0,0,0,1,0,1,0,0,1,Lack data expertise,1,0,0,1,0,0,1,0,Hybrid,$3K-$8K,5266,Fixed monthly SaaS,C-Suite,6-12 months,0,0,0,1,0,0,0,0,0,1,1,0,0,1,0,8,1,Boeing narrow (B737),LinkedIn/social media,1,3,3,2,2,0,0,0,1,0,0,1,0,Dissatisfied - poor accuracy,2,1,1,1,0,1,0,1,1,5x+,Unscheduled maintenance reduction
UAE-1557,Risk_Averse_Traditional,Not Interested,IT/Digital Lead,Independent MRO,11-30,6-10 years,Dubai,Predictive (some AI),3-5,$2M-$10M,5324078,1,0,0,0,1,0,0,1,0,1,0,0,0,0,0,2,Legacy integration,1,0,0,1,0,0,1,0,Hybrid,$3K-$8K,5950,Hardware lease + software,Procurement/Finance,3-6 months,1,0,1,0,0,0,1,1,1,0,1,0,0,0,0,8,1,Boeing narrow (B737),Word of mouth,1,4,4,1,2,0,0,0,0,0,0,0,1,Dissatisfied - poor accuracy,3,1,1,1,1,0,0,1,0,2x,Cost saved per aircraft/yr
UAE-1558,Risk_Averse_Traditional,Not Interested,Fleet/Maintenance Manager,Commercial airline (full-service),31-80,6-10 years,Other GCC,Condition-based,3-5,$10M-$50M,30279679,1,0,1,0,1,0,1,0,0,0,0,0,0,1,0,1,Legacy integration,0,1,0,1,0,0,1,0,Full cloud (SaaS),$3K-$8K,2959,Per-aircraft/year,IT/Digital lead,>12 months,1,0,0,1,0,1,0,1,1,1,0,0,0,1,0,7,4,Boeing narrow (B737),Word of mouth,3,3,3,3,3,1,0,0,0,0,1,0,1,Dissatisfied - poor accuracy,3,0,0,1,1,1,0,0,0,2x,AOG reduction %
UAE-1559,Risk_Averse_Traditional,Not Interested,IT/Digital Lead,Low-cost carrier,1-10,11-20 years,Abu Dhabi,Reactive,6-10,$500K-$2M,1329672,0,0,1,1,1,1,0,1,1,1,0,0,1,0,0,3,High upfront cost,1,0,0,1,0,0,1,0,On-premise,>$20K,33071,Fixed monthly SaaS,C-Suite,3-6 months,0,0,0,1,0,0,1,1,0,0,0,0,1,1,1,10,1,Boeing narrow (B737),Word of mouth,3,4,3,3,2,0,0,0,0,0,0,1,0,Dissatisfied - hard to integrate,3,1,0,1,1,0,1,1,0,1.5x,AOG reduction %
UAE-1560,Risk_Averse_Traditional,Not Interested,Fleet/Maintenance Manager,Commercial airline (full-service),1-10,20+ years,Other GCC,Scheduled/calendar,6-10,<$500K,284142,0,1,0,1,1,1,1,0,0,0,0,0,0,1,0,1,Legacy integration,1,0,0,0,0,0,0,1,On-premise,$8K-$20K,18206,Per-aircraft/year,Joint committee,6-12 months,1,1,0,0,0,0,0,0,0,0,0,1,0,1,0,5,4,Boeing narrow (B737),Industry event,3,4,3,2,2,0,0,0,0,0,0,1,0,Satisfied but expensive,3,1,0,1,0,0,1,1,0,2x,AOG reduction %
UAE-1561,Risk_Averse_Traditional,Exploring,IT/Digital Lead,Charter/private aviation,11-30,2-5 years,Dubai,Reactive,3-5,$500K-$2M,1485354,1,0,1,0,0,0,0,0,1,0,0,0,1,1,0,4,Lack data expertise,0,1,0,1,0,0,0,0,On-premise,$3K-$8K,5697,Hardware lease + software,Procurement/Finance,>12 months,1,0,0,0,0,1,0,0,0,1,1,0,0,1,0,5,3,Boeing narrow (B737),Email invite,2,4,2,3,2,1,0,0,0,0,0,1,1,Dissatisfied - poor accuracy,2,1,1,1,1,0,1,1,1,2x,Unscheduled maintenance reduction
UAE-1562,Risk_Averse_Traditional,Exploring,Director/VP Operations,Commercial airline (full-service),11-30,11-20 years,Outside GCC,Scheduled/calendar,6-10,$500K-$2M,1403113,1,0,1,0,0,0,0,1,1,0,0,0,1,0,0,1,Lack data expertise,1,0,0,1,1,0,0,0,Hybrid,>$20K,22476,Per-aircraft/year,Head of Maintenance/CAMO,1-3 months,1,1,1,0,0,1,1,0,1,0,1,0,0,1,0,5,6,Regional/turboprop,Industry event,2,3,4,2,1,0,0,0,0,0,0,1,0,No platform,3,1,0,1,1,1,1,0,0,ROI not primary,AOG reduction %
UAE-1563,Risk_Averse_Traditional,Exploring,Fleet/Maintenance Manager,Aircraft leasing,1-10,<2 years,Dubai,Scheduled/calendar,10+,$500K-$2M,1347688,1,0,1,0,0,1,0,1,0,0,0,0,0,1,1,2,High upfront cost,0,1,0,0,0,0,1,1,On-premise,>$20K,47459,Fixed monthly SaaS,Head of Maintenance/CAMO,3-6 months,1,0,1,1,0,0,0,1,1,0,0,1,1,0,0,5,4,Airbus narrow (A320),Aviation publication,1,3,4,2,2,0,0,0,1,0,0,0,0,Dissatisfied - poor accuracy,4,0,1,1,1,1,1,0,0,1.5x,Unscheduled maintenance reduction
UAE-1564,Risk_Averse_Traditional,Not Interested,C-Suite,Independent MRO,81-200,11-20 years,Abu Dhabi,Condition-based,3-5,$2M-$10M,5383074,1,0,0,1,1,0,0,0,0,0,0,0,0,0,1,1,Regulatory concerns,1,1,0,1,0,0,0,0,On-premise,$3K-$8K,5537,Hardware lease + software,Head of Maintenance/CAMO,3-6 months,1,0,0,0,0,0,0,1,0,1,0,0,1,0,0,9,4,Boeing narrow (B737),LinkedIn/social media,2,5,3,2,1,0,0,0,0,0,0,0,1,No platform,3,1,1,0,0,1,1,1,0,Strategic value,AOG reduction %
UAE-1565,Risk_Averse_Traditional,Exploring,MRO Engineer/Technician,Commercial airline (full-service),1-10,6-10 years,Abu Dhabi,Condition-based,1-2,$2M-$10M,4798655,1,0,0,1,0,1,0,0,0,0,0,0,0,1,0,1,Regulatory concerns,1,0,0,0,0,1,0,1,Hybrid,$1K-$3K,2588,Hardware lease + software,Joint committee,3-6 months,1,1,0,0,0,0,1,1,1,1,0,1,0,0,0,7,3,Boeing narrow (B737),Word of mouth,2,4,3,3,2,0,0,0,0,0,0,0,1,Very satisfied,7,0,1,1,0,0,1,0,0,2x,Dispatch reliability %
UAE-1566,Risk_Averse_Traditional,Not Interested,Procurement/Finance,Commercial airline (full-service),1-10,11-20 years,Sharjah/Northern Emirates,Reactive,1-2,<$500K,294717,1,1,1,1,0,0,0,0,0,1,0,0,0,1,0,2,High upfront cost,0,0,1,0,0,0,1,1,Full cloud (SaaS),$3K-$8K,6170,Hardware lease + software,Joint committee,>12 months,1,0,1,0,0,1,0,0,1,0,1,0,1,0,0,7,1,Boeing narrow (B737),LinkedIn/social media,1,1,1,1,1,0,0,0,0,0,0,1,0,Very satisfied,4,1,0,0,1,0,1,1,0,3x in 12 months,Component lifespan extension
UAE-1567,Risk_Averse_Traditional,Exploring,Director/VP Operations,Low-cost carrier,11-30,6-10 years,Abu Dhabi,Reactive,3-5,$500K-$2M,975668,0,1,0,1,0,0,1,1,0,0,0,0,0,1,1,2,Lack data expertise,1,0,0,0,1,0,0,0,On-premise,>$20K,27155,Fixed monthly SaaS,Head of Maintenance/CAMO,3-6 months,0,0,0,0,0,0,1,0,1,0,1,0,1,0,0,8,5,Regional/turboprop,LinkedIn/social media,3,4,3,3,2,0,0,0,0,0,1,0,0,Dissatisfied - poor accuracy,1,1,1,0,1,1,0,0,0,3x in 12 months,AOG reduction %
UAE-1568,Risk_Averse_Traditional,Not Interested,Fleet/Maintenance Manager,Commercial airline (full-service),1-10,20+ years,Abu Dhabi,Predictive (some AI),1-2,$2M-$10M,6479336,1,1,1,1,1,0,1,1,0,1,0,0,0,0,1,1,Legacy integration,0,0,0,0,0,0,1,0,On-premise,$3K-$8K,7271,Fixed monthly SaaS,Joint committee,3-6 months,0,1,0,1,0,0,0,1,0,1,1,1,0,0,0,8,2,Boeing narrow (B737),Industry event,2,5,3,2,1,0,0,0,1,0,0,0,0,Very satisfied,3,0,0,1,1,1,0,1,0,1.5x,Cost saved per aircraft/yr
UAE-1569,Risk_Averse_Traditional,Not Interested,Director/VP Operations,Defence/government,81-200,6-10 years,Abu Dhabi,Reactive,3-5,$500K-$2M,1066691,1,1,1,1,0,1,1,0,0,0,0,0,1,0,0,3,High upfront cost,1,0,0,1,1,0,0,0,On-premise,$1K-$3K,1348,Outcome-based,IT/Digital lead,3-6 months,1,0,0,0,1,0,1,0,1,0,0,0,0,0,0,7,2,Boeing narrow (B737),Industry event,2,4,4,1,2,0,0,1,0,0,1,1,1,Satisfied but expensive,4,1,0,0,1,0,1,0,0,3x in 12 months,AOG reduction %
UAE-1570,Risk_Averse_Traditional,Exploring,Fleet/Maintenance Manager,Independent MRO,1-10,2-5 years,Dubai,Scheduled/calendar,6-10,$2M-$10M,6416621,0,1,1,1,0,1,1,1,0,0,0,1,0,0,0,1,High upfront cost,1,0,0,0,0,0,0,0,No preference,>$20K,26533,Hardware lease + software,IT/Digital lead,3-6 months,0,0,0,0,0,0,0,1,0,0,1,0,0,1,0,6,5,Boeing narrow (B737),Industry event,3,5,4,2,3,0,0,0,0,0,1,0,0,Very satisfied,3,1,1,0,1,0,1,0,0,2x,AOG reduction %
UAE-1571,Risk_Averse_Traditional,Warm,Fleet/Maintenance Manager,Low-cost carrier,11-30,20+ years,Outside GCC,Scheduled/calendar,3-5,$2M-$10M,4911607,1,0,1,0,1,0,0,1,0,1,1,0,1,1,1,4,High upfront cost,0,0,0,1,0,0,1,0,Full cloud (SaaS),$3K-$8K,5753,Hardware lease + software,Head of Maintenance/CAMO,3-6 months,0,1,0,1,0,0,0,0,1,0,0,1,0,0,1,5,6,Boeing wide (B777/B787),Word of mouth,1,5,2,3,2,1,0,0,0,0,0,0,0,Dissatisfied - poor accuracy,3,1,0,0,0,0,0,0,1,2x,AOG reduction %
UAE-1572,Risk_Averse_Traditional,Not Interested,Director/VP Operations,Low-cost carrier,81-200,11-20 years,Abu Dhabi,Reactive,1-2,$10M-$50M,32513511,1,1,1,0,0,0,0,0,0,1,0,0,1,0,1,2,High upfront cost,1,1,0,0,1,0,0,0,On-premise,>$20K,20898,Outcome-based,Head of Maintenance/CAMO,3-6 months,0,1,0,0,0,0,0,0,0,0,1,0,0,0,0,9,2,Boeing wide (B777/B787),Email invite,1,4,3,1,3,0,1,0,0,0,0,0,0,No platform,5,0,1,1,0,0,1,1,0,ROI not primary,AOG reduction %
UAE-1573,Risk_Averse_Traditional,Not Interested,Fleet/Maintenance Manager,Aircraft leasing,1-10,6-10 years,Sharjah/Northern Emirates,Predictive (some AI),1-2,$2M-$10M,6406530,0,1,0,1,0,1,0,1,0,0,0,0,1,0,0,1,Regulatory concerns,0,0,0,0,1,0,1,1,On-premise,$8K-$20K,13503,Pay-per-insight,IT/Digital lead,3-6 months,0,1,0,0,0,1,1,0,1,1,0,1,0,0,0,9,4,Airbus narrow (A320),Word of mouth,1,4,4,1,1,0,0,0,0,0,0,0,1,Satisfied but expensive,3,0,1,1,0,0,1,0,0,5x+,AOG reduction %
UAE-1574,Risk_Averse_Traditional,Not Interested,IT/Digital Lead,Low-cost carrier,11-30,<2 years,Sharjah/Northern Emirates,Condition-based,10+,$500K-$2M,957418,1,0,1,0,0,0,0,0,0,0,0,0,1,1,0,3,Regulatory concerns,1,0,0,1,0,0,0,0,On-premise,>$20K,32318,Per-aircraft/year,C-Suite,3-6 months,1,1,0,0,0,1,0,0,1,1,1,0,0,0,0,7,3,Business jet/helicopter,Email invite,3,4,3,4,3,0,0,0,1,0,0,0,0,Dissatisfied - hard to integrate,3,1,0,1,0,1,1,0,0,2x,Component lifespan extension
UAE-1575,Risk_Averse_Traditional,Not Interested,Fleet/Maintenance Manager,Charter/private aviation,31-80,6-10 years,Sharjah/Northern Emirates,Scheduled/calendar,10+,$2M-$10M,7227191,1,1,1,0,1,1,0,0,0,1,0,0,0,1,1,2,Legacy integration,0,1,0,0,0,1,0,0,On-premise,$8K-$20K,12725,Fixed monthly SaaS,Joint committee,3-6 months,1,1,0,0,1,1,0,1,1,0,0,0,1,1,0,8,3,Airbus narrow (A320),Industry event,1,4,4,2,3,0,1,0,0,0,0,0,0,Dissatisfied - poor support,5,1,1,1,0,0,1,0,0,ROI not primary,Unscheduled maintenance reduction
UAE-1576,Risk_Averse_Traditional,Not Interested,Director/VP Operations,Low-cost carrier,11-30,20+ years,Abu Dhabi,Scheduled/calendar,10+,$2M-$10M,5941023,1,1,1,1,1,0,1,1,0,0,1,0,0,0,1,1,Legacy integration,0,0,0,0,0,0,0,1,On-premise,$1K-$3K,1896,Hardware lease + software,IT/Digital lead,6-12 months,1,0,0,0,0,1,0,0,0,0,1,1,1,0,0,10,4,Airbus wide (A330/A350/A380),LinkedIn/social media,2,4,3,2,1,0,0,0,0,0,1,0,1,No platform,3,0,1,0,0,0,1,1,0,2x,AOG reduction %
UAE-1577,Risk_Averse_Traditional,Exploring,IT/Digital Lead,Defence/government,1-10,6-10 years,Dubai,Condition-based,6-10,$500K-$2M,1497950,1,0,0,0,0,0,1,1,0,0,0,0,0,0,1,1,Lack data expertise,1,0,0,0,1,0,1,0,On-premise,$8K-$20K,16082,Per-aircraft/year,Procurement/Finance,1-3 months,1,1,0,0,0,0,0,0,1,0,1,1,0,0,0,8,3,Airbus wide (A330/A350/A380),Industry event,3,4,4,2,2,1,0,1,0,0,0,0,0,No platform,2,0,0,1,1,0,1,0,0,2x,Unscheduled maintenance reduction
UAE-1578,Risk_Averse_Traditional,Hot,MRO Engineer/Technician,Independent MRO,81-200,11-20 years,Dubai,Scheduled/calendar,3-5,>$50M,82858974,1,1,1,0,0,1,0,0,0,1,0,0,0,1,0,5,Legacy integration,0,0,0,0,0,1,1,0,Full cloud (SaaS),$8K-$20K,13837,Pay-per-insight,Head of Maintenance/CAMO,1-3 months,0,0,0,0,0,1,0,0,0,1,1,1,0,0,0,1,9,Boeing wide (B777/B787),Industry event,2,4,5,1,1,0,0,1,0,0,1,1,1,Dissatisfied - poor support,2,1,1,0,1,0,0,0,0,3x in 12 months,Unscheduled maintenance reduction
UAE-1579,Risk_Averse_Traditional,Not Interested,Fleet/Maintenance Manager,Defence/government,31-80,11-20 years,Dubai,Scheduled/calendar,0,$2M-$10M,6639382,0,0,1,0,1,0,0,1,0,0,0,0,0,0,1,1,Legacy integration,1,0,1,0,0,0,0,0,On-premise,$3K-$8K,4528,Hardware lease + software,Head of Maintenance/CAMO,6-12 months,1,0,0,0,0,0,1,0,1,0,0,0,1,1,0,9,2,Airbus narrow (A320),Word of mouth,2,5,3,2,3,0,0,0,0,1,1,0,1,Very satisfied,1,1,0,0,1,0,1,1,0,3x in 12 months,Unscheduled maintenance reduction
UAE-1580,Risk_Averse_Traditional,Not Interested,Director/VP Operations,Low-cost carrier,11-30,11-20 years,Sharjah/Northern Emirates,Reactive,3-5,$2M-$10M,4071552,1,1,1,0,0,1,1,0,0,0,0,1,0,0,0,1,High upfront cost,1,0,1,0,1,0,0,0,Full cloud (SaaS),$8K-$20K,16345,Hardware lease + software,Head of Maintenance/CAMO,>12 months,1,0,0,1,0,0,0,0,1,0,1,0,1,0,0,8,3,Airbus narrow (A320),LinkedIn/social media,1,5,4,1,3,0,0,0,0,0,0,1,0,No platform,3,0,0,0,1,1,1,1,0,2x,Cost saved per aircraft/yr
UAE-1581,Risk_Averse_Traditional,Warm,Director/VP Operations,Independent MRO,1-10,11-20 years,Sharjah/Northern Emirates,Condition-based,6-10,$500K-$2M,1825875,0,1,1,1,0,0,0,1,0,0,0,0,0,1,0,1,Lack data expertise,1,0,1,1,0,0,0,0,On-premise,>$20K,34900,Fixed monthly SaaS,Head of Maintenance/CAMO,1-3 months,1,0,0,0,0,0,0,0,1,0,1,0,0,0,0,4,4,Airbus narrow (A320),Industry event,1,5,4,3,3,0,0,0,0,0,0,1,1,Dissatisfied - hard to integrate,2,1,0,0,1,0,0,1,0,5x+,AOG reduction %
UAE-1582,Risk_Averse_Traditional,Warm,Director/VP Operations,Commercial airline (full-service),11-30,20+ years,Abu Dhabi,Scheduled/calendar,1-2,<$500K,292381,1,0,1,0,0,1,1,0,0,0,0,0,0,1,1,4,Lack data expertise,0,0,1,0,0,0,0,0,Full cloud (SaaS),$1K-$3K,1764,Per-aircraft/year,C-Suite,3-6 months,0,0,1,1,0,1,0,0,0,1,0,0,1,1,0,4,5,Regional/turboprop,LinkedIn/social media,2,4,2,2,2,1,0,0,0,0,0,0,0,No platform,3,1,1,0,1,1,0,1,0,ROI not primary,Unscheduled maintenance reduction
UAE-1583,Risk_Averse_Traditional,Exploring,Fleet/Maintenance Manager,Low-cost carrier,11-30,20+ years,Other GCC,Reactive,1-2,$2M-$10M,7230886,0,0,1,1,0,0,0,0,0,0,1,0,0,0,0,1,Regulatory concerns,0,0,0,0,0,0,1,0,On-premise,$1K-$3K,1891,Per-aircraft/year,IT/Digital lead,6-12 months,0,0,0,1,0,1,1,0,1,0,0,0,0,0,1,7,4,Boeing narrow (B737),Industry event,2,3,3,1,1,0,0,0,0,0,1,0,0,Dissatisfied - poor accuracy,1,1,0,1,1,1,0,0,0,5x+,Cost saved per aircraft/yr
UAE-1584,Risk_Averse_Traditional,Not Interested,IT/Digital Lead,Commercial airline (full-service),31-80,20+ years,Sharjah/Northern Emirates,Scheduled/calendar,1-2,$2M-$10M,5061675,1,1,0,1,0,1,1,0,0,0,0,0,0,1,0,1,High upfront cost,1,0,0,0,1,0,0,0,Hybrid,>$20K,25548,Fixed monthly SaaS,C-Suite,6-12 months,0,0,0,0,0,1,0,1,1,0,0,0,0,0,0,8,2,Airbus narrow (A320),LinkedIn/social media,1,1,1,1,1,0,0,0,0,0,0,0,1,Dissatisfied - hard to integrate,3,0,0,0,1,0,1,0,0,3x in 12 months,AOG reduction %
UAE-1585,Risk_Averse_Traditional,Not Interested,MRO Engineer/Technician,Commercial airline (full-service),31-80,20+ years,Sharjah/Northern Emirates,Reactive,3-5,$500K-$2M,1393362,0,0,1,0,0,1,0,0,0,1,0,0,0,0,0,1,High upfront cost,1,0,0,0,1,0,0,1,On-premise,$8K-$20K,13384,Per-aircraft/year,Joint committee,<1 month,1,1,0,0,0,0,1,0,0,0,1,1,1,0,0,10,3,Regional/turboprop,Word of mouth,2,5,4,3,2,0,0,1,1,0,0,0,1,Dissatisfied - poor support,2,1,1,1,1,1,1,0,0,2x,Dispatch reliability %
UAE-1586,Risk_Averse_Traditional,Not Interested,Procurement/Finance,Low-cost carrier,1-10,11-20 years,Abu Dhabi,Reactive,1-2,<$500K,239864,1,1,1,0,1,1,0,1,0,0,0,0,0,1,0,5,No barriers,0,0,0,0,0,0,1,1,No preference,<$1K,358,Hardware lease + software,C-Suite,3-6 months,1,0,0,0,0,0,1,0,1,1,1,0,0,0,0,7,1,Boeing narrow (B737),LinkedIn/social media,2,4,3,1,2,0,1,0,0,0,0,0,0,Dissatisfied - poor accuracy,5,1,0,1,1,1,0,1,0,3x in 12 months,Component lifespan extension
UAE-1587,Risk_Averse_Traditional,Exploring,Director/VP Operations,Aircraft leasing,31-80,<2 years,Other GCC,Scheduled/calendar,6-10,$2M-$10M,5654450,0,0,0,0,0,0,0,1,0,0,0,0,0,1,0,1,Legacy integration,1,1,0,1,0,0,0,0,On-premise,>$20K,27176,Hardware lease + software,IT/Digital lead,3-6 months,1,1,1,0,1,0,1,1,1,0,0,1,1,0,0,6,4,Regional/turboprop,LinkedIn/social media,2,5,3,2,3,1,0,0,0,0,1,0,0,Dissatisfied - poor accuracy,1,0,0,1,1,1,0,1,0,3x in 12 months,Cost saved per aircraft/yr
UAE-1588,Risk_Averse_Traditional,Warm,MRO Engineer/Technician,Low-cost carrier,11-30,11-20 years,Other GCC,Predictive (some AI),1-2,$500K-$2M,880489,1,1,1,1,0,0,1,0,0,1,0,0,1,1,0,4,Regulatory concerns,1,0,0,1,0,1,0,0,On-premise,$3K-$8K,5991,Fixed monthly SaaS,C-Suite,3-6 months,1,0,0,1,1,0,1,0,1,1,0,1,0,0,0,3,5,Boeing narrow (B737),Industry event,1,4,4,1,2,0,0,0,0,0,0,1,1,No platform,2,0,1,1,1,0,1,0,0,3x in 12 months,Unscheduled maintenance reduction
UAE-1589,Risk_Averse_Traditional,Warm,C-Suite,Commercial airline (full-service),11-30,6-10 years,Abu Dhabi,Reactive,3-5,$2M-$10M,4690239,1,1,0,0,0,1,1,0,0,0,0,0,1,1,0,5,Lack data expertise,1,0,1,0,0,1,0,0,Hybrid,$3K-$8K,4985,Hardware lease + software,IT/Digital lead,1-3 months,1,1,1,0,1,1,1,1,0,0,1,0,1,0,1,5,4,Boeing narrow (B737),Email invite,1,5,5,1,2,1,0,0,0,0,0,1,0,Dissatisfied - poor accuracy,4,0,0,1,0,1,0,1,0,1.5x,Cost saved per aircraft/yr
UAE-1590,Risk_Averse_Traditional,Warm,IT/Digital Lead,Commercial airline (full-service),11-30,<2 years,Other GCC,Reactive,3-5,$2M-$10M,5445509,1,0,0,1,0,1,0,0,0,1,0,0,0,0,0,5,High upfront cost,1,1,0,0,1,0,0,0,On-premise,$3K-$8K,4641,Per-aircraft/year,IT/Digital lead,>12 months,1,0,0,0,1,1,0,0,1,0,0,1,0,0,0,5,5,Regional/turboprop,Industry event,3,4,3,3,1,0,0,0,0,0,0,1,0,Very satisfied,3,0,0,0,0,1,0,0,0,1.5x,AOG reduction %
UAE-1591,Risk_Averse_Traditional,Not Interested,Fleet/Maintenance Manager,Aircraft leasing,11-30,20+ years,Dubai,Scheduled/calendar,10+,>$50M,54496488,1,0,1,0,0,0,0,1,0,0,0,0,0,1,0,1,High upfront cost,0,0,0,0,1,0,0,1,Full cloud (SaaS),>$20K,29925,Fixed monthly SaaS,IT/Digital lead,1-3 months,1,0,1,1,0,0,1,0,0,0,1,1,0,0,0,6,1,Boeing narrow (B737),LinkedIn/social media,2,4,4,2,2,0,0,0,0,0,0,1,1,Satisfied but expensive,5,1,1,0,1,0,1,1,0,1.5x,Cost saved per aircraft/yr
UAE-1592,Risk_Averse_Traditional,Not Interested,C-Suite,Low-cost carrier,11-30,6-10 years,Other GCC,Scheduled/calendar,0,$500K-$2M,1309966,1,0,1,0,1,0,0,0,1,0,0,1,0,1,0,3,Legacy integration,1,0,0,1,0,0,0,0,On-premise,$3K-$8K,6402,Per-aircraft/year,Head of Maintenance/CAMO,3-6 months,0,0,0,1,0,1,0,0,1,1,0,0,1,0,0,7,3,Boeing wide (B777/B787),Aviation publication,2,4,3,3,2,0,0,0,0,0,0,1,0,Dissatisfied - hard to integrate,6,0,0,1,1,0,1,1,0,ROI not primary,AOG reduction %
UAE-1593,Risk_Averse_Traditional,Not Interested,C-Suite,Low-cost carrier,11-30,11-20 years,Dubai,Scheduled/calendar,10+,$500K-$2M,1453724,0,0,1,0,0,1,1,0,0,1,0,0,1,1,0,2,Legacy integration,0,1,0,1,0,0,1,0,On-premise,>$20K,22828,Hardware lease + software,Head of Maintenance/CAMO,1-3 months,0,1,0,0,0,0,1,0,1,0,1,0,0,0,0,7,2,Airbus narrow (A320),Email invite,2,5,3,2,3,1,0,0,0,0,0,1,1,Dissatisfied - hard to integrate,2,0,1,0,1,0,0,1,0,ROI not primary,Unscheduled maintenance reduction
UAE-1594,Risk_Averse_Traditional,Not Interested,Director/VP Operations,Independent MRO,31-80,11-20 years,Abu Dhabi,Scheduled/calendar,1-2,$2M-$10M,7525964,0,0,1,1,0,1,0,0,0,0,0,0,1,0,0,1,Lack data expertise,1,0,1,0,0,0,0,0,No preference,$8K-$20K,17667,Per-aircraft/year,Head of Maintenance/CAMO,3-6 months,0,0,1,0,1,1,1,1,0,1,1,1,0,0,0,7,3,Airbus narrow (A320),Email invite,2,5,4,3,2,0,1,0,0,0,0,0,0,Dissatisfied - poor accuracy,5,1,0,0,1,1,0,1,0,5x+,AOG reduction %
UAE-1595,Risk_Averse_Traditional,Not Interested,Director/VP Operations,Low-cost carrier,31-80,2-5 years,Other GCC,Scheduled/calendar,3-5,$10M-$50M,25119882,0,1,1,0,0,0,0,0,1,0,0,0,0,1,1,1,Lack data expertise,0,0,0,0,0,1,0,0,Hybrid,$1K-$3K,2300,Fixed monthly SaaS,IT/Digital lead,<1 month,0,0,0,1,0,1,1,0,0,1,1,0,0,0,0,9,2,Boeing wide (B777/B787),Email invite,2,5,3,3,2,0,0,0,0,0,0,1,0,Satisfied but expensive,1,1,1,0,1,0,1,1,1,3x in 12 months,Cost saved per aircraft/yr
UAE-1596,Risk_Averse_Traditional,Not Interested,MRO Engineer/Technician,Defence/government,11-30,20+ years,Abu Dhabi,Scheduled/calendar,3-5,<$500K,205199,1,1,1,0,1,1,1,1,0,0,0,1,0,0,0,1,High upfront cost,0,0,0,0,0,0,1,0,Hybrid,$3K-$8K,5638,Per-aircraft/year,C-Suite,3-6 months,0,1,0,0,0,0,0,0,1,0,1,1,0,0,0,10,1,Airbus narrow (A320),Email invite,2,4,3,3,1,0,1,0,0,0,0,0,0,No platform,4,1,1,0,1,0,1,1,0,2x,AOG reduction %
UAE-1597,Risk_Averse_Traditional,Warm,Fleet/Maintenance Manager,Low-cost carrier,31-80,11-20 years,Abu Dhabi,Reactive,3-5,$2M-$10M,6353616,0,1,0,0,1,0,0,1,0,1,0,0,0,0,1,4,High upfront cost,1,0,0,0,1,0,1,0,Full cloud (SaaS),<$1K,546,Per-aircraft/year,C-Suite,3-6 months,1,1,0,0,0,1,0,0,1,0,1,0,1,0,0,3,8,Airbus narrow (A320),Industry event,3,5,5,2,2,0,0,0,0,0,0,1,0,No platform,5,0,0,1,0,1,1,1,0,3x in 12 months,Dispatch reliability %
UAE-1598,Risk_Averse_Traditional,Exploring,C-Suite,Charter/private aviation,31-80,6-10 years,Abu Dhabi,Reactive,3-5,$2M-$10M,5586895,1,1,1,0,0,0,1,0,0,0,0,0,0,0,1,1,Legacy integration,0,0,0,0,1,0,0,1,On-premise,$3K-$8K,3904,Per-aircraft/year,Head of Maintenance/CAMO,6-12 months,1,0,0,1,0,0,1,0,0,0,1,0,1,0,0,9,3,Airbus wide (A330/A350/A380),LinkedIn/social media,2,4,4,1,2,0,1,0,0,0,0,0,0,No platform,3,0,1,1,0,1,1,0,1,2x,Cost saved per aircraft/yr
UAE-1599,Risk_Averse_Traditional,Exploring,MRO Engineer/Technician,Commercial airline (full-service),11-30,6-10 years,Dubai,Scheduled/calendar,6-10,$2M-$10M,5042358,1,1,0,0,1,1,1,0,1,1,0,0,0,1,0,1,Legacy integration,1,0,0,1,1,0,0,0,Hybrid,$3K-$8K,6888,Per-aircraft/year,C-Suite,6-12 months,1,0,0,0,0,0,1,1,1,1,1,0,0,0,0,7,4,Airbus narrow (A320),Aviation publication,2,4,5,1,2,0,0,0,0,1,1,0,0,Dissatisfied - hard to integrate,3,0,1,0,1,1,1,0,0,2x,Unscheduled maintenance reduction
UAE-1600,Risk_Averse_Traditional,Exploring,MRO Engineer/Technician,Charter/private aviation,11-30,20+ years,Dubai,Scheduled/calendar,3-5,$500K-$2M,1439142,1,0,1,1,1,0,0,0,0,0,0,0,0,1,0,3,Regulatory concerns,0,0,0,0,1,0,0,1,Hybrid,$1K-$3K,1988,Per-aircraft/year,Joint committee,6-12 months,1,0,0,0,0,0,0,1,0,1,1,0,1,0,0,6,4,Regional/turboprop,Email invite,1,3,3,2,1,1,0,0,0,0,0,1,0,Satisfied but expensive,4,1,1,0,1,1,1,0,0,ROI not primary,Audit pass rate
UAE-1601,Risk_Averse_Traditional,Exploring,MRO Engineer/Technician,Low-cost carrier,31-80,20+ years,Abu Dhabi,Condition-based,6-10,$10M-$50M,30009532,1,0,0,0,1,1,1,0,0,0,0,0,1,1,0,1,Lack data expertise,1,0,1,1,0,0,0,0,On-premise,$8K-$20K,10834,Per-aircraft/year,Procurement/Finance,6-12 months,0,0,0,1,0,0,1,0,1,0,0,1,1,0,0,6,1,Airbus wide (A330/A350/A380),LinkedIn/social media,2,5,3,1,2,1,0,0,0,0,1,1,0,Dissatisfied - hard to integrate,1,0,1,0,1,1,0,1,0,Strategic value,Unscheduled maintenance reduction
UAE-1602,Risk_Averse_Traditional,Not Interested,Fleet/Maintenance Manager,Aircraft leasing,11-30,6-10 years,Outside GCC,Scheduled/calendar,3-5,<$500K,219532,0,1,1,0,0,0,1,1,0,1,0,0,1,1,0,2,Lack data expertise,1,0,0,1,1,0,0,0,On-premise,$8K-$20K,19075,Hardware lease + software,Head of Maintenance/CAMO,1-3 months,1,0,0,1,0,0,1,0,1,0,1,0,1,0,0,8,1,Boeing narrow (B737),Word of mouth,2,5,4,4,1,1,0,0,0,0,1,0,0,Dissatisfied - poor accuracy,3,1,1,1,0,0,0,1,0,2x,Cost saved per aircraft/yr
UAE-1603,Risk_Averse_Traditional,Not Interested,Fleet/Maintenance Manager,Commercial airline (full-service),11-30,2-5 years,Abu Dhabi,Scheduled/calendar,6-10,$500K-$2M,1540422,1,0,0,0,0,0,1,0,1,1,0,0,1,0,1,3,Lack data expertise,1,0,0,1,0,0,1,0,Full cloud (SaaS),$8K-$20K,9085,Hardware lease + software,Head of Maintenance/CAMO,6-12 months,1,0,0,1,0,0,0,0,1,0,1,0,0,1,0,7,3,Airbus narrow (A320),Email invite,4,5,3,1,4,0,0,0,0,0,1,0,0,Dissatisfied - hard to integrate,4,1,1,0,0,0,1,1,0,5x+,Dispatch reliability %
UAE-1604,Risk_Averse_Traditional,Exploring,Director/VP Operations,Commercial airline (full-service),11-30,2-5 years,Dubai,Scheduled/calendar,3-5,$500K-$2M,1090987,1,1,0,0,0,0,1,0,0,0,1,0,0,0,0,1,Lack data expertise,1,0,0,1,0,1,0,0,Hybrid,$8K-$20K,14781,Pay-per-insight,Joint committee,>12 months,1,0,1,0,0,0,1,0,0,1,0,0,1,1,0,7,3,Boeing narrow (B737),Industry event,1,3,4,2,2,1,1,0,0,1,0,0,0,Dissatisfied - poor accuracy,5,0,1,0,0,1,1,0,0,3x in 12 months,Cost saved per aircraft/yr
UAE-1605,Risk_Averse_Traditional,Not Interested,Director/VP Operations,Commercial airline (full-service),11-30,<2 years,Dubai,Full predictive + digital twin,6-10,$500K-$2M,1291225,1,1,0,0,1,1,1,1,0,1,0,0,1,0,1,1,Lack data expertise,1,1,0,1,0,0,0,0,Hybrid,$8K-$20K,14488,Per-aircraft/year,Joint committee,3-6 months,1,0,0,0,0,0,0,0,0,1,1,0,1,0,0,8,3,Business jet/helicopter,Email invite,2,4,4,3,1,0,1,0,0,0,0,1,0,Dissatisfied - hard to integrate,5,0,0,1,1,0,1,1,0,Strategic value,Dispatch reliability %
UAE-1606,Risk_Averse_Traditional,Exploring,Fleet/Maintenance Manager,Low-cost carrier,11-30,6-10 years,Outside GCC,Scheduled/calendar,6-10,$2M-$10M,6328240,1,0,1,0,1,1,0,1,0,1,0,0,0,1,0,2,Regulatory concerns,1,0,1,0,0,0,0,0,Full cloud (SaaS),>$20K,33073,Per-aircraft/year,C-Suite,6-12 months,1,1,0,0,0,1,1,1,0,0,1,1,1,0,0,5,5,Airbus narrow (A320),Industry event,4,4,4,4,4,0,0,0,0,0,1,1,0,No platform,5,1,1,1,0,0,1,0,0,3x in 12 months,Dispatch reliability %
UAE-1607,Risk_Averse_Traditional,Not Interested,Fleet/Maintenance Manager,Independent MRO,31-80,11-20 years,Abu Dhabi,Reactive,6-10,$2M-$10M,7070355,1,1,1,0,0,1,1,1,0,1,0,0,0,0,0,3,Lack data expertise,0,1,0,0,0,0,0,0,Hybrid,$1K-$3K,2044,Per-aircraft/year,Procurement/Finance,3-6 months,1,0,1,1,0,1,0,0,1,0,1,0,0,1,0,8,1,Airbus narrow (A320),Industry event,2,5,4,3,2,0,0,0,0,1,0,0,0,Satisfied but expensive,3,1,1,0,0,1,1,1,0,5x+,AOG reduction %
UAE-1608,Risk_Averse_Traditional,Hot,MRO Engineer/Technician,Commercial airline (full-service),11-30,11-20 years,Other GCC,Reactive,3-5,$10M-$50M,31470019,1,0,1,0,0,0,0,0,0,0,0,0,1,1,0,3,High upfront cost,0,0,0,0,1,0,0,0,Full cloud (SaaS),<$1K,483,Pay-per-insight,C-Suite,3-6 months,1,0,0,0,0,0,0,1,0,0,1,1,0,0,1,3,8,Business jet/helicopter,Word of mouth,3,3,4,2,2,0,1,0,0,0,0,0,0,Dissatisfied - poor support,2,1,1,0,0,1,0,0,0,Strategic value,AOG reduction %
UAE-1609,Risk_Averse_Traditional,Warm,MRO Engineer/Technician,Low-cost carrier,1-10,6-10 years,Other GCC,Scheduled/calendar,1-2,$2M-$10M,4127745,1,1,0,0,0,0,0,0,0,0,0,0,0,1,1,3,No barriers,1,0,0,1,0,0,1,0,On-premise,>$20K,40126,Fixed monthly SaaS,Joint committee,3-6 months,0,1,0,0,0,0,1,1,0,0,1,1,1,0,0,4,8,Boeing narrow (B737),Word of mouth,1,1,1,1,1,1,0,0,0,0,0,0,0,Dissatisfied - hard to integrate,2,0,1,1,0,0,1,1,0,Strategic value,Cost saved per aircraft/yr
UAE-1610,Risk_Averse_Traditional,Not Interested,Procurement/Finance,Charter/private aviation,11-30,6-10 years,Dubai,Condition-based,3-5,$500K-$2M,960720,1,1,1,1,1,0,1,1,0,1,0,0,0,1,0,1,Regulatory concerns,0,0,1,1,0,0,1,0,No preference,$3K-$8K,5605,Per-aircraft/year,C-Suite,6-12 months,0,1,1,1,0,1,0,0,0,0,1,0,1,0,0,9,3,Airbus wide (A330/A350/A380),Email invite,3,5,3,1,2,1,0,0,0,0,0,0,0,Very satisfied,4,1,0,0,1,0,1,0,0,ROI not primary,Cost saved per aircraft/yr
UAE-1611,Risk_Averse_Traditional,Exploring,Fleet/Maintenance Manager,Commercial airline (full-service),81-200,11-20 years,Abu Dhabi,Reactive,1-2,$10M-$50M,36558470,1,0,1,1,0,1,1,0,0,1,0,0,1,1,0,2,High upfront cost,0,0,0,0,0,0,1,0,Full cloud (SaaS),>$20K,34251,Per-aircraft/year,C-Suite,>12 months,1,0,1,0,0,0,0,0,0,0,1,0,1,1,0,4,4,Boeing narrow (B737),Industry event,2,5,3,2,2,1,0,0,0,0,0,0,0,Dissatisfied - hard to integrate,1,0,0,1,1,0,0,1,0,1.5x,Component lifespan extension
UAE-1612,Risk_Averse_Traditional,Not Interested,Director/VP Operations,Commercial airline (full-service),11-30,11-20 years,Dubai,Scheduled/calendar,10+,$2M-$10M,7446664,1,1,0,1,1,1,0,0,0,0,0,0,1,0,0,1,Cybersecurity,1,0,0,1,1,0,0,0,Hybrid,>$20K,18330,Hardware lease + software,Head of Maintenance/CAMO,<1 month,0,0,0,0,0,1,0,1,1,1,1,0,0,0,0,8,4,Airbus narrow (A320),Aviation publication,2,5,3,2,1,0,0,0,0,0,0,0,1,Dissatisfied - hard to integrate,1,1,1,0,1,1,1,1,0,ROI not primary,Dispatch reliability %
UAE-1613,Risk_Averse_Traditional,Not Interested,Director/VP Operations,Independent MRO,31-80,20+ years,Other GCC,Scheduled/calendar,3-5,$10M-$50M,30883225,1,0,0,0,0,1,1,0,0,1,0,0,1,0,0,3,Legacy integration,1,1,0,1,0,0,0,0,Hybrid,$1K-$3K,2123,Fixed monthly SaaS,C-Suite,6-12 months,1,1,1,0,0,0,0,0,0,1,1,1,0,0,0,8,4,Boeing narrow (B737),Email invite,1,1,1,1,1,0,0,0,0,1,0,1,1,Dissatisfied - poor support,2,1,0,1,1,0,1,1,0,3x in 12 months,Dispatch reliability %
UAE-1614,Risk_Averse_Traditional,Not Interested,MRO Engineer/Technician,Commercial airline (full-service),31-80,20+ years,Other GCC,Scheduled/calendar,10+,$2M-$10M,4945949,0,1,0,0,1,1,1,1,0,1,0,0,0,1,0,3,Regulatory concerns,1,0,0,0,0,0,1,0,On-premise,$3K-$8K,4472,Per-aircraft/year,IT/Digital lead,6-12 months,1,0,0,0,1,0,0,0,0,1,1,0,0,1,0,10,1,Boeing narrow (B737),LinkedIn/social media,3,5,3,2,3,0,0,1,0,0,0,0,0,Dissatisfied - hard to integrate,4,1,1,0,1,1,0,1,0,3x in 12 months,AOG reduction %
UAE-1615,Risk_Averse_Traditional,Not Interested,MRO Engineer/Technician,Independent MRO,1-10,11-20 years,Sharjah/Northern Emirates,Scheduled/calendar,0,$500K-$2M,1080649,1,1,1,1,1,1,0,0,0,1,0,0,0,1,0,1,Regulatory concerns,0,1,0,0,0,0,0,0,Hybrid,>$20K,23700,Hardware lease + software,Joint committee,6-12 months,1,0,0,0,0,0,0,1,1,1,0,0,0,0,0,7,1,Boeing narrow (B737),Email invite,2,4,3,3,3,0,0,0,0,0,1,1,0,Dissatisfied - poor accuracy,4,1,1,1,1,0,1,1,0,3x in 12 months,Component lifespan extension
UAE-1616,Risk_Averse_Traditional,Not Interested,Fleet/Maintenance Manager,Defence/government,1-10,6-10 years,Abu Dhabi,Scheduled/calendar,1-2,<$500K,222945,1,1,0,1,0,0,0,0,0,0,0,0,0,1,1,2,High upfront cost,1,0,0,0,0,0,0,1,Hybrid,$3K-$8K,5562,Hardware lease + software,Joint committee,1-3 months,0,1,0,0,0,0,0,1,0,1,1,1,0,0,0,6,2,Airbus narrow (A320),LinkedIn/social media,3,5,2,2,1,0,0,0,0,0,0,0,1,Satisfied but expensive,4,1,1,1,0,1,0,0,0,2x,Dispatch reliability %
UAE-1617,Risk_Averse_Traditional,Not Interested,Director/VP Operations,Charter/private aviation,81-200,11-20 years,Abu Dhabi,Reactive,3-5,>$50M,80904731,0,0,1,0,1,1,0,0,0,0,0,0,0,0,1,1,High upfront cost,1,0,0,0,0,0,0,0,Full cloud (SaaS),$3K-$8K,5172,Per-aircraft/year,Head of Maintenance/CAMO,3-6 months,1,0,0,0,0,0,0,1,1,0,0,0,0,0,1,7,2,Airbus wide (A330/A350/A380),Industry event,5,5,5,5,5,0,1,0,0,0,0,1,0,Satisfied but expensive,3,1,0,1,0,1,0,0,0,1.5x,AOG reduction %
UAE-1618,Risk_Averse_Traditional,Exploring,MRO Engineer/Technician,Independent MRO,81-200,6-10 years,Dubai,Reactive,0,>$50M,78622730,0,1,0,0,1,1,0,1,0,0,0,0,0,0,1,8,Legacy integration,0,0,0,1,0,0,0,0,Full cloud (SaaS),$8K-$20K,9776,Per-aircraft/year,C-Suite,3-6 months,1,1,0,1,0,0,1,0,0,0,1,1,1,0,0,5,5,Airbus narrow (A320),LinkedIn/social media,4,4,4,4,4,0,0,0,0,0,1,0,0,No platform,6,1,1,1,1,0,1,0,0,2x,Unscheduled maintenance reduction
UAE-1619,Risk_Averse_Traditional,Not Interested,Fleet/Maintenance Manager,Aircraft leasing,11-30,20+ years,Outside GCC,Scheduled/calendar,3-5,<$500K,248327,1,1,0,0,0,0,0,0,0,0,0,0,1,1,1,1,Lack data expertise,0,1,0,0,0,0,0,0,On-premise,$8K-$20K,16945,Per-aircraft/year,Head of Maintenance/CAMO,3-6 months,0,0,0,0,0,1,0,0,0,0,1,0,0,0,1,8,1,Airbus narrow (A320),Word of mouth,2,4,2,2,1,0,0,0,0,0,0,1,0,Satisfied but expensive,3,1,0,0,1,1,1,0,0,5x+,Cost saved per aircraft/yr
UAE-1620,Risk_Averse_Traditional,Warm,Director/VP Operations,Charter/private aviation,1-10,6-10 years,Abu Dhabi,Reactive,1-2,$2M-$10M,6318965,1,1,1,0,0,0,0,1,0,1,0,0,1,1,1,5,High upfront cost,1,0,0,0,0,1,1,0,On-premise,$1K-$3K,2406,Fixed monthly SaaS,Joint committee,1-3 months,1,1,0,0,0,0,0,1,0,1,1,0,0,1,0,4,7,Boeing narrow (B737),Aviation publication,2,5,3,1,2,0,0,0,0,0,0,0,1,Dissatisfied - poor accuracy,1,1,0,0,1,0,0,1,0,3x in 12 months,AOG reduction %
UAE-1621,Risk_Averse_Traditional,Exploring,MRO Engineer/Technician,Charter/private aviation,81-200,20+ years,Dubai,Scheduled/calendar,3-5,>$50M,71986806,1,1,0,0,1,0,1,0,0,0,0,0,0,0,1,1,Legacy integration,1,1,1,0,0,0,0,0,Hybrid,>$20K,21264,Fixed monthly SaaS,C-Suite,6-12 months,0,0,1,0,0,0,0,1,0,1,0,0,0,0,0,5,5,Boeing wide (B777/B787),Email invite,2,4,4,3,2,0,0,1,0,0,0,1,0,Dissatisfied - poor accuracy,1,1,1,1,1,1,1,0,0,5x+,Dispatch reliability %
UAE-1622,Risk_Averse_Traditional,Exploring,C-Suite,Independent MRO,11-30,6-10 years,Sharjah/Northern Emirates,Scheduled/calendar,10+,$10M-$50M,29064394,1,1,0,1,1,0,0,0,0,0,0,0,0,1,0,1,High upfront cost,0,0,0,0,1,1,0,0,Hybrid,>$20K,21788,Fixed monthly SaaS,Head of Maintenance/CAMO,>12 months,1,0,0,1,0,0,0,1,1,1,1,0,0,0,0,7,4,Boeing narrow (B737),Email invite,2,5,4,2,2,0,1,0,0,0,1,1,0,Satisfied but expensive,2,1,1,0,0,1,0,0,0,2x,Cost saved per aircraft/yr
UAE-1623,Risk_Averse_Traditional,Exploring,MRO Engineer/Technician,Commercial airline (full-service),11-30,11-20 years,Abu Dhabi,Scheduled/calendar,6-10,$500K-$2M,1140406,0,1,1,0,1,0,0,1,1,0,0,0,0,1,1,3,Lack data expertise,1,0,0,1,1,0,0,0,Hybrid,$8K-$20K,8849,Pay-per-insight,C-Suite,>12 months,0,0,0,0,0,1,0,0,1,0,1,0,1,0,0,7,3,Airbus narrow (A320),Industry event,5,5,5,5,5,0,0,0,0,0,0,0,1,Very satisfied,3,0,1,1,1,1,1,1,0,2x,AOG reduction %
UAE-1624,Risk_Averse_Traditional,Exploring,Fleet/Maintenance Manager,Low-cost carrier,11-30,11-20 years,Sharjah/Northern Emirates,Scheduled/calendar,3-5,$10M-$50M,26381380,0,1,0,0,0,0,0,1,0,1,0,0,0,1,0,3,No barriers,0,1,1,0,0,0,0,1,On-premise,>$20K,37056,Fixed monthly SaaS,Head of Maintenance/CAMO,1-3 months,1,0,0,0,0,0,0,0,1,0,1,1,0,0,0,3,5,Airbus wide (A330/A350/A380),Aviation publication,2,5,3,2,1,0,0,0,0,0,0,1,0,Dissatisfied - hard to integrate,2,1,1,1,1,0,0,1,0,2x,AOG reduction %
UAE-1625,Risk_Averse_Traditional,Not Interested,MRO Engineer/Technician,Low-cost carrier,81-200,6-10 years,Dubai,Scheduled/calendar,3-5,$10M-$50M,24555157,1,1,1,1,0,0,0,0,1,0,0,0,0,0,1,1,High upfront cost,0,1,0,0,1,0,0,1,Full cloud (SaaS),$3K-$8K,4012,Pay-per-insight,IT/Digital lead,1-3 months,0,0,0,1,0,0,0,0,1,1,1,0,0,0,0,7,1,Regional/turboprop,LinkedIn/social media,2,4,3,3,3,0,0,0,0,0,1,0,1,No platform,1,1,1,0,0,1,1,0,0,5x+,AOG reduction %
UAE-1626,Risk_Averse_Traditional,Warm,Fleet/Maintenance Manager,Low-cost carrier,1-10,11-20 years,Dubai,Scheduled/calendar,0,<$500K,218717,1,0,1,1,0,1,1,0,0,0,0,0,1,0,0,3,High upfront cost,0,0,0,1,0,0,1,0,On-premise,$8K-$20K,15160,Outcome-based,Head of Maintenance/CAMO,>12 months,1,0,0,0,0,1,1,1,0,0,1,1,1,0,0,2,5,Boeing narrow (B737),LinkedIn/social media,2,5,3,2,2,1,1,0,0,0,0,1,0,Very satisfied,3,1,1,1,0,1,1,1,0,3x in 12 months,Cost saved per aircraft/yr
UAE-1627,Risk_Averse_Traditional,Not Interested,Director/VP Operations,Charter/private aviation,81-200,6-10 years,Dubai,Scheduled/calendar,3-5,$10M-$50M,30250828,1,1,1,1,1,0,0,0,0,1,0,0,1,1,0,2,Lack data expertise,1,1,0,0,1,0,0,0,No preference,$8K-$20K,8356,Fixed monthly SaaS,C-Suite,6-12 months,0,0,0,1,0,0,0,0,1,0,1,0,0,0,0,10,1,Boeing narrow (B737),LinkedIn/social media,1,4,4,1,2,0,0,0,0,0,0,1,0,Dissatisfied - hard to integrate,4,1,0,1,0,1,1,0,0,3x in 12 months,Unscheduled maintenance reduction
UAE-1628,Risk_Averse_Traditional,Warm,IT/Digital Lead,Commercial airline (full-service),11-30,20+ years,Dubai,Scheduled/calendar,3-5,$2M-$10M,6895066,1,0,0,0,1,1,0,1,0,0,0,0,0,0,1,3,Lack data expertise,0,0,0,1,0,1,1,0,On-premise,$3K-$8K,5202,Fixed monthly SaaS,IT/Digital lead,<1 month,1,0,0,0,0,0,0,1,1,1,1,0,0,0,0,4,5,Airbus narrow (A320),LinkedIn/social media,1,4,4,2,2,0,0,0,0,0,1,0,1,Very satisfied,3,1,1,0,1,0,1,1,0,2x,Cost saved per aircraft/yr
UAE-1629,Risk_Averse_Traditional,Exploring,Fleet/Maintenance Manager,Commercial airline (full-service),81-200,11-20 years,Outside GCC,Reactive,6-10,$2M-$10M,6633904,1,1,1,0,0,0,1,1,0,0,0,0,0,1,0,2,Cybersecurity,1,1,0,1,0,0,0,0,Full cloud (SaaS),>$20K,19221,Hardware lease + software,Joint committee,6-12 months,1,0,0,0,0,0,0,1,1,0,0,0,1,0,1,5,4,Boeing narrow (B737),Industry event,2,4,4,3,2,0,0,1,0,0,0,0,0,Dissatisfied - poor accuracy,3,0,0,1,0,0,0,1,0,3x in 12 months,Component lifespan extension
UAE-1630,Risk_Averse_Traditional,Exploring,MRO Engineer/Technician,Low-cost carrier,1-10,6-10 years,Other GCC,Scheduled/calendar,10+,$500K-$2M,1409273,0,0,0,0,1,0,1,1,0,0,0,0,0,1,0,1,Legacy integration,0,0,0,1,0,0,0,0,No preference,$3K-$8K,5528,Hardware lease + software,Head of Maintenance/CAMO,>12 months,1,0,0,0,0,0,0,1,0,1,1,0,0,0,0,7,3,Boeing narrow (B737),Word of mouth,1,4,3,1,3,0,0,0,0,0,1,0,1,Dissatisfied - poor accuracy,2,0,0,0,0,0,1,0,0,3x in 12 months,Audit pass rate
UAE-1631,Risk_Averse_Traditional,Hot,Fleet/Maintenance Manager,Commercial airline (full-service),1-10,2-5 years,Dubai,Scheduled/calendar,6-10,<$500K,206737,1,0,0,1,0,0,1,0,0,1,0,0,0,0,0,4,Regulatory concerns,1,0,0,0,0,0,0,0,On-premise,$3K-$8K,6398,Per-aircraft/year,Joint committee,6-12 months,1,0,0,0,0,0,0,1,1,0,0,1,0,0,1,3,9,Boeing narrow (B737),LinkedIn/social media,1,5,4,3,2,0,0,0,0,0,0,1,1,Satisfied but expensive,4,0,1,1,1,1,1,1,0,5x+,AOG reduction %
UAE-1632,Risk_Averse_Traditional,Hot,Fleet/Maintenance Manager,Defence/government,11-30,11-20 years,Dubai,Reactive,10+,<$500K,217260,0,0,0,1,0,0,0,0,0,1,0,1,0,0,0,3,Regulatory concerns,1,1,0,0,1,0,0,0,On-premise,$3K-$8K,6833,Fixed monthly SaaS,Head of Maintenance/CAMO,1-3 months,0,0,1,0,0,1,1,1,1,0,0,1,1,0,0,5,7,Airbus wide (A330/A350/A380),Industry event,2,4,3,2,3,0,1,0,0,1,0,0,0,No platform,4,1,1,0,0,1,0,1,0,2x,AOG reduction %
UAE-1633,Risk_Averse_Traditional,Exploring,MRO Engineer/Technician,Low-cost carrier,11-30,6-10 years,Abu Dhabi,Scheduled/calendar,3-5,$10M-$50M,28562193,1,0,1,1,0,1,1,1,0,0,0,0,0,0,1,2,Legacy integration,1,0,0,0,1,0,0,0,On-premise,<$1K,467,Per-aircraft/year,Joint committee,1-3 months,0,0,0,0,0,0,0,1,0,1,0,1,1,0,0,7,6,Airbus narrow (A320),LinkedIn/social media,1,5,2,3,2,0,0,0,0,0,0,0,1,Satisfied but expensive,1,1,0,0,0,1,0,0,0,ROI not primary,Cost saved per aircraft/yr
UAE-1634,Risk_Averse_Traditional,Not Interested,Director/VP Operations,Low-cost carrier,31-80,<2 years,Sharjah/Northern Emirates,Scheduled/calendar,1-2,$10M-$50M,33128711,0,0,1,0,1,0,0,0,0,1,0,0,0,0,0,2,Legacy integration,1,0,0,0,0,1,0,1,On-premise,$3K-$8K,4510,Fixed monthly SaaS,Joint committee,>12 months,0,0,0,0,0,1,0,0,1,0,1,1,0,0,0,6,1,Boeing narrow (B737),Word of mouth,1,4,3,1,2,1,0,0,0,0,0,0,1,Satisfied but expensive,5,1,0,1,0,1,1,1,0,1.5x,AOG reduction %
UAE-1635,Risk_Averse_Traditional,Not Interested,MRO Engineer/Technician,Aircraft leasing,1-10,11-20 years,Dubai,Reactive,10+,$500K-$2M,1222145,0,1,1,1,0,0,0,1,0,0,0,0,0,0,1,1,Lack data expertise,1,1,0,1,0,0,0,0,Full cloud (SaaS),$8K-$20K,19085,Pay-per-insight,Procurement/Finance,3-6 months,0,0,1,0,1,1,0,1,1,1,0,0,1,0,0,6,3,Airbus wide (A330/A350/A380),Industry event,3,5,4,2,2,0,1,0,0,0,0,0,0,No platform,5,1,1,0,1,1,0,1,0,2x,Cost saved per aircraft/yr
UAE-1636,Risk_Averse_Traditional,Exploring,Procurement/Finance,Commercial airline (full-service),11-30,6-10 years,Abu Dhabi,Scheduled/calendar,3-5,<$500K,292481,1,0,0,1,1,0,1,1,1,0,0,0,0,0,0,3,Lack data expertise,1,0,1,0,0,0,0,1,Hybrid,>$20K,28224,Pay-per-insight,C-Suite,3-6 months,1,0,0,1,0,0,0,0,0,0,1,1,1,0,0,5,4,Airbus narrow (A320),Email invite,4,4,4,4,4,0,0,0,0,0,0,1,0,Dissatisfied - poor accuracy,4,1,1,0,1,1,0,0,0,2x,Unscheduled maintenance reduction
UAE-1637,Risk_Averse_Traditional,Not Interested,MRO Engineer/Technician,Commercial airline (full-service),1-10,2-5 years,Abu Dhabi,Scheduled/calendar,0,$500K-$2M,1103129,1,1,1,1,1,1,0,0,0,0,0,1,0,1,0,2,Lack data expertise,0,1,0,1,1,0,0,0,On-premise,>$20K,22207,Per-aircraft/year,Head of Maintenance/CAMO,1-3 months,1,0,1,0,0,0,0,1,1,0,1,0,0,1,0,9,2,Airbus narrow (A320),LinkedIn/social media,1,5,3,3,2,0,0,0,0,0,1,0,0,Satisfied but expensive,1,1,0,1,0,0,0,1,0,ROI not primary,Unscheduled maintenance reduction
UAE-1638,Risk_Averse_Traditional,Exploring,MRO Engineer/Technician,Commercial airline (full-service),200+,11-20 years,Abu Dhabi,Scheduled/calendar,6-10,>$50M,63947817,1,1,1,0,1,1,1,0,0,0,0,0,0,1,0,1,High upfront cost,1,0,0,1,0,0,1,0,Hybrid,$3K-$8K,6854,Pay-per-insight,C-Suite,3-6 months,1,0,0,0,0,0,0,0,1,1,1,0,0,0,0,7,6,Boeing narrow (B737),Industry event,3,4,3,2,2,0,0,0,0,0,0,1,1,Dissatisfied - hard to integrate,1,0,0,1,1,0,1,1,0,3x in 12 months,Cost saved per aircraft/yr
UAE-1639,Risk_Averse_Traditional,Not Interested,Fleet/Maintenance Manager,Independent MRO,200+,6-10 years,Dubai,Reactive,3-5,>$50M,74834088,1,1,1,1,0,1,0,1,0,0,0,0,1,0,1,1,Lack data expertise,1,0,0,0,1,0,1,0,Full cloud (SaaS),<$1K,496,Pay-per-insight,Head of Maintenance/CAMO,6-12 months,0,0,0,1,0,0,0,0,0,0,1,0,1,0,0,10,1,Airbus narrow (A320),LinkedIn/social media,2,5,3,2,2,0,0,0,0,0,0,0,1,Very satisfied,3,0,0,1,1,0,1,1,0,Strategic value,Unscheduled maintenance reduction
UAE-1640,Risk_Averse_Traditional,Exploring,Fleet/Maintenance Manager,Aircraft leasing,11-30,<2 years,Abu Dhabi,Scheduled/calendar,0,$500K-$2M,1069998,1,0,1,1,0,1,1,1,0,0,0,0,0,1,0,2,High upfront cost,0,0,0,0,1,0,0,0,Full cloud (SaaS),$8K-$20K,9611,Outcome-based,Joint committee,>12 months,1,0,0,1,0,0,0,1,0,0,1,0,0,0,0,7,2,Boeing narrow (B737),Email invite,2,4,2,2,3,0,0,0,0,0,0,1,0,Very satisfied,2,1,0,0,0,1,0,1,0,2x,Unscheduled maintenance reduction
UAE-1641,Risk_Averse_Traditional,Warm,C-Suite,Independent MRO,1-10,2-5 years,Dubai,Condition-based,3-5,$500K-$2M,1385114,0,1,1,0,1,1,1,0,0,1,0,0,0,0,0,1,Regulatory concerns,1,1,0,0,1,0,0,0,Full cloud (SaaS),$3K-$8K,4192,Pay-per-insight,Head of Maintenance/CAMO,6-12 months,0,0,1,0,0,0,0,1,1,0,1,0,0,1,0,6,6,Airbus narrow (A320),LinkedIn/social media,1,4,3,2,2,0,0,0,0,0,0,1,0,Dissatisfied - poor support,3,0,1,0,1,0,0,0,0,5x+,AOG reduction %
UAE-1642,Risk_Averse_Traditional,Warm,Director/VP Operations,Commercial airline (full-service),11-30,11-20 years,Dubai,Reactive,1-2,$500K-$2M,1236975,1,1,1,0,0,0,0,0,0,0,0,0,0,0,1,5,Lack data expertise,0,0,0,0,1,0,0,0,On-premise,$8K-$20K,15069,Hardware lease + software,C-Suite,3-6 months,1,0,0,0,0,0,1,0,0,1,1,1,0,0,0,5,8,Boeing narrow (B737),Industry event,2,4,4,2,2,0,0,1,0,1,0,1,1,Dissatisfied - hard to integrate,2,1,1,0,0,0,1,0,0,2x,Dispatch reliability %
UAE-1643,Risk_Averse_Traditional,Warm,Procurement/Finance,Commercial airline (full-service),81-200,11-20 years,Outside GCC,Scheduled/calendar,0,>$50M,68060377,1,0,1,1,1,0,1,0,0,0,0,0,0,1,0,5,High upfront cost,1,1,0,0,0,0,0,0,Hybrid,>$20K,32962,Fixed monthly SaaS,Head of Maintenance/CAMO,3-6 months,1,0,0,0,0,0,0,1,0,1,1,0,0,0,0,6,7,Boeing narrow (B737),LinkedIn/social media,2,5,3,3,2,0,1,0,0,0,0,1,1,Dissatisfied - poor accuracy,4,1,1,1,1,1,1,1,0,3x in 12 months,Cost saved per aircraft/yr
UAE-1644,Risk_Averse_Traditional,Not Interested,Director/VP Operations,Independent MRO,1-10,6-10 years,Dubai,Scheduled/calendar,6-10,<$500K,219849,1,0,0,0,0,0,0,0,0,1,0,0,0,1,1,1,Regulatory concerns,0,1,0,0,0,0,1,0,No preference,$3K-$8K,5266,Per-aircraft/year,Head of Maintenance/CAMO,>12 months,0,0,0,1,0,0,0,1,1,0,0,0,0,0,0,6,3,Business jet/helicopter,LinkedIn/social media,1,5,3,1,2,0,0,0,0,0,1,0,0,Satisfied but expensive,3,1,1,0,1,1,1,0,0,2x,AOG reduction %
UAE-1645,Risk_Averse_Traditional,Warm,MRO Engineer/Technician,Low-cost carrier,1-10,20+ years,Dubai,Reactive,10+,<$500K,266077,1,1,1,0,1,0,1,0,0,0,1,0,1,1,0,4,Lack data expertise,0,1,0,1,0,1,0,0,Hybrid,>$20K,31411,Fixed monthly SaaS,C-Suite,>12 months,1,0,0,0,0,1,1,1,0,0,1,0,1,0,0,4,6,Business jet/helicopter,Industry event,2,5,3,2,2,0,0,0,0,0,0,0,1,No platform,3,0,1,1,1,1,0,1,0,2x,AOG reduction %
UAE-1646,Risk_Averse_Traditional,Hot,C-Suite,Low-cost carrier,1-10,20+ years,Dubai,Scheduled/calendar,0,$2M-$10M,7283610,1,1,1,0,0,0,0,0,1,1,0,0,0,0,1,4,Lack data expertise,0,0,0,1,1,0,1,0,On-premise,<$1K,398,Per-aircraft/year,C-Suite,6-12 months,1,0,0,0,0,0,0,0,0,0,1,1,1,0,0,2,8,Airbus narrow (A320),Industry event,1,4,4,2,3,0,0,0,0,0,0,0,1,No platform,5,0,0,0,1,0,1,1,1,5x+,Unscheduled maintenance reduction
UAE-1647,Risk_Averse_Traditional,Exploring,Fleet/Maintenance Manager,Charter/private aviation,81-200,20+ years,Dubai,Condition-based,3-5,$2M-$10M,5339884,1,1,1,1,0,0,0,1,0,0,0,0,0,0,1,1,Legacy integration,0,0,0,1,0,1,1,0,Hybrid,$3K-$8K,5226,Outcome-based,C-Suite,6-12 months,1,0,0,0,0,1,1,0,0,0,1,0,1,0,0,4,4,Airbus narrow (A320),Industry event,2,5,4,3,2,0,0,0,0,0,1,0,1,No platform,1,1,1,0,1,1,0,1,0,1.5x,AOG reduction %
UAE-1648,Risk_Averse_Traditional,Not Interested,Fleet/Maintenance Manager,Charter/private aviation,81-200,20+ years,Outside GCC,Reactive,6-10,>$50M,79987979,0,1,0,0,0,0,1,0,1,0,0,0,1,1,0,3,High upfront cost,1,0,1,0,1,0,0,0,On-premise,$8K-$20K,6413,Hardware lease + software,C-Suite,6-12 months,0,0,0,0,0,0,1,0,0,1,0,1,0,1,0,9,1,Airbus narrow (A320),Word of mouth,1,5,4,3,2,0,0,0,0,0,0,1,0,Dissatisfied - poor accuracy,2,0,1,1,1,1,1,1,0,2x,Component lifespan extension
UAE-1649,Risk_Averse_Traditional,Exploring,Fleet/Maintenance Manager,Independent MRO,31-80,20+ years,Other GCC,Condition-based,3-5,$2M-$10M,6130164,1,0,1,0,0,0,0,1,0,0,1,0,0,0,1,2,High upfront cost,0,0,0,1,0,0,0,0,Hybrid,$3K-$8K,5116,Hardware lease + software,C-Suite,<1 month,1,0,0,0,0,0,0,1,1,0,1,1,0,0,0,6,8,Boeing narrow (B737),LinkedIn/social media,3,5,2,2,2,0,0,0,0,0,0,1,0,Very satisfied,1,1,1,1,0,1,0,0,0,3x in 12 months,Dispatch reliability %
UAE-1650,Risk_Averse_Traditional,Not Interested,MRO Engineer/Technician,Low-cost carrier,81-200,20+ years,Dubai,Scheduled/calendar,10+,$10M-$50M,37201787,0,0,0,0,0,0,0,1,0,0,0,0,0,1,1,3,Legacy integration,1,0,1,1,0,0,0,0,Full cloud (SaaS),>$20K,25310,Outcome-based,Head of Maintenance/CAMO,>12 months,0,1,0,0,1,0,0,0,0,0,1,1,0,0,0,10,1,Regional/turboprop,Word of mouth,4,5,4,3,3,0,0,0,0,0,0,1,0,No platform,4,1,1,1,0,0,0,0,0,2x,Cost saved per aircraft/yr
UAE-1651,Risk_Averse_Traditional,Not Interested,C-Suite,Independent MRO,81-200,2-5 years,Sharjah/Northern Emirates,Scheduled/calendar,1-2,>$50M,73412171,1,0,1,0,1,0,0,0,1,0,1,0,1,0,0,2,High upfront cost,0,0,0,0,0,0,0,1,No preference,$8K-$20K,11943,Pay-per-insight,Procurement/Finance,<1 month,0,0,1,1,0,1,0,0,1,0,1,1,0,0,0,8,1,Airbus wide (A330/A350/A380),Email invite,1,5,4,3,2,0,1,0,0,0,1,1,0,Dissatisfied - hard to integrate,6,1,0,0,1,0,1,0,0,3x in 12 months,Cost saved per aircraft/yr
UAE-1652,Risk_Averse_Traditional,Warm,Fleet/Maintenance Manager,Low-cost carrier,11-30,6-10 years,Dubai,Condition-based,6-10,$500K-$2M,1143300,1,1,1,0,1,1,0,0,0,1,0,0,1,1,0,1,Regulatory concerns,1,0,0,0,0,1,1,0,Hybrid,>$20K,17002,Fixed monthly SaaS,Procurement/Finance,>12 months,0,0,0,1,0,0,0,0,1,1,1,0,0,0,0,3,7,Airbus narrow (A320),Word of mouth,1,5,4,1,2,0,0,0,0,0,0,1,0,No platform,4,1,0,0,0,1,1,1,0,2x,Unscheduled maintenance reduction
UAE-1653,Risk_Averse_Traditional,Not Interested,Procurement/Finance,Independent MRO,11-30,11-20 years,Dubai,Condition-based,0,$2M-$10M,5225335,1,1,1,1,1,0,0,1,0,0,0,0,0,1,0,3,Regulatory concerns,1,0,0,1,0,1,0,0,On-premise,>$20K,26549,Per-aircraft/year,IT/Digital lead,3-6 months,1,0,0,1,0,0,0,0,1,1,1,0,0,0,0,7,4,Airbus wide (A330/A350/A380),Email invite,2,5,4,2,3,0,0,0,1,0,0,0,0,Satisfied but expensive,2,0,1,0,1,1,0,0,0,Strategic value,Cost saved per aircraft/yr
UAE-1654,Risk_Averse_Traditional,Exploring,Director/VP Operations,Aircraft leasing,11-30,11-20 years,Dubai,Condition-based,6-10,<$500K,229576,1,0,1,0,0,0,0,1,0,0,0,0,0,1,0,1,Cybersecurity,1,0,1,0,1,0,0,0,No preference,$3K-$8K,4884,Hardware lease + software,Head of Maintenance/CAMO,>12 months,0,0,1,0,0,1,0,0,0,0,1,1,1,0,0,7,4,Airbus narrow (A320),LinkedIn/social media,1,5,3,2,2,0,0,0,0,0,0,0,1,Satisfied but expensive,4,0,1,1,1,0,1,0,0,ROI not primary,Cost saved per aircraft/yr
UAE-1655,Risk_Averse_Traditional,Exploring,Fleet/Maintenance Manager,Independent MRO,31-80,2-5 years,Other GCC,Condition-based,3-5,$500K-$2M,1323096,0,1,1,0,0,0,0,0,0,0,0,0,0,0,1,1,Regulatory concerns,0,0,0,0,0,0,1,0,Full cloud (SaaS),$3K-$8K,6338,Per-aircraft/year,C-Suite,>12 months,0,0,0,1,0,1,1,0,1,0,1,0,1,0,0,6,3,Regional/turboprop,LinkedIn/social media,1,5,3,2,3,0,0,1,0,0,0,0,0,Dissatisfied - poor support,2,1,1,1,0,1,1,1,1,5x+,Cost saved per aircraft/yr
UAE-1656,Risk_Averse_Traditional,Not Interested,MRO Engineer/Technician,Charter/private aviation,11-30,6-10 years,Other GCC,Scheduled/calendar,6-10,$2M-$10M,4763040,0,1,1,0,0,1,0,1,0,0,0,0,0,1,0,1,Lack data expertise,0,0,0,0,0,1,1,0,Hybrid,>$20K,29552,Outcome-based,C-Suite,6-12 months,0,0,0,0,0,1,1,1,1,0,1,0,0,0,0,7,3,Boeing narrow (B737),Email invite,1,5,4,2,1,0,0,0,0,0,0,1,0,Dissatisfied - hard to integrate,5,1,1,1,0,0,1,0,0,1.5x,Component lifespan extension
UAE-1657,Risk_Averse_Traditional,Not Interested,Director/VP Operations,Low-cost carrier,11-30,6-10 years,Dubai,Scheduled/calendar,6-10,$2M-$10M,5076209,1,1,0,0,1,0,0,0,0,0,0,0,0,0,1,8,Regulatory concerns,1,0,0,1,0,1,0,0,Hybrid,>$20K,27140,Hardware lease + software,Procurement/Finance,6-12 months,1,0,1,1,0,1,1,1,0,1,1,1,0,0,0,8,2,Boeing wide (B777/B787),Email invite,2,5,3,2,1,0,0,0,0,0,0,1,0,Dissatisfied - hard to integrate,2,0,1,1,0,0,0,0,0,2x,Cost saved per aircraft/yr
UAE-1658,Risk_Averse_Traditional,Exploring,C-Suite,Commercial airline (full-service),31-80,2-5 years,Abu Dhabi,Reactive,0,$500K-$2M,1417898,1,1,1,0,0,1,0,0,0,0,1,0,0,1,0,2,Legacy integration,1,0,0,0,1,0,0,0,On-premise,$8K-$20K,15823,Pay-per-insight,Head of Maintenance/CAMO,>12 months,1,0,0,1,0,1,0,0,0,1,0,0,1,1,0,5,5,Airbus narrow (A320),Industry event,3,3,3,3,3,0,1,1,0,0,0,1,0,Satisfied but expensive,6,1,1,0,0,1,0,0,1,3x in 12 months,Cost saved per aircraft/yr
UAE-1659,Risk_Averse_Traditional,Not Interested,Procurement/Finance,Commercial airline (full-service),1-10,11-20 years,Dubai,Condition-based,10+,<$500K,236445,1,0,1,1,0,0,0,0,0,1,0,0,0,1,0,1,Regulatory concerns,1,0,1,1,0,0,0,0,Hybrid,<$1K,517,Hardware lease + software,C-Suite,3-6 months,0,0,0,1,0,1,0,0,1,0,0,0,0,0,0,6,1,Airbus narrow (A320),Email invite,1,4,4,1,1,0,0,0,0,0,0,1,0,Dissatisfied - poor support,1,1,0,0,0,0,1,0,0,2x,Cost saved per aircraft/yr
UAE-1660,Risk_Averse_Traditional,Exploring,Director/VP Operations,Independent MRO,1-10,6-10 years,Outside GCC,Condition-based,0,$500K-$2M,1155512,0,0,1,0,0,1,0,1,1,0,0,0,0,0,0,3,High upfront cost,1,0,0,1,0,1,0,0,Full cloud (SaaS),$1K-$3K,1695,Hardware lease + software,Joint committee,3-6 months,0,0,0,0,1,1,1,1,0,0,0,0,0,0,1,5,4,Airbus narrow (A320),LinkedIn/social media,2,5,3,2,3,0,0,1,0,0,0,0,1,Very satisfied,4,0,1,0,1,0,1,0,0,3x in 12 months,Unscheduled maintenance reduction
UAE-1661,Risk_Averse_Traditional,Not Interested,C-Suite,Commercial airline (full-service),11-30,6-10 years,Dubai,Scheduled/calendar,1-2,$500K-$2M,1293741,1,1,0,0,0,1,0,1,1,0,0,0,0,1,0,1,Regulatory concerns,1,1,0,1,0,0,0,0,On-premise,$1K-$3K,2728,Hardware lease + software,Head of Maintenance/CAMO,3-6 months,1,0,0,0,0,0,0,1,0,0,0,0,0,0,1,7,1,Airbus wide (A330/A350/A380),Word of mouth,1,3,4,1,2,0,0,0,0,0,1,0,0,Satisfied but expensive,3,0,1,1,1,1,1,1,0,3x in 12 months,Cost saved per aircraft/yr
UAE-1662,Risk_Averse_Traditional,Exploring,Fleet/Maintenance Manager,Aircraft leasing,11-30,20+ years,Abu Dhabi,Reactive,3-5,$2M-$10M,8015968,1,0,0,1,1,1,0,0,0,0,0,0,0,0,1,1,High upfront cost,0,0,0,0,0,0,1,1,Hybrid,$8K-$20K,11729,Hardware lease + software,Head of Maintenance/CAMO,3-6 months,0,0,1,0,0,0,0,0,1,1,1,0,0,0,0,6,4,Boeing narrow (B737),Industry event,1,4,2,2,1,0,0,1,0,0,0,0,0,Dissatisfied - hard to integrate,3,0,1,0,0,0,0,0,0,ROI not primary,AOG reduction %
UAE-1663,Risk_Averse_Traditional,Exploring,Director/VP Operations,Commercial airline (full-service),11-30,6-10 years,Dubai,Reactive,3-5,$500K-$2M,1137433,0,1,0,0,1,0,0,1,0,0,0,0,0,1,0,3,Cybersecurity,0,1,0,0,0,0,0,0,On-premise,$1K-$3K,2631,Pay-per-insight,Head of Maintenance/CAMO,6-12 months,1,1,0,0,0,0,1,1,0,0,1,1,1,0,0,6,6,Boeing narrow (B737),LinkedIn/social media,2,4,4,2,2,0,1,0,0,0,0,0,0,Dissatisfied - hard to integrate,4,0,0,1,1,0,1,0,0,Strategic value,Dispatch reliability %
UAE-1664,Risk_Averse_Traditional,Warm,MRO Engineer/Technician,Low-cost carrier,81-200,20+ years,Other GCC,Condition-based,0,$10M-$50M,31233967,1,0,1,1,0,0,0,0,0,0,0,0,0,1,0,4,High upfront cost,0,0,0,0,0,1,1,0,On-premise,$3K-$8K,4186,Fixed monthly SaaS,C-Suite,6-12 months,1,0,0,0,0,0,1,0,1,1,1,0,0,0,0,4,7,Airbus narrow (A320),Industry event,2,5,3,1,1,0,0,0,0,0,0,0,1,Dissatisfied - poor support,3,1,0,1,1,1,0,1,1,2x,Unscheduled maintenance reduction
UAE-1665,Risk_Averse_Traditional,Not Interested,Director/VP Operations,Low-cost carrier,1-10,2-5 years,Dubai,Scheduled/calendar,3-5,<$500K,230341,1,1,0,0,1,0,1,0,0,0,0,0,1,1,0,2,Regulatory concerns,1,0,0,0,0,0,0,0,On-premise,$3K-$8K,4789,Pay-per-insight,C-Suite,6-12 months,0,1,0,0,0,0,0,0,0,1,1,1,0,0,0,7,3,Boeing narrow (B737),Word of mouth,2,4,3,3,2,0,0,0,0,0,1,1,0,Dissatisfied - hard to integrate,4,0,0,1,0,0,1,0,0,2x,Cost saved per aircraft/yr
UAE-1666,Risk_Averse_Traditional,Exploring,C-Suite,Charter/private aviation,11-30,6-10 years,Outside GCC,Scheduled/calendar,6-10,$500K-$2M,1108956,1,0,1,1,0,0,1,0,0,1,0,0,0,0,0,3,High upfront cost,1,0,0,1,0,1,0,0,On-premise,$3K-$8K,7794,Pay-per-insight,C-Suite,3-6 months,1,1,0,1,0,0,1,0,0,0,0,1,0,0,0,5,2,Regional/turboprop,Industry event,2,5,3,1,2,1,1,0,0,0,0,0,0,Satisfied but expensive,4,1,1,0,0,0,0,1,0,3x in 12 months,Cost saved per aircraft/yr
UAE-1667,Risk_Averse_Traditional,Not Interested,MRO Engineer/Technician,Aircraft leasing,11-30,20+ years,Sharjah/Northern Emirates,Reactive,3-5,$2M-$10M,5633671,1,0,0,0,0,0,0,1,0,0,0,0,1,1,0,2,High upfront cost,0,0,0,1,0,1,1,0,Hybrid,$3K-$8K,6653,Per-aircraft/year,Joint committee,6-12 months,0,0,1,0,0,0,0,0,1,0,0,0,1,0,0,8,1,Airbus wide (A330/A350/A380),Email invite,2,4,3,2,2,0,0,0,1,0,1,1,0,Dissatisfied - poor support,2,0,0,0,0,0,0,1,0,Strategic value,Audit pass rate
UAE-1668,Risk_Averse_Traditional,Not Interested,Fleet/Maintenance Manager,Commercial airline (full-service),1-10,11-20 years,Dubai,Predictive (some AI),6-10,<$500K,318642,1,0,0,0,0,0,0,0,0,1,0,0,0,1,0,4,Cybersecurity,0,0,0,0,1,1,1,0,On-premise,>$20K,26217,Per-aircraft/year,IT/Digital lead,1-3 months,0,0,0,0,0,0,1,0,0,0,0,0,1,0,0,8,1,Airbus narrow (A320),LinkedIn/social media,3,5,2,2,1,0,1,0,0,0,0,0,0,Satisfied but expensive,6,0,0,1,1,0,0,1,0,3x in 12 months,Dispatch reliability %
UAE-1669,Risk_Averse_Traditional,Exploring,MRO Engineer/Technician,Commercial airline (full-service),1-10,6-10 years,Sharjah/Northern Emirates,Scheduled/calendar,1-2,$500K-$2M,1332546,0,0,0,0,1,1,0,1,0,1,0,0,0,0,0,1,Regulatory concerns,1,1,0,0,0,0,1,0,Hybrid,>$20K,35457,Hardware lease + software,Head of Maintenance/CAMO,3-6 months,1,0,0,1,0,0,1,1,1,0,1,1,0,0,0,6,5,Airbus narrow (A320),Word of mouth,3,4,4,3,1,0,1,0,0,0,0,1,0,Dissatisfied - poor accuracy,3,1,1,1,0,0,0,1,1,1.5x,Dispatch reliability %
UAE-1670,Risk_Averse_Traditional,Not Interested,Director/VP Operations,Low-cost carrier,31-80,6-10 years,Dubai,Condition-based,0,$10M-$50M,37698638,0,1,0,1,1,0,1,1,0,0,0,0,1,1,0,3,Legacy integration,0,0,0,0,1,0,0,1,Hybrid,<$1K,469,Per-aircraft/year,Head of Maintenance/CAMO,>12 months,1,0,0,0,0,1,1,0,0,0,1,0,1,0,0,9,5,Airbus narrow (A320),Industry event,2,4,3,2,2,1,1,0,0,0,0,0,1,Very satisfied,4,1,1,0,0,1,1,0,0,1.5x,AOG reduction %
UAE-1671,Risk_Averse_Traditional,Not Interested,MRO Engineer/Technician,Commercial airline (full-service),1-10,6-10 years,Abu Dhabi,Predictive (some AI),1-2,$2M-$10M,4871039,1,0,1,0,0,1,1,0,0,1,1,0,0,0,0,1,Regulatory concerns,1,0,0,1,1,0,0,0,Full cloud (SaaS),$1K-$3K,2272,Per-aircraft/year,C-Suite,6-12 months,0,0,1,1,0,0,1,0,0,0,0,0,1,1,0,5,3,Boeing narrow (B737),LinkedIn/social media,1,3,3,2,3,1,0,0,1,0,0,0,0,Dissatisfied - poor accuracy,3,0,0,1,1,1,1,0,0,3x in 12 months,AOG reduction %
UAE-1672,Risk_Averse_Traditional,Exploring,Fleet/Maintenance Manager,Low-cost carrier,81-200,11-20 years,Dubai,Condition-based,3-5,$10M-$50M,28890508,1,1,0,0,0,0,1,1,0,1,0,0,0,1,0,2,Lack data expertise,1,1,0,0,1,0,0,0,Hybrid,$8K-$20K,11805,Pay-per-insight,Procurement/Finance,6-12 months,1,1,0,0,0,0,0,1,0,1,0,0,1,0,0,6,2,Boeing narrow (B737),Word of mouth,2,4,3,2,2,1,0,0,0,0,0,0,1,No platform,5,1,1,1,0,1,0,0,0,3x in 12 months,Component lifespan extension
UAE-1673,Risk_Averse_Traditional,Exploring,Fleet/Maintenance Manager,Commercial airline (full-service),31-80,11-20 years,Dubai,Scheduled/calendar,1-2,$10M-$50M,22774649,0,0,1,1,1,0,0,1,1,0,0,0,0,0,0,1,High upfront cost,1,0,0,1,0,0,1,0,Full cloud (SaaS),$1K-$3K,1726,Per-aircraft/year,Head of Maintenance/CAMO,3-6 months,0,1,1,1,0,0,0,1,0,1,1,1,0,0,0,7,5,Boeing narrow (B737),LinkedIn/social media,2,4,4,1,1,1,0,0,0,0,0,1,0,Satisfied but expensive,1,1,0,1,0,1,1,0,0,2x,Unscheduled maintenance reduction
UAE-1674,Risk_Averse_Traditional,Exploring,IT/Digital Lead,Charter/private aviation,31-80,20+ years,Sharjah/Northern Emirates,Scheduled/calendar,0,$10M-$50M,29849363,1,0,1,1,1,0,1,1,0,0,0,0,1,0,0,2,No barriers,1,0,0,0,0,0,1,0,On-premise,$1K-$3K,928,Hardware lease + software,Head of Maintenance/CAMO,3-6 months,1,0,0,0,0,0,1,1,0,1,1,0,0,0,1,8,4,Regional/turboprop,Industry event,1,5,4,2,3,0,0,0,0,0,1,0,0,Dissatisfied - poor support,1,1,0,0,1,1,1,1,0,Strategic value,AOG reduction %
UAE-1675,Risk_Averse_Traditional,Not Interested,MRO Engineer/Technician,Low-cost carrier,31-80,2-5 years,Dubai,Scheduled/calendar,1-2,$2M-$10M,5627395,1,0,1,0,0,0,0,0,1,0,0,0,0,0,0,1,Regulatory concerns,1,0,1,0,0,0,0,0,No preference,$8K-$20K,18328,Fixed monthly SaaS,Head of Maintenance/CAMO,3-6 months,0,0,1,0,0,0,0,0,0,1,1,0,1,0,0,8,5,Boeing narrow (B737),Aviation publication,1,4,3,3,2,0,0,0,0,1,0,0,0,Very satisfied,3,0,1,0,1,0,0,1,0,5x+,AOG reduction %
UAE-1676,Risk_Averse_Traditional,Exploring,MRO Engineer/Technician,Aircraft leasing,11-30,<2 years,Sharjah/Northern Emirates,Reactive,6-10,$500K-$2M,1268129,0,0,1,0,1,0,0,1,0,0,0,0,0,1,1,1,Lack data expertise,0,1,1,1,0,0,0,0,Full cloud (SaaS),$8K-$20K,12355,Hardware lease + software,IT/Digital lead,1-3 months,0,1,1,0,0,0,0,0,1,1,0,1,0,0,0,6,4,Regional/turboprop,Aviation publication,2,5,4,1,2,0,0,0,0,0,0,1,0,Satisfied but expensive,2,1,0,1,0,0,1,1,0,5x+,Cost saved per aircraft/yr
UAE-1677,Risk_Averse_Traditional,Exploring,Fleet/Maintenance Manager,Commercial airline (full-service),31-80,11-20 years,Abu Dhabi,Predictive (some AI),3-5,$500K-$2M,1285081,1,0,1,0,0,0,0,0,0,0,0,0,0,0,1,1,High upfront cost,0,0,0,1,0,0,0,0,On-premise,$3K-$8K,5737,Hardware lease + software,C-Suite,6-12 months,0,0,0,0,1,0,1,0,1,0,1,0,1,0,0,8,1,Airbus narrow (A320),LinkedIn/social media,2,4,4,1,3,0,0,0,0,0,1,0,0,No platform,4,1,0,0,1,1,0,1,0,5x+,Unscheduled maintenance reduction
UAE-1678,Risk_Averse_Traditional,Not Interested,MRO Engineer/Technician,Commercial airline (full-service),31-80,6-10 years,Sharjah/Northern Emirates,Scheduled/calendar,1-2,<$500K,271313,1,1,0,1,0,0,0,0,0,0,0,0,0,1,0,2,High upfront cost,1,1,0,1,0,0,0,0,Full cloud (SaaS),$1K-$3K,1731,Hardware lease + software,Head of Maintenance/CAMO,6-12 months,1,0,1,1,0,1,0,0,1,1,0,0,1,0,0,7,2,Business jet/helicopter,Email invite,1,5,3,2,3,0,1,0,0,0,0,0,1,Dissatisfied - poor support,2,1,0,0,1,0,0,1,0,3x in 12 months,AOG reduction %
UAE-1679,Risk_Averse_Traditional,Exploring,MRO Engineer/Technician,Commercial airline (full-service),11-30,20+ years,Dubai,Condition-based,0,$2M-$10M,6061885,1,0,1,0,1,0,1,0,0,1,0,0,1,0,0,3,High upfront cost,1,0,0,1,0,1,0,0,No preference,<$1K,585,Per-aircraft/year,Joint committee,1-3 months,1,0,0,0,0,1,1,1,0,0,1,0,0,0,1,6,3,Business jet/helicopter,Aviation publication,2,5,3,2,2,0,0,0,0,0,0,1,0,Dissatisfied - poor accuracy,4,0,0,1,0,0,0,0,0,2x,Unscheduled maintenance reduction
UAE-1680,Risk_Averse_Traditional,Warm,Director/VP Operations,Defence/government,11-30,<2 years,Outside GCC,Scheduled/calendar,3-5,<$500K,255832,1,0,0,1,1,0,1,1,0,1,0,0,0,0,0,3,High upfront cost,0,1,1,1,0,0,0,0,On-premise,$3K-$8K,4540,Fixed monthly SaaS,Head of Maintenance/CAMO,1-3 months,0,0,0,0,0,0,1,0,1,0,0,1,0,0,0,2,5,Boeing narrow (B737),Email invite,2,5,4,2,2,0,0,0,0,0,0,1,1,No platform,4,1,0,1,0,1,1,0,0,1.5x,AOG reduction %
UAE-1681,Risk_Averse_Traditional,Not Interested,Fleet/Maintenance Manager,Commercial airline (full-service),11-30,11-20 years,Abu Dhabi,Scheduled/calendar,3-5,$2M-$10M,6257650,1,0,1,1,1,0,0,1,0,0,0,0,0,1,0,3,Regulatory concerns,1,0,0,1,0,0,1,0,On-premise,$8K-$20K,13751,Per-aircraft/year,Head of Maintenance/CAMO,3-6 months,1,1,1,0,0,0,0,1,1,1,1,0,0,0,0,10,3,Boeing narrow (B737),LinkedIn/social media,2,3,4,2,2,1,0,0,0,0,0,1,1,Dissatisfied - poor accuracy,1,0,0,0,1,0,1,1,0,1.5x,Cost saved per aircraft/yr
UAE-1682,Risk_Averse_Traditional,Not Interested,Fleet/Maintenance Manager,Charter/private aviation,31-80,11-20 years,Dubai,Scheduled/calendar,0,$10M-$50M,29974857,1,1,0,0,1,0,1,1,0,0,0,0,1,0,0,1,High upfront cost,1,0,0,0,0,0,1,0,Hybrid,$3K-$8K,4210,Pay-per-insight,C-Suite,1-3 months,0,0,0,0,0,0,0,1,0,0,0,0,0,0,1,5,2,Boeing narrow (B737),LinkedIn/social media,2,5,4,2,2,0,0,0,0,0,0,1,0,Dissatisfied - poor support,2,0,0,0,1,1,1,0,0,1.5x,AOG reduction %
UAE-1683,Risk_Averse_Traditional,Exploring,MRO Engineer/Technician,Aircraft leasing,31-80,6-10 years,Abu Dhabi,Reactive,1-2,$500K-$2M,957454,0,0,1,0,1,0,0,0,0,0,0,0,0,0,1,4,Regulatory concerns,1,0,0,0,1,1,0,0,Full cloud (SaaS),$8K-$20K,16850,Pay-per-insight,Head of Maintenance/CAMO,3-6 months,0,1,0,0,0,0,0,0,0,0,1,0,0,0,0,4,4,Airbus narrow (A320),Industry event,2,4,3,2,3,0,0,0,0,0,1,0,1,Very satisfied,4,0,1,1,1,1,1,1,0,3x in 12 months,AOG reduction %
UAE-1684,Risk_Averse_Traditional,Not Interested,MRO Engineer/Technician,Commercial airline (full-service),1-10,6-10 years,Dubai,Condition-based,3-5,<$500K,245480,1,0,1,1,0,1,0,0,0,0,0,0,0,1,0,1,Lack data expertise,0,0,0,1,0,0,1,0,No preference,$3K-$8K,6427,Per-aircraft/year,Procurement/Finance,>12 months,1,0,0,0,0,0,1,0,0,1,0,0,1,0,0,8,2,Boeing wide (B777/B787),LinkedIn/social media,2,5,3,3,1,1,0,0,0,0,0,1,0,Very satisfied,2,0,0,0,1,0,0,1,0,ROI not primary,AOG reduction %
UAE-1685,Risk_Averse_Traditional,Not Interested,MRO Engineer/Technician,Commercial airline (full-service),81-200,6-10 years,Outside GCC,Scheduled/calendar,3-5,$10M-$50M,32749977,1,0,0,0,0,0,1,0,0,0,0,0,1,0,0,1,Lack data expertise,1,0,0,1,1,0,0,0,Hybrid,$3K-$8K,3942,Hardware lease + software,Head of Maintenance/CAMO,<1 month,1,0,0,0,0,0,1,0,0,0,1,0,0,0,1,8,1,Business jet/helicopter,Industry event,1,5,3,3,1,1,0,0,0,0,1,0,0,No platform,3,1,1,0,0,1,1,0,0,Strategic value,Unscheduled maintenance reduction
UAE-1686,Risk_Averse_Traditional,Not Interested,Director/VP Operations,Independent MRO,81-200,20+ years,Abu Dhabi,Scheduled/calendar,3-5,$10M-$50M,31798130,0,0,0,0,1,0,0,1,0,0,0,0,1,1,0,1,Cybersecurity,0,0,1,0,0,0,1,1,Full cloud (SaaS),$8K-$20K,16600,Per-aircraft/year,Head of Maintenance/CAMO,6-12 months,0,0,0,1,1,0,1,1,1,1,1,0,0,0,0,8,1,Airbus narrow (A320),Word of mouth,2,5,3,1,2,0,0,0,0,0,1,0,0,Dissatisfied - hard to integrate,6,0,0,1,1,0,1,0,0,2x,Component lifespan extension
UAE-1687,Risk_Averse_Traditional,Exploring,MRO Engineer/Technician,Charter/private aviation,31-80,20+ years,Dubai,Scheduled/calendar,6-10,$10M-$50M,28258571,1,0,1,1,0,0,1,1,0,0,0,0,0,1,0,3,Regulatory concerns,0,0,0,1,1,0,1,0,Full cloud (SaaS),$8K-$20K,12104,Per-aircraft/year,Head of Maintenance/CAMO,6-12 months,1,0,0,0,0,0,1,0,1,1,1,0,0,0,0,6,5,Airbus narrow (A320),Industry event,2,4,4,3,2,0,0,0,1,0,0,0,1,Satisfied but expensive,2,1,1,1,1,0,0,0,0,Strategic value,Dispatch reliability %
UAE-1688,Risk_Averse_Traditional,Not Interested,MRO Engineer/Technician,Low-cost carrier,31-80,20+ years,Dubai,Reactive,3-5,$500K-$2M,1214421,1,0,1,0,1,1,0,1,0,1,0,0,0,0,0,4,Regulatory concerns,1,1,0,0,0,0,0,0,Full cloud (SaaS),$8K-$20K,14339,Per-aircraft/year,Head of Maintenance/CAMO,>12 months,1,1,1,0,0,0,0,0,0,0,1,0,1,0,0,7,1,Airbus narrow (A320),Word of mouth,1,5,4,2,2,0,0,0,0,0,0,1,0,Dissatisfied - poor support,1,0,0,1,1,1,0,1,0,ROI not primary,AOG reduction %
UAE-1689,Risk_Averse_Traditional,Not Interested,MRO Engineer/Technician,Independent MRO,1-10,6-10 years,Abu Dhabi,Reactive,3-5,<$500K,254984,1,1,1,0,0,0,0,1,0,0,1,0,1,0,1,2,High upfront cost,1,1,0,0,1,0,0,0,On-premise,$1K-$3K,1807,Per-aircraft/year,Head of Maintenance/CAMO,>12 months,0,1,0,0,0,0,0,1,1,1,1,0,0,0,0,10,1,Boeing wide (B777/B787),Email invite,2,5,3,2,1,0,1,0,0,0,1,0,1,Very satisfied,5,0,1,1,1,1,1,0,0,1.5x,Component lifespan extension
UAE-1690,Risk_Averse_Traditional,Not Interested,Director/VP Operations,Aircraft leasing,31-80,6-10 years,Dubai,Condition-based,3-5,$10M-$50M,29235480,1,0,1,1,0,0,0,0,0,1,0,0,0,0,0,2,Legacy integration,1,1,1,0,0,0,0,0,Hybrid,$1K-$3K,2242,Per-aircraft/year,Head of Maintenance/CAMO,1-3 months,1,0,1,1,0,0,0,0,1,0,1,1,0,0,0,7,1,Boeing narrow (B737),Aviation publication,3,4,5,1,1,1,1,0,0,0,0,1,0,No platform,3,0,0,0,1,1,1,1,0,2x,Cost saved per aircraft/yr
UAE-1691,Risk_Averse_Traditional,Not Interested,MRO Engineer/Technician,Low-cost carrier,1-10,20+ years,Abu Dhabi,Condition-based,6-10,$500K-$2M,1664065,1,1,0,0,0,1,0,0,0,0,0,0,0,1,0,1,High upfront cost,1,0,0,0,1,0,0,0,On-premise,>$20K,27289,Fixed monthly SaaS,Head of Maintenance/CAMO,6-12 months,0,1,0,0,0,1,0,0,1,0,0,1,0,0,0,8,2,Boeing narrow (B737),LinkedIn/social media,2,4,3,2,1,0,0,0,0,0,1,1,0,Dissatisfied - poor accuracy,3,0,0,0,1,0,1,1,0,5x+,Cost saved per aircraft/yr
UAE-1692,Risk_Averse_Traditional,Hot,MRO Engineer/Technician,Charter/private aviation,1-10,2-5 years,Abu Dhabi,Full predictive + digital twin,1-2,$2M-$10M,5650129,1,1,0,1,0,1,1,1,0,0,0,0,0,1,1,3,Cybersecurity,1,0,0,0,0,0,0,0,On-premise,$8K-$20K,14807,Pay-per-insight,Head of Maintenance/CAMO,>12 months,1,0,0,0,1,0,0,0,0,1,0,1,1,0,0,1,8,Boeing narrow (B737),Industry event,3,4,4,2,2,0,0,1,0,0,0,0,0,Dissatisfied - hard to integrate,1,1,1,1,0,0,0,0,0,2x,Dispatch reliability %
UAE-1693,Risk_Averse_Traditional,Not Interested,MRO Engineer/Technician,Commercial airline (full-service),1-10,11-20 years,Dubai,Scheduled/calendar,0,<$500K,255238,0,0,0,1,1,0,1,1,0,0,0,0,0,1,1,3,High upfront cost,0,1,0,0,1,1,0,0,On-premise,<$1K,464,Outcome-based,Joint committee,6-12 months,0,0,0,0,0,1,0,1,0,0,1,1,0,0,0,7,3,Boeing narrow (B737),LinkedIn/social media,2,3,3,3,2,1,1,0,0,0,1,0,1,Dissatisfied - poor support,1,0,1,1,0,0,1,0,0,5x+,Unscheduled maintenance reduction
UAE-1694,Risk_Averse_Traditional,Not Interested,IT/Digital Lead,Low-cost carrier,31-80,11-20 years,Sharjah/Northern Emirates,Reactive,1-2,$10M-$50M,31746967,1,1,0,0,0,1,0,1,0,0,0,0,0,1,0,1,Lack data expertise,1,0,1,0,0,0,1,0,Hybrid,>$20K,18781,Per-aircraft/year,IT/Digital lead,3-6 months,0,0,1,0,0,0,1,0,0,0,1,1,0,1,0,5,3,Airbus narrow (A320),Industry event,1,4,3,2,2,1,0,1,0,0,1,0,0,Satisfied but expensive,3,0,1,1,0,1,1,1,0,Strategic value,AOG reduction %
UAE-1695,Risk_Averse_Traditional,Not Interested,C-Suite,Independent MRO,81-200,20+ years,Sharjah/Northern Emirates,Condition-based,3-5,$500K-$2M,1025000,0,1,1,1,0,1,0,0,0,0,1,0,1,0,0,1,High upfront cost,1,1,1,0,0,0,0,0,On-premise,$8K-$20K,15115,Per-aircraft/year,IT/Digital lead,6-12 months,1,1,1,0,1,0,1,0,0,0,1,1,0,1,0,8,1,Boeing narrow (B737),Aviation publication,3,5,4,2,2,0,0,0,0,0,1,0,0,Satisfied but expensive,2,1,1,0,0,0,1,1,0,5x+,AOG reduction %
UAE-1696,Risk_Averse_Traditional,Not Interested,MRO Engineer/Technician,Commercial airline (full-service),31-80,<2 years,Dubai,Condition-based,3-5,$2M-$10M,6699794,0,1,1,0,0,0,1,1,0,0,0,0,0,1,0,1,Regulatory concerns,1,0,0,1,0,1,0,0,Hybrid,$8K-$20K,14560,Pay-per-insight,Head of Maintenance/CAMO,3-6 months,0,1,1,0,0,0,1,0,0,1,1,0,1,0,0,8,1,Boeing wide (B777/B787),LinkedIn/social media,4,4,3,2,2,0,0,0,0,0,1,1,0,Dissatisfied - hard to integrate,3,1,0,1,1,0,1,1,0,5x+,Cost saved per aircraft/yr
UAE-1697,Risk_Averse_Traditional,Exploring,Director/VP Operations,Aircraft leasing,11-30,11-20 years,Dubai,Condition-based,6-10,$500K-$2M,1046297,0,0,1,0,0,0,0,0,0,1,0,0,0,1,1,2,Legacy integration,1,0,0,1,0,0,0,1,Hybrid,$3K-$8K,5999,Outcome-based,IT/Digital lead,6-12 months,0,0,0,0,0,0,1,1,1,1,1,0,0,0,0,6,5,Regional/turboprop,Word of mouth,1,4,3,1,1,0,0,0,0,0,1,1,1,No platform,3,1,0,1,1,0,0,1,0,2x,AOG reduction %
UAE-1698,Risk_Averse_Traditional,Exploring,Procurement/Finance,Commercial airline (full-service),31-80,20+ years,Other GCC,Condition-based,10+,$2M-$10M,6624618,1,0,1,1,0,0,1,0,0,1,0,0,0,0,0,3,Regulatory concerns,0,0,0,0,1,0,1,1,Hybrid,>$20K,25241,Fixed monthly SaaS,Joint committee,3-6 months,1,0,0,0,1,1,1,1,1,1,1,0,0,0,0,7,5,Airbus wide (A330/A350/A380),LinkedIn/social media,3,4,2,2,1,0,0,0,0,0,1,1,0,Dissatisfied - hard to integrate,2,1,1,1,1,1,1,0,0,3x in 12 months,Audit pass rate
UAE-1699,Risk_Averse_Traditional,Exploring,Procurement/Finance,Low-cost carrier,31-80,6-10 years,Dubai,Scheduled/calendar,10+,$500K-$2M,1193521,1,1,1,0,0,1,1,1,0,0,0,1,0,0,0,1,High upfront cost,1,0,0,1,1,0,0,0,Hybrid,>$20K,28713,Per-aircraft/year,C-Suite,3-6 months,1,0,0,1,0,1,0,1,0,0,0,1,1,0,1,7,4,Boeing wide (B777/B787),LinkedIn/social media,2,5,4,2,2,0,0,0,0,0,1,0,0,No platform,2,0,0,1,1,1,1,0,0,3x in 12 months,Component lifespan extension
UAE-1700,Risk_Averse_Traditional,Not Interested,Fleet/Maintenance Manager,Commercial airline (full-service),31-80,11-20 years,Dubai,Reactive,6-10,<$500K,243915,1,0,1,1,1,0,1,1,0,0,0,0,0,1,1,1,Cybersecurity,1,0,0,1,0,1,0,0,Full cloud (SaaS),$8K-$20K,11775,Hardware lease + software,Head of Maintenance/CAMO,3-6 months,0,1,0,0,0,1,0,0,1,0,1,0,0,0,0,9,1,Airbus wide (A330/A350/A380),Industry event,2,5,3,3,2,1,0,0,0,0,0,0,1,Dissatisfied - hard to integrate,1,0,1,1,1,1,1,0,0,3x in 12 months,Dispatch reliability %
UAE-1701,Risk_Averse_Traditional,Exploring,MRO Engineer/Technician,Commercial airline (full-service),1-10,6-10 years,Sharjah/Northern Emirates,Scheduled/calendar,3-5,$2M-$10M,4564656,1,0,1,1,0,0,1,0,0,0,0,1,0,0,0,3,High upfront cost,0,0,0,0,0,1,0,0,No preference,$3K-$8K,4374,Per-aircraft/year,Head of Maintenance/CAMO,>12 months,0,0,0,0,0,1,1,0,1,1,0,0,1,0,0,7,3,Boeing narrow (B737),Industry event,3,5,2,1,3,0,0,0,1,0,0,0,0,Satisfied but expensive,4,1,1,1,1,0,0,1,0,3x in 12 months,Unscheduled maintenance reduction
UAE-1702,Risk_Averse_Traditional,Not Interested,Fleet/Maintenance Manager,Commercial airline (full-service),1-10,2-5 years,Dubai,Reactive,3-5,<$500K,279134,1,0,1,1,1,0,0,1,0,0,0,1,0,1,0,1,High upfront cost,0,0,0,0,0,0,0,1,On-premise,<$1K,678,Per-aircraft/year,Head of Maintenance/CAMO,6-12 months,0,0,0,0,0,0,1,0,1,0,1,0,1,0,0,8,1,Boeing narrow (B737),LinkedIn/social media,2,4,4,2,2,0,0,0,0,0,1,0,0,Dissatisfied - poor support,2,0,1,1,1,1,0,1,0,3x in 12 months,Unscheduled maintenance reduction
UAE-1703,Risk_Averse_Traditional,Not Interested,MRO Engineer/Technician,Commercial airline (full-service),31-80,6-10 years,Dubai,Scheduled/calendar,3-5,$2M-$10M,5446151,1,0,1,0,0,0,1,1,1,1,1,0,1,0,0,1,Legacy integration,1,0,0,0,0,0,1,0,On-premise,$3K-$8K,6092,Outcome-based,Joint committee,3-6 months,1,0,0,1,0,0,0,1,0,0,1,0,1,0,0,9,1,Airbus wide (A330/A350/A380),LinkedIn/social media,1,5,2,3,1,0,0,0,0,0,1,0,0,Very satisfied,1,0,1,1,0,0,1,1,0,5x+,Cost saved per aircraft/yr
UAE-1704,Risk_Averse_Traditional,Not Interested,C-Suite,Independent MRO,1-10,2-5 years,Other GCC,Scheduled/calendar,1-2,<$500K,259317,0,0,0,0,1,1,1,0,1,1,1,0,0,1,1,1,Lack data expertise,1,0,0,0,0,0,0,0,On-premise,$3K-$8K,4799,Hardware lease + software,C-Suite,1-3 months,0,0,1,0,0,1,1,1,1,0,1,0,0,0,0,8,1,Boeing narrow (B737),LinkedIn/social media,3,5,2,1,3,0,0,0,1,0,1,0,0,No platform,4,1,1,0,0,0,1,1,0,2x,Dispatch reliability %
UAE-1705,Risk_Averse_Traditional,Exploring,MRO Engineer/Technician,Charter/private aviation,31-80,6-10 years,Dubai,Scheduled/calendar,6-10,$10M-$50M,36240512,0,1,0,0,1,1,1,0,0,0,0,0,0,1,0,1,Lack data expertise,0,0,0,1,0,0,0,0,Hybrid,$1K-$3K,2106,Fixed monthly SaaS,Joint committee,6-12 months,1,1,0,0,0,0,0,0,1,0,1,1,0,0,0,7,5,Boeing narrow (B737),Email invite,1,1,1,1,1,0,0,0,0,0,0,1,0,Satisfied but expensive,4,1,1,0,0,0,1,1,1,Strategic value,AOG reduction %
UAE-1706,Risk_Averse_Traditional,Not Interested,Fleet/Maintenance Manager,Commercial airline (full-service),1-10,11-20 years,Other GCC,Scheduled/calendar,1-2,$10M-$50M,22556840,1,0,1,0,1,1,0,0,0,0,0,0,0,0,1,3,Legacy integration,0,0,1,1,0,0,0,0,On-premise,$3K-$8K,4372,Pay-per-insight,Joint committee,3-6 months,0,0,0,0,0,1,0,0,0,0,1,0,0,0,0,7,3,Airbus narrow (A320),Industry event,2,5,2,1,3,0,0,0,0,1,0,0,0,Dissatisfied - poor accuracy,2,0,1,1,0,0,0,0,0,2x,Component lifespan extension
UAE-1707,Risk_Averse_Traditional,Not Interested,Director/VP Operations,Low-cost carrier,11-30,6-10 years,Abu Dhabi,Reactive,1-2,$500K-$2M,1157204,1,0,1,1,1,1,0,1,0,1,0,0,1,0,1,2,Legacy integration,0,1,0,1,0,1,0,0,On-premise,<$1K,405,Pay-per-insight,Joint committee,1-3 months,1,0,0,0,0,1,1,1,0,0,1,0,1,1,0,8,2,Airbus narrow (A320),Aviation publication,2,4,3,1,2,1,1,0,0,0,0,1,0,Dissatisfied - hard to integrate,2,1,0,1,1,1,0,0,0,3x in 12 months,AOG reduction %
UAE-1708,Risk_Averse_Traditional,Not Interested,Fleet/Maintenance Manager,Independent MRO,1-10,11-20 years,Dubai,Scheduled/calendar,3-5,$500K-$2M,1431639,1,1,0,0,0,0,1,1,0,1,0,0,1,0,1,1,Lack data expertise,1,1,0,0,0,0,1,0,Full cloud (SaaS),>$20K,22665,Per-aircraft/year,C-Suite,3-6 months,1,0,0,1,0,1,1,1,1,0,1,0,0,1,0,7,1,Boeing wide (B777/B787),Industry event,4,4,4,4,4,1,0,0,0,0,0,0,0,No platform,5,0,1,1,0,0,0,0,0,Strategic value,Cost saved per aircraft/yr
UAE-1709,Risk_Averse_Traditional,Not Interested,MRO Engineer/Technician,Charter/private aviation,81-200,6-10 years,Abu Dhabi,Condition-based,10+,$10M-$50M,35665702,1,1,0,1,1,0,0,1,0,1,0,0,1,1,1,1,Lack data expertise,1,0,0,0,0,1,1,0,Full cloud (SaaS),$1K-$3K,2356,Outcome-based,Head of Maintenance/CAMO,3-6 months,0,0,0,0,0,0,1,1,1,1,1,0,0,0,0,10,3,Airbus narrow (A320),Email invite,2,5,3,1,2,0,0,0,0,0,0,1,0,No platform,1,0,1,1,0,1,1,1,0,Strategic value,AOG reduction %
UAE-1710,Risk_Averse_Traditional,Exploring,Procurement/Finance,Defence/government,31-80,2-5 years,Abu Dhabi,Reactive,6-10,$2M-$10M,7208515,0,1,0,0,1,1,1,0,0,1,1,0,1,0,0,1,Regulatory concerns,1,0,1,1,0,0,0,0,Full cloud (SaaS),>$20K,34508,Fixed monthly SaaS,Procurement/Finance,1-3 months,1,0,0,1,0,1,1,0,1,1,0,0,0,0,0,4,5,Airbus wide (A330/A350/A380),Email invite,1,4,4,3,2,0,0,0,0,0,1,1,0,Dissatisfied - poor accuracy,3,1,0,1,0,1,0,1,0,5x+,Cost saved per aircraft/yr
UAE-1711,Risk_Averse_Traditional,Exploring,Director/VP Operations,Charter/private aviation,11-30,20+ years,Dubai,Scheduled/calendar,3-5,$10M-$50M,31977795,1,1,1,0,1,1,0,1,1,0,0,0,0,0,0,2,Lack data expertise,0,1,0,0,1,1,0,0,Full cloud (SaaS),$3K-$8K,4715,Outcome-based,Procurement/Finance,>12 months,1,1,1,0,0,0,0,1,0,0,1,0,1,1,0,5,7,Boeing narrow (B737),LinkedIn/social media,4,5,4,2,1,0,1,0,0,0,0,1,0,Satisfied but expensive,2,0,1,0,1,1,1,1,0,2x,Cost saved per aircraft/yr
UAE-1712,Risk_Averse_Traditional,Exploring,Fleet/Maintenance Manager,Commercial airline (full-service),81-200,20+ years,Abu Dhabi,Condition-based,6-10,$10M-$50M,27510295,1,0,0,1,0,1,1,0,0,1,0,0,0,1,1,4,Regulatory concerns,1,0,0,0,1,0,0,0,Full cloud (SaaS),>$20K,37103,Pay-per-insight,IT/Digital lead,1-3 months,1,0,0,0,1,0,0,1,1,1,1,0,0,0,0,7,3,Airbus narrow (A320),Industry event,3,3,3,3,3,0,0,0,0,0,0,1,0,Dissatisfied - poor support,2,1,0,1,0,0,1,0,1,Strategic value,AOG reduction %
UAE-1713,Risk_Averse_Traditional,Exploring,MRO Engineer/Technician,Defence/government,31-80,20+ years,Outside GCC,Reactive,3-5,$2M-$10M,5774632,1,0,1,1,1,1,0,0,1,0,0,0,0,1,0,1,High upfront cost,0,0,0,1,0,0,1,1,On-premise,$3K-$8K,5466,Fixed monthly SaaS,C-Suite,6-12 months,0,0,1,0,0,0,0,0,0,1,0,0,0,1,1,6,2,Boeing narrow (B737),LinkedIn/social media,3,4,3,2,2,1,0,0,0,0,0,1,0,Dissatisfied - poor accuracy,5,0,0,0,0,1,1,0,0,Strategic value,Dispatch reliability %
UAE-1714,Risk_Averse_Traditional,Exploring,C-Suite,Independent MRO,31-80,2-5 years,Sharjah/Northern Emirates,Reactive,3-5,$2M-$10M,6242481,1,0,1,0,1,1,0,0,0,1,0,0,0,1,0,2,Regulatory concerns,1,1,0,0,1,0,0,0,Full cloud (SaaS),$1K-$3K,2098,Pay-per-insight,IT/Digital lead,6-12 months,0,0,0,1,0,0,0,1,0,1,1,1,0,0,0,6,4,Boeing narrow (B737),Industry event,1,4,4,5,1,0,0,0,1,0,0,0,1,Dissatisfied - poor support,4,1,0,0,1,0,0,1,0,3x in 12 months,AOG reduction %
UAE-1715,Risk_Averse_Traditional,Not Interested,C-Suite,Commercial airline (full-service),31-80,11-20 years,Other GCC,Scheduled/calendar,10+,$500K-$2M,1142928,1,1,1,0,1,0,0,0,0,1,0,0,1,0,0,4,High upfront cost,1,1,0,0,1,0,0,0,Hybrid,$3K-$8K,4159,Pay-per-insight,Procurement/Finance,6-12 months,0,0,0,1,1,1,0,1,1,0,0,0,1,0,0,8,1,Boeing narrow (B737),LinkedIn/social media,2,4,4,1,2,0,1,0,0,0,0,0,0,Dissatisfied - poor accuracy,3,0,1,0,1,0,0,1,0,2x,Cost saved per aircraft/yr
UAE-1716,Risk_Averse_Traditional,Not Interested,Fleet/Maintenance Manager,Commercial airline (full-service),81-200,20+ years,Dubai,Reactive,1-2,$10M-$50M,31227570,1,1,1,1,0,1,1,0,0,0,0,0,0,1,0,2,Lack data expertise,1,0,0,1,0,0,0,1,On-premise,$3K-$8K,4230,Per-aircraft/year,IT/Digital lead,6-12 months,1,0,0,0,0,0,0,1,1,0,0,1,0,1,0,9,1,Airbus narrow (A320),Word of mouth,3,5,3,2,3,0,0,0,0,0,0,1,0,Dissatisfied - hard to integrate,5,1,1,1,1,0,0,0,0,5x+,Dispatch reliability %
UAE-1717,Risk_Averse_Traditional,Not Interested,Fleet/Maintenance Manager,Commercial airline (full-service),11-30,2-5 years,Sharjah/Northern Emirates,Full predictive + digital twin,3-5,$500K-$2M,1150090,1,0,0,0,0,1,0,0,0,0,0,0,1,1,0,1,Regulatory concerns,1,0,0,0,0,0,1,0,On-premise,$3K-$8K,6187,Hardware lease + software,IT/Digital lead,6-12 months,1,0,0,0,0,0,1,1,1,1,1,0,0,0,0,5,1,Airbus wide (A330/A350/A380),LinkedIn/social media,1,4,2,1,1,1,0,0,0,0,0,0,0,Dissatisfied - poor accuracy,4,1,1,1,1,0,0,0,1,5x+,Unscheduled maintenance reduction
UAE-1718,Risk_Averse_Traditional,Exploring,Director/VP Operations,Commercial airline (full-service),31-80,2-5 years,Dubai,Reactive,10+,$2M-$10M,4855610,1,1,1,0,0,0,1,1,0,0,0,1,0,0,0,1,High upfront cost,0,0,0,0,1,0,1,0,Hybrid,$3K-$8K,7427,Per-aircraft/year,Head of Maintenance/CAMO,6-12 months,0,0,1,0,0,0,1,0,0,1,1,1,0,0,0,6,4,Boeing narrow (B737),Aviation publication,1,5,3,2,3,0,0,0,0,0,1,0,0,Very satisfied,3,0,1,0,1,1,0,0,0,ROI not primary,Dispatch reliability %
UAE-1719,Risk_Averse_Traditional,Not Interested,IT/Digital Lead,Charter/private aviation,11-30,<2 years,Abu Dhabi,Scheduled/calendar,1-2,$500K-$2M,1258979,0,1,1,1,1,1,0,0,0,0,0,0,0,1,0,1,Lack data expertise,1,0,0,1,1,0,0,0,On-premise,$3K-$8K,5227,Hardware lease + software,IT/Digital lead,6-12 months,1,0,0,0,0,0,0,0,1,0,1,0,1,0,0,8,2,Airbus wide (A330/A350/A380),LinkedIn/social media,1,4,3,1,1,0,0,1,0,0,0,0,0,Very satisfied,3,0,0,1,0,1,0,0,0,3x in 12 months,Dispatch reliability %
UAE-1720,Risk_Averse_Traditional,Not Interested,Director/VP Operations,Independent MRO,81-200,20+ years,Abu Dhabi,Reactive,3-5,$10M-$50M,34223681,0,0,1,0,0,1,0,1,0,0,0,0,0,1,0,2,Lack data expertise,1,0,0,1,0,0,0,1,Hybrid,>$20K,15994,Hardware lease + software,Joint committee,6-12 months,0,0,0,0,1,0,0,1,1,1,1,0,0,0,0,7,1,Boeing narrow (B737),Industry event,2,4,4,2,1,0,0,0,1,0,0,0,0,Dissatisfied - poor support,2,1,0,0,0,1,1,1,1,5x+,Cost saved per aircraft/yr
UAE-1721,Risk_Averse_Traditional,Not Interested,MRO Engineer/Technician,Commercial airline (full-service),11-30,2-5 years,Dubai,Scheduled/calendar,0,$2M-$10M,6005206,0,1,1,0,0,0,1,0,0,1,0,0,1,0,1,1,High upfront cost,1,1,0,1,0,0,0,0,Hybrid,$8K-$20K,10457,Hardware lease + software,Head of Maintenance/CAMO,>12 months,0,0,1,0,0,1,1,1,1,0,1,1,0,0,0,5,2,Boeing narrow (B737),Industry event,1,3,3,2,1,0,0,0,0,0,0,0,1,No platform,2,1,1,1,0,1,0,0,0,2x,Cost saved per aircraft/yr
UAE-1722,Risk_Averse_Traditional,Warm,MRO Engineer/Technician,Commercial airline (full-service),11-30,20+ years,Dubai,Scheduled/calendar,6-10,$2M-$10M,6012452,1,0,1,1,0,0,0,0,0,0,0,0,0,1,0,3,No barriers,1,1,0,0,1,0,0,0,On-premise,>$20K,28356,Per-aircraft/year,IT/Digital lead,6-12 months,1,0,0,0,0,1,1,1,1,0,0,1,1,0,0,4,6,Airbus narrow (A320),LinkedIn/social media,2,5,4,3,2,0,0,0,0,0,1,0,0,Dissatisfied - hard to integrate,2,1,0,1,1,0,0,1,0,Strategic value,AOG reduction %
UAE-1723,Risk_Averse_Traditional,Exploring,MRO Engineer/Technician,Charter/private aviation,31-80,20+ years,Dubai,Condition-based,1-2,$10M-$50M,28255075,1,1,0,1,0,0,0,1,0,0,1,0,0,1,1,1,Lack data expertise,1,0,0,0,1,0,1,0,Hybrid,>$20K,28022,Pay-per-insight,Joint committee,6-12 months,1,0,0,0,0,0,0,0,1,0,1,1,0,0,0,7,3,Airbus wide (A330/A350/A380),LinkedIn/social media,2,4,3,2,1,0,0,0,0,0,0,1,0,No platform,2,1,0,0,1,1,0,1,1,Strategic value,Unscheduled maintenance reduction
UAE-1724,Risk_Averse_Traditional,Not Interested,Fleet/Maintenance Manager,Independent MRO,31-80,20+ years,Dubai,Predictive (some AI),1-2,$2M-$10M,6452995,1,1,1,0,1,1,0,0,0,0,0,0,1,0,0,1,Cybersecurity,1,1,0,0,0,0,0,1,Hybrid,$3K-$8K,5075,Per-aircraft/year,Head of Maintenance/CAMO,<1 month,0,0,1,0,0,0,0,0,0,1,1,1,0,0,0,8,1,Boeing narrow (B737),Industry event,3,4,3,1,2,0,0,0,0,0,0,1,1,Dissatisfied - poor support,1,0,0,1,1,1,0,0,0,2x,Cost saved per aircraft/yr
UAE-1725,Risk_Averse_Traditional,Exploring,Fleet/Maintenance Manager,Low-cost carrier,31-80,6-10 years,Abu Dhabi,Reactive,1-2,$2M-$10M,6671684,1,1,1,1,0,0,0,1,0,0,0,0,0,1,0,2,Lack data expertise,0,0,0,0,1,0,0,0,Hybrid,$8K-$20K,15976,Hardware lease + software,Procurement/Finance,3-6 months,0,0,0,0,0,1,0,1,0,0,1,0,1,0,0,6,3,Airbus narrow (A320),Industry event,1,5,4,2,2,0,0,1,0,0,0,0,0,Dissatisfied - poor accuracy,5,0,1,1,1,1,1,0,0,3x in 12 months,Component lifespan extension
UAE-1726,Risk_Averse_Traditional,Exploring,Director/VP Operations,Low-cost carrier,81-200,11-20 years,Dubai,Reactive,3-5,$10M-$50M,26874735,1,1,0,1,0,0,1,1,1,0,0,0,0,0,0,2,Regulatory concerns,0,0,0,1,0,0,0,0,Hybrid,$3K-$8K,6838,Fixed monthly SaaS,C-Suite,1-3 months,1,0,1,0,0,0,0,0,1,1,1,0,0,0,0,5,5,Boeing narrow (B737),LinkedIn/social media,2,4,3,1,2,0,0,0,0,0,0,1,0,Very satisfied,1,0,0,1,1,0,0,0,0,5x+,Cost saved per aircraft/yr
UAE-1727,Risk_Averse_Traditional,Not Interested,IT/Digital Lead,Independent MRO,11-30,2-5 years,Abu Dhabi,Reactive,1-2,$500K-$2M,1274514,0,0,1,1,0,1,1,1,1,0,0,0,1,1,0,2,Regulatory concerns,1,0,0,0,0,1,1,0,Hybrid,<$1K,588,Fixed monthly SaaS,IT/Digital lead,6-12 months,0,0,0,0,0,1,0,0,1,1,0,0,0,1,0,5,3,Boeing wide (B777/B787),Aviation publication,3,5,2,2,2,0,0,0,0,0,0,1,0,Dissatisfied - poor support,3,1,1,1,1,0,0,0,0,ROI not primary,Component lifespan extension
UAE-1728,Risk_Averse_Traditional,Exploring,Fleet/Maintenance Manager,Charter/private aviation,1-10,11-20 years,Dubai,Scheduled/calendar,1-2,<$500K,250824,1,0,1,0,1,0,0,0,0,0,0,0,0,1,0,2,High upfront cost,0,0,0,0,0,0,1,0,On-premise,$8K-$20K,13771,Per-aircraft/year,IT/Digital lead,6-12 months,1,1,0,0,0,1,0,1,1,0,1,1,0,0,0,6,3,Business jet/helicopter,LinkedIn/social media,2,4,5,3,2,0,0,0,0,0,1,1,0,Dissatisfied - hard to integrate,5,1,0,1,0,1,1,1,0,2x,AOG reduction %
UAE-1729,Risk_Averse_Traditional,Not Interested,Procurement/Finance,Independent MRO,31-80,11-20 years,Other GCC,Condition-based,1-2,$500K-$2M,1399711,1,1,1,0,0,0,0,0,0,0,0,0,0,0,1,8,Legacy integration,1,1,0,0,0,0,0,0,Hybrid,$3K-$8K,4009,Pay-per-insight,Procurement/Finance,6-12 months,0,0,0,0,0,0,1,0,1,1,1,0,0,0,0,7,1,Airbus narrow (A320),Word of mouth,1,3,4,2,1,0,1,0,0,0,0,0,1,Dissatisfied - poor support,2,1,1,1,0,0,1,1,1,ROI not primary,Unscheduled maintenance reduction
UAE-1730,Risk_Averse_Traditional,Not Interested,Fleet/Maintenance Manager,Commercial airline (full-service),11-30,20+ years,Dubai,Reactive,6-10,$10M-$50M,35225500,1,0,1,0,1,1,0,0,0,0,0,0,0,0,1,1,Lack data expertise,0,0,0,1,0,0,1,0,Hybrid,>$20K,28860,Outcome-based,C-Suite,6-12 months,1,0,0,0,0,1,0,0,0,0,1,1,1,0,0,7,2,Airbus wide (A330/A350/A380),LinkedIn/social media,1,5,3,2,2,0,0,0,0,0,1,0,0,Satisfied but expensive,4,1,1,0,1,0,1,1,0,1.5x,AOG reduction %
UAE-1731,Risk_Averse_Traditional,Warm,MRO Engineer/Technician,Defence/government,11-30,11-20 years,Abu Dhabi,Predictive (some AI),3-5,$500K-$2M,1660956,1,1,0,1,0,0,1,0,0,0,0,0,1,0,1,7,High upfront cost,1,0,0,0,0,1,0,1,Full cloud (SaaS),$3K-$8K,4867,Hardware lease + software,Head of Maintenance/CAMO,6-12 months,1,0,0,0,0,1,0,1,0,0,1,1,1,0,0,1,7,Regional/turboprop,Email invite,2,5,3,2,3,0,0,0,0,0,1,1,0,Dissatisfied - hard to integrate,5,0,0,0,0,1,1,0,0,3x in 12 months,Dispatch reliability %
UAE-1732,Risk_Averse_Traditional,Exploring,Fleet/Maintenance Manager,Aircraft leasing,1-10,20+ years,Sharjah/Northern Emirates,Scheduled/calendar,1-2,$500K-$2M,990019,1,1,0,0,0,0,0,0,0,0,0,0,0,1,0,1,Regulatory concerns,1,0,0,0,0,0,0,0,Full cloud (SaaS),$1K-$3K,1961,Per-aircraft/year,C-Suite,>12 months,0,1,0,0,0,1,1,0,1,0,1,0,1,0,0,6,4,Boeing narrow (B737),Aviation publication,2,5,4,2,1,0,0,1,0,0,1,0,0,Dissatisfied - hard to integrate,3,0,0,1,1,1,1,1,0,3x in 12 months,Cost saved per aircraft/yr
UAE-1733,Risk_Averse_Traditional,Exploring,Fleet/Maintenance Manager,Low-cost carrier,81-200,2-5 years,Abu Dhabi,Reactive,10+,$2M-$10M,5932182,0,1,1,0,1,0,1,0,0,0,0,0,0,1,1,2,Lack data expertise,0,1,0,0,0,0,1,0,On-premise,$3K-$8K,5884,Pay-per-insight,Procurement/Finance,3-6 months,0,0,0,0,0,1,0,0,0,0,1,0,1,1,0,9,3,Airbus narrow (A320),Aviation publication,2,5,3,2,1,0,0,1,0,0,0,0,0,Very satisfied,3,0,0,1,0,0,1,1,0,3x in 12 months,Cost saved per aircraft/yr
UAE-1734,Risk_Averse_Traditional,Not Interested,Director/VP Operations,Low-cost carrier,1-10,<2 years,Dubai,Scheduled/calendar,3-5,<$500K,220741,1,0,1,1,0,0,0,0,0,1,0,0,0,0,0,3,Lack data expertise,0,0,0,1,1,0,1,0,Full cloud (SaaS),$8K-$20K,14371,Fixed monthly SaaS,Head of Maintenance/CAMO,3-6 months,1,0,1,0,0,1,1,1,0,0,1,1,1,0,0,6,3,Airbus wide (A330/A350/A380),Email invite,2,5,2,2,3,0,0,0,0,0,0,1,0,Satisfied but expensive,2,1,0,0,0,0,0,1,0,1.5x,AOG reduction %
UAE-1735,Risk_Averse_Traditional,Not Interested,Director/VP Operations,Low-cost carrier,31-80,6-10 years,Dubai,Reactive,3-5,$10M-$50M,24334487,1,1,1,1,1,0,1,0,0,1,0,0,0,1,0,1,High upfront cost,1,0,0,1,1,0,0,0,No preference,>$20K,34189,Fixed monthly SaaS,IT/Digital lead,<1 month,1,0,1,1,1,0,0,1,1,0,1,0,0,1,0,9,1,Airbus narrow (A320),LinkedIn/social media,1,4,3,2,2,0,0,0,0,0,0,0,1,No platform,2,1,0,0,1,1,0,0,0,3x in 12 months,Cost saved per aircraft/yr
UAE-1736,Risk_Averse_Traditional,Warm,Fleet/Maintenance Manager,Charter/private aviation,31-80,20+ years,Dubai,Scheduled/calendar,3-5,$2M-$10M,6993836,1,1,0,1,1,1,0,1,0,1,0,0,1,0,1,4,Regulatory concerns,1,1,0,1,0,0,0,0,On-premise,$8K-$20K,15097,Pay-per-insight,C-Suite,1-3 months,0,0,0,0,0,1,1,1,0,0,0,0,1,0,1,2,3,Airbus narrow (A320),Email invite,1,4,4,1,3,1,0,1,0,1,0,1,0,No platform,3,1,1,1,0,1,1,0,0,3x in 12 months,Cost saved per aircraft/yr
UAE-1737,Risk_Averse_Traditional,Not Interested,Fleet/Maintenance Manager,Commercial airline (full-service),11-30,2-5 years,Abu Dhabi,Condition-based,3-5,$500K-$2M,1505055,1,1,1,0,0,0,1,1,0,0,0,0,1,0,0,1,High upfront cost,1,0,0,0,0,0,0,0,On-premise,$3K-$8K,5998,Fixed monthly SaaS,C-Suite,1-3 months,0,0,0,0,0,1,1,0,1,0,1,0,0,1,0,8,3,Airbus narrow (A320),LinkedIn/social media,2,5,4,2,2,0,0,0,0,0,0,1,0,No platform,1,1,1,1,1,1,1,1,0,2x,Cost saved per aircraft/yr
UAE-1738,Risk_Averse_Traditional,Exploring,Procurement/Finance,Aircraft leasing,11-30,11-20 years,Dubai,Scheduled/calendar,3-5,$10M-$50M,33161263,0,1,1,1,1,0,0,0,1,1,0,0,0,0,0,4,High upfront cost,1,1,0,1,0,0,0,0,Hybrid,$3K-$8K,4268,Pay-per-insight,Head of Maintenance/CAMO,1-3 months,0,0,0,1,0,0,0,1,1,0,1,0,1,0,0,6,5,Airbus wide (A330/A350/A380),Industry event,2,5,3,2,2,0,1,0,0,0,0,1,0,Dissatisfied - poor accuracy,3,0,1,0,0,1,0,0,0,2x,Cost saved per aircraft/yr
UAE-1739,Risk_Averse_Traditional,Hot,Director/VP Operations,Independent MRO,31-80,20+ years,Dubai,Predictive (some AI),10+,$10M-$50M,24683514,0,1,0,0,1,0,1,0,0,0,0,0,1,0,0,4,High upfront cost,1,1,0,1,0,0,0,0,Full cloud (SaaS),>$20K,35905,Pay-per-insight,C-Suite,6-12 months,0,0,0,0,0,0,0,1,1,0,1,0,0,1,0,2,6,Boeing wide (B777/B787),Email invite,2,4,2,2,2,0,0,0,0,0,1,0,0,Dissatisfied - hard to integrate,2,0,0,0,0,1,1,1,0,2x,AOG reduction %
UAE-1740,Risk_Averse_Traditional,Not Interested,Director/VP Operations,Low-cost carrier,31-80,11-20 years,Abu Dhabi,Scheduled/calendar,3-5,$2M-$10M,6138084,1,0,0,1,0,1,1,1,0,0,0,0,1,0,1,1,Legacy integration,0,1,0,0,0,1,0,1,Full cloud (SaaS),$1K-$3K,1373,Fixed monthly SaaS,Head of Maintenance/CAMO,6-12 months,1,0,1,0,0,0,1,0,1,0,0,0,1,0,0,9,1,Airbus narrow (A320),LinkedIn/social media,1,3,3,2,2,0,0,0,0,0,0,0,1,Dissatisfied - poor accuracy,7,0,1,0,0,0,1,1,0,3x in 12 months,Cost saved per aircraft/yr
UAE-1741,Risk_Averse_Traditional,Hot,Fleet/Maintenance Manager,Charter/private aviation,31-80,6-10 years,Abu Dhabi,Scheduled/calendar,3-5,$500K-$2M,1453796,0,0,1,0,0,1,0,0,0,0,0,0,0,0,1,3,Lack data expertise,1,1,0,0,1,0,0,0,Hybrid,$1K-$3K,1569,Fixed monthly SaaS,IT/Digital lead,3-6 months,1,1,1,0,0,1,0,0,0,0,1,1,1,0,0,7,9,Airbus narrow (A320),Word of mouth,2,5,3,1,2,0,0,0,1,0,0,0,1,No platform,3,1,0,0,0,0,1,1,0,2x,Cost saved per aircraft/yr
UAE-1742,Risk_Averse_Traditional,Not Interested,Fleet/Maintenance Manager,Aircraft leasing,11-30,20+ years,Dubai,Scheduled/calendar,0,<$500K,216094,1,1,1,0,0,0,0,1,0,1,0,0,0,0,0,1,High upfront cost,1,0,0,0,0,0,0,1,Full cloud (SaaS),$1K-$3K,2545,Fixed monthly SaaS,IT/Digital lead,6-12 months,1,1,0,0,0,1,1,1,1,0,1,1,0,0,0,7,4,Airbus narrow (A320),Email invite,1,4,2,1,1,0,0,0,0,0,1,0,0,Very satisfied,3,0,0,1,0,1,0,1,1,3x in 12 months,Dispatch reliability %
UAE-1743,Risk_Averse_Traditional,Not Interested,MRO Engineer/Technician,Defence/government,81-200,2-5 years,Other GCC,Predictive (some AI),6-10,>$50M,78001794,1,1,1,1,0,1,0,0,0,1,0,0,0,1,0,1,Lack data expertise,1,0,0,0,0,0,1,1,Hybrid,$8K-$20K,8385,Fixed monthly SaaS,Head of Maintenance/CAMO,3-6 months,0,0,0,1,0,0,1,0,1,1,1,0,0,0,0,10,1,Boeing wide (B777/B787),Industry event,1,5,3,2,2,1,0,0,0,0,0,1,1,Satisfied but expensive,1,1,0,1,1,1,0,1,0,Strategic value,Unscheduled maintenance reduction
UAE-1744,Risk_Averse_Traditional,Exploring,IT/Digital Lead,Independent MRO,31-80,6-10 years,Dubai,Reactive,3-5,$500K-$2M,1392483,1,0,1,0,1,0,0,0,0,0,0,0,1,1,1,1,Regulatory concerns,1,1,0,1,0,0,0,0,Hybrid,$1K-$3K,1781,Pay-per-insight,IT/Digital lead,3-6 months,1,0,0,0,0,0,0,0,1,1,0,1,0,0,0,7,6,Regional/turboprop,LinkedIn/social media,3,5,3,1,3,0,1,0,1,0,0,1,0,Very satisfied,5,0,0,1,0,0,0,0,0,1.5x,Cost saved per aircraft/yr
UAE-1745,Risk_Averse_Traditional,Exploring,MRO Engineer/Technician,Commercial airline (full-service),1-10,11-20 years,Dubai,Scheduled/calendar,1-2,<$500K,224800,0,0,1,1,1,1,0,0,0,0,0,0,0,0,1,2,Cybersecurity,1,0,0,0,1,1,0,0,Hybrid,$1K-$3K,1880,Fixed monthly SaaS,C-Suite,3-6 months,1,0,0,0,0,0,0,1,1,1,1,0,0,0,0,8,3,Business jet/helicopter,LinkedIn/social media,3,5,4,2,2,0,0,0,1,0,0,0,0,Satisfied but expensive,2,1,0,1,0,0,1,1,0,2x,Cost saved per aircraft/yr
UAE-1746,Risk_Averse_Traditional,Exploring,Fleet/Maintenance Manager,Aircraft leasing,11-30,2-5 years,Other GCC,Reactive,1-2,$2M-$10M,6759590,1,1,1,0,0,0,0,0,0,1,0,0,0,0,0,2,Legacy integration,0,0,0,1,0,0,0,0,Hybrid,<$1K,715,Hardware lease + software,IT/Digital lead,3-6 months,0,0,0,0,0,0,0,1,0,1,0,0,1,1,0,7,5,Boeing narrow (B737),Email invite,1,5,3,2,2,0,0,0,0,1,1,0,1,Dissatisfied - poor accuracy,2,0,0,0,0,0,1,1,1,5x+,Cost saved per aircraft/yr
UAE-1747,Risk_Averse_Traditional,Exploring,IT/Digital Lead,Defence/government,1-10,<2 years,Sharjah/Northern Emirates,Scheduled/calendar,0,<$500K,252360,1,1,0,1,0,0,0,0,0,0,0,0,1,0,1,1,Lack data expertise,1,1,0,1,0,0,0,0,Hybrid,<$1K,465,Outcome-based,C-Suite,6-12 months,1,0,1,0,0,0,0,0,0,0,0,1,1,0,1,8,4,Airbus wide (A330/A350/A380),Email invite,2,3,3,2,2,0,0,0,0,1,1,0,0,Dissatisfied - poor accuracy,6,1,1,0,0,1,0,0,1,2x,Cost saved per aircraft/yr
UAE-1748,Risk_Averse_Traditional,Not Interested,Fleet/Maintenance Manager,Aircraft leasing,11-30,11-20 years,Abu Dhabi,Condition-based,10+,$500K-$2M,820769,1,1,1,1,0,0,0,1,1,0,1,0,0,1,1,2,Cybersecurity,0,1,0,0,1,0,0,0,On-premise,>$20K,31592,Pay-per-insight,IT/Digital lead,6-12 months,1,0,0,0,0,0,1,1,1,0,0,0,0,1,1,8,2,Airbus wide (A330/A350/A380),Industry event,2,5,3,2,2,0,0,0,0,0,1,0,0,No platform,1,1,1,1,1,1,0,1,0,3x in 12 months,Component lifespan extension
UAE-1749,Risk_Averse_Traditional,Warm,IT/Digital Lead,Charter/private aviation,31-80,6-10 years,Abu Dhabi,Scheduled/calendar,6-10,$2M-$10M,6645452,1,0,0,0,1,0,1,0,0,0,0,1,0,0,0,3,Cybersecurity,0,0,0,1,0,1,0,0,On-premise,$1K-$3K,1460,Per-aircraft/year,Head of Maintenance/CAMO,3-6 months,0,0,0,0,1,0,1,1,0,0,0,0,0,1,1,4,5,Airbus narrow (A320),LinkedIn/social media,3,5,4,2,3,0,0,0,0,0,1,1,1,Dissatisfied - hard to integrate,7,0,0,0,1,1,1,1,0,1.5x,Unscheduled maintenance reduction
UAE-1750,Risk_Averse_Traditional,Not Interested,MRO Engineer/Technician,Charter/private aviation,1-10,6-10 years,Dubai,Condition-based,3-5,$500K-$2M,1316756,1,0,0,1,0,0,0,1,0,0,0,0,0,0,1,2,High upfront cost,1,0,0,0,1,1,0,0,Hybrid,>$20K,37340,Per-aircraft/year,Joint committee,6-12 months,0,0,0,0,0,0,0,1,1,0,0,0,0,1,0,5,2,Boeing wide (B777/B787),LinkedIn/social media,2,4,3,2,1,0,0,0,0,0,1,1,1,Dissatisfied - hard to integrate,6,1,1,1,1,0,0,0,0,1.5x,Cost saved per aircraft/yr
UAE-1751,Risk_Averse_Traditional,Not Interested,Fleet/Maintenance Manager,Independent MRO,11-30,11-20 years,Sharjah/Northern Emirates,Scheduled/calendar,1-2,<$500K,254281,1,1,0,0,1,0,1,1,0,0,0,0,0,1,0,1,Regulatory concerns,0,0,0,0,0,1,1,0,Hybrid,$8K-$20K,12704,Hardware lease + software,Procurement/Finance,3-6 months,1,1,1,0,0,0,1,0,1,0,1,0,0,0,0,7,5,Airbus narrow (A320),LinkedIn/social media,1,4,3,2,2,0,0,0,0,0,1,0,0,Very satisfied,1,1,1,0,1,1,0,0,1,Strategic value,Dispatch reliability %
UAE-1752,Risk_Averse_Traditional,Not Interested,MRO Engineer/Technician,Commercial airline (full-service),11-30,6-10 years,Dubai,Condition-based,3-5,$500K-$2M,1213382,0,1,0,0,1,0,1,1,0,0,0,0,0,0,1,10,High upfront cost,0,0,0,0,0,0,1,0,Full cloud (SaaS),$8K-$20K,12507,Pay-per-insight,Joint committee,3-6 months,1,0,0,1,0,0,0,1,1,0,0,0,0,1,0,7,3,Airbus narrow (A320),Aviation publication,2,4,3,2,1,0,0,0,0,0,1,0,0,Dissatisfied - poor support,5,1,1,0,1,1,1,1,0,Strategic value,Cost saved per aircraft/yr
UAE-1753,Risk_Averse_Traditional,Not Interested,MRO Engineer/Technician,Aircraft leasing,11-30,20+ years,Dubai,Reactive,3-5,<$500K,282534,0,1,1,1,0,1,0,0,0,0,0,0,0,0,1,3,Lack data expertise,1,0,0,1,1,0,0,0,Full cloud (SaaS),>$20K,29976,Per-aircraft/year,Head of Maintenance/CAMO,1-3 months,0,0,0,0,1,0,0,0,0,0,1,0,0,0,0,4,3,Regional/turboprop,Aviation publication,1,4,3,3,3,0,0,0,0,0,0,1,0,No platform,4,1,1,1,1,1,1,0,0,2x,AOG reduction %
UAE-1754,Risk_Averse_Traditional,Exploring,Procurement/Finance,Commercial airline (full-service),1-10,11-20 years,Outside GCC,Scheduled/calendar,3-5,$2M-$10M,5719355,1,0,1,1,0,1,0,0,0,1,0,0,0,0,0,1,Cybersecurity,1,0,1,1,0,0,0,0,Full cloud (SaaS),<$1K,531,Per-aircraft/year,Head of Maintenance/CAMO,6-12 months,0,0,0,0,0,0,0,1,0,0,1,1,1,0,0,6,5,Airbus narrow (A320),Industry event,2,5,1,2,2,0,0,0,0,0,0,0,1,Very satisfied,3,0,0,1,1,1,1,1,0,3x in 12 months,Cost saved per aircraft/yr
UAE-1755,Risk_Averse_Traditional,Not Interested,Director/VP Operations,Independent MRO,31-80,11-20 years,Abu Dhabi,Predictive (some AI),6-10,$10M-$50M,26605539,1,1,1,0,0,1,0,0,0,0,0,0,0,1,0,1,Lack data expertise,0,0,0,1,0,0,0,1,Full cloud (SaaS),>$20K,30334,Outcome-based,IT/Digital lead,6-12 months,0,1,1,0,0,1,1,0,0,0,0,1,0,0,0,7,2,Boeing narrow (B737),Email invite,1,5,4,2,2,0,0,0,0,1,0,0,0,No platform,4,1,0,1,0,0,1,1,0,3x in 12 months,AOG reduction %
UAE-1756,Risk_Averse_Traditional,Exploring,Procurement/Finance,Independent MRO,1-10,6-10 years,Sharjah/Northern Emirates,Condition-based,3-5,$500K-$2M,1323602,0,1,1,1,0,0,0,1,0,0,0,0,0,1,0,2,Regulatory concerns,0,0,0,1,0,1,1,0,Full cloud (SaaS),$8K-$20K,16628,Pay-per-insight,IT/Digital lead,1-3 months,0,0,0,0,0,0,1,0,0,0,1,0,1,0,0,8,2,Regional/turboprop,Industry event,1,4,2,2,2,1,0,0,0,0,1,0,0,Dissatisfied - hard to integrate,3,1,1,1,0,0,1,1,1,Strategic value,Cost saved per aircraft/yr
UAE-1757,Risk_Averse_Traditional,Not Interested,MRO Engineer/Technician,Low-cost carrier,31-80,11-20 years,Dubai,Scheduled/calendar,3-5,$2M-$10M,5519290,1,0,0,1,1,1,0,0,0,0,0,0,1,0,1,3,Lack data expertise,0,0,0,1,0,0,0,1,On-premise,>$20K,28708,Hardware lease + software,Head of Maintenance/CAMO,>12 months,0,0,0,1,0,0,0,0,0,0,1,0,1,1,0,8,3,Boeing narrow (B737),Industry event,2,5,3,3,1,0,0,0,0,0,0,0,1,No platform,4,1,1,0,1,1,1,1,0,5x+,Unscheduled maintenance reduction
UAE-1758,Risk_Averse_Traditional,Not Interested,MRO Engineer/Technician,Low-cost carrier,81-200,11-20 years,Dubai,Reactive,1-2,$10M-$50M,27108605,0,0,0,1,1,0,0,1,0,1,0,0,1,1,0,3,Lack data expertise,1,0,0,0,1,0,0,1,On-premise,$3K-$8K,5026,Per-aircraft/year,Head of Maintenance/CAMO,6-12 months,0,0,0,1,0,0,0,0,1,1,1,0,0,0,0,8,1,Boeing narrow (B737),Email invite,2,4,4,1,1,0,0,0,0,0,0,1,0,Dissatisfied - poor accuracy,4,1,1,1,1,0,0,0,0,3x in 12 months,AOG reduction %
UAE-1759,Risk_Averse_Traditional,Warm,MRO Engineer/Technician,Commercial airline (full-service),81-200,2-5 years,Other GCC,Condition-based,0,$2M-$10M,5467520,1,0,0,1,0,1,1,0,0,0,0,0,1,0,0,4,Regulatory concerns,0,1,0,0,0,0,0,0,Full cloud (SaaS),$8K-$20K,13187,Hardware lease + software,IT/Digital lead,3-6 months,0,0,0,1,1,0,0,0,0,1,1,0,1,0,0,3,6,Boeing narrow (B737),Word of mouth,3,5,3,3,1,0,0,0,0,1,0,0,0,Dissatisfied - poor accuracy,3,1,0,1,0,0,1,0,0,3x in 12 months,AOG reduction %
UAE-1760,Risk_Averse_Traditional,Not Interested,Procurement/Finance,Low-cost carrier,1-10,2-5 years,Dubai,Condition-based,1-2,$500K-$2M,1324213,1,1,1,0,1,0,0,1,0,0,0,0,1,0,0,1,Lack data expertise,1,1,0,1,0,0,0,0,Hybrid,$8K-$20K,13378,Fixed monthly SaaS,IT/Digital lead,>12 months,1,0,0,0,0,0,0,0,0,0,0,0,1,1,0,6,1,Regional/turboprop,Email invite,2,5,4,2,2,0,0,0,0,0,0,1,1,Dissatisfied - hard to integrate,3,1,0,1,0,1,0,0,0,5x+,Cost saved per aircraft/yr
UAE-1761,Defence_Govt,Exploring,MRO Engineer/Technician,Defence/government,31-80,11-20 years,Abu Dhabi,Scheduled/calendar,1-2,$2M-$10M,6768779,1,1,1,1,1,0,1,0,0,1,1,0,0,0,0,4,Cybersecurity,1,1,1,0,0,0,0,0,On-premise,$3K-$8K,6293,Per-aircraft/year,C-Suite,>12 months,1,1,0,1,1,0,1,0,0,0,1,1,1,0,0,4,4,Boeing wide (B777/B787),Industry event,2,5,2,4,2,0,0,0,0,0,1,0,0,No platform,2,1,1,1,1,1,1,1,0,Strategic value,Unscheduled maintenance reduction
UAE-1762,Defence_Govt,Warm,MRO Engineer/Technician,Charter/private aviation,1-10,2-5 years,Dubai,Full predictive + digital twin,3-5,$10M-$50M,30807291,1,1,1,0,1,1,1,0,0,0,0,1,0,0,0,7,Cybersecurity,1,1,1,0,0,0,0,0,On-premise,$3K-$8K,4694,Hardware lease + software,Head of Maintenance/CAMO,3-6 months,0,0,0,1,1,0,1,0,0,0,1,1,1,0,0,7,6,Business jet/helicopter,Email invite,2,4,2,5,4,1,1,0,1,0,0,0,0,Dissatisfied - hard to integrate,2,1,1,1,1,1,1,1,0,ROI not primary,Dispatch reliability %
UAE-1763,Defence_Govt,Exploring,C-Suite,Commercial airline (full-service),11-30,2-5 years,Other GCC,Full predictive + digital twin,1-2,$10M-$50M,29496374,1,1,1,0,0,0,1,0,0,0,0,0,0,0,1,5,Cybersecurity,1,1,0,0,0,0,1,0,Hybrid,$3K-$8K,6488,Per-aircraft/year,Procurement/Finance,1-3 months,1,1,0,0,0,1,0,0,1,1,0,1,0,0,0,2,5,Boeing narrow (B737),Email invite,5,5,5,5,5,0,0,0,0,1,0,0,0,Dissatisfied - hard to integrate,4,1,1,1,1,1,1,1,0,3x in 12 months,AOG reduction %
UAE-1764,Defence_Govt,Warm,Fleet/Maintenance Manager,Aircraft leasing,81-200,6-10 years,Other GCC,Scheduled/calendar,10+,$10M-$50M,38118535,1,1,1,1,0,0,1,0,0,0,0,0,0,1,0,6,Cybersecurity,0,1,0,1,0,0,1,0,On-premise,>$20K,18637,Outcome-based,Head of Maintenance/CAMO,>12 months,0,0,1,1,0,1,1,0,1,0,1,0,1,0,0,5,6,Business jet/helicopter,LinkedIn/social media,2,4,3,3,2,1,0,0,0,0,0,0,0,Satisfied but expensive,2,1,1,1,0,1,1,1,0,2x,AOG reduction %
UAE-1765,Defence_Govt,Hot,IT/Digital Lead,Defence/government,31-80,6-10 years,Other GCC,Predictive (some AI),1-2,<$500K,249269,0,1,1,0,0,0,0,1,0,0,0,0,0,0,1,9,High upfront cost,1,1,0,0,1,0,0,0,On-premise,$8K-$20K,13640,Per-aircraft/year,Procurement/Finance,1-3 months,1,1,1,0,0,0,1,0,0,1,0,0,1,0,0,1,9,Airbus wide (A330/A350/A380),Word of mouth,1,5,2,3,3,0,1,1,0,0,0,0,0,Satisfied but expensive,1,1,1,1,1,1,1,1,0,3x in 12 months,Cost saved per aircraft/yr
UAE-1766,Defence_Govt,Not Interested,C-Suite,Independent MRO,11-30,6-10 years,Abu Dhabi,Full predictive + digital twin,3-5,$2M-$10M,6250871,1,0,1,1,0,1,0,0,1,1,0,0,0,0,0,3,Legacy integration,1,0,1,1,0,0,0,0,Hybrid,$1K-$3K,1799,Pay-per-insight,IT/Digital lead,>12 months,0,1,1,0,0,0,1,0,1,0,0,1,0,1,0,8,1,Boeing narrow (B737),Word of mouth,2,4,2,3,3,1,0,0,0,0,0,1,0,Dissatisfied - poor support,2,0,1,1,0,0,0,0,0,1.5x,AOG reduction %
UAE-1767,Defence_Govt,Exploring,Director/VP Operations,Independent MRO,31-80,11-20 years,Dubai,Condition-based,1-2,$10M-$50M,32736416,0,1,0,1,0,0,1,0,1,0,0,0,1,0,0,4,Regulatory concerns,1,1,1,0,0,0,0,0,On-premise,$3K-$8K,3512,Fixed monthly SaaS,Head of Maintenance/CAMO,>12 months,1,0,1,0,1,1,1,0,0,0,0,0,1,1,0,3,7,Boeing narrow (B737),LinkedIn/social media,3,4,2,3,2,0,1,0,0,0,0,1,0,No platform,6,1,1,0,1,1,0,1,0,1.5x,Cost saved per aircraft/yr
UAE-1768,Defence_Govt,Not Interested,Fleet/Maintenance Manager,Aircraft leasing,31-80,6-10 years,Dubai,Predictive (some AI),6-10,$2M-$10M,6227918,0,1,0,0,1,0,0,1,1,0,0,0,0,1,0,3,High upfront cost,0,1,1,0,0,1,0,0,Hybrid,$8K-$20K,9838,Hardware lease + software,Procurement/Finance,6-12 months,1,1,1,1,1,1,1,0,0,0,0,1,1,1,0,10,1,Business jet/helicopter,Email invite,3,4,2,4,2,0,1,0,0,0,1,0,0,Satisfied but expensive,1,1,1,1,1,1,1,1,0,3x in 12 months,AOG reduction %
UAE-1769,Defence_Govt,Hot,Fleet/Maintenance Manager,Defence/government,31-80,2-5 years,Dubai,Scheduled/calendar,3-5,$10M-$50M,35240091,1,1,1,1,1,0,1,1,1,0,1,0,0,1,0,6,Legacy integration,1,1,0,1,0,0,0,0,On-premise,$8K-$20K,15306,Outcome-based,Head of Maintenance/CAMO,6-12 months,1,1,1,1,1,1,0,0,1,1,0,1,0,0,0,3,9,Business jet/helicopter,Aviation publication,1,3,2,3,3,0,0,0,0,0,1,0,0,Satisfied but expensive,4,1,1,1,1,1,1,1,0,3x in 12 months,AOG reduction %
UAE-1770,Defence_Govt,Exploring,MRO Engineer/Technician,Defence/government,1-10,11-20 years,Dubai,Condition-based,0,$500K-$2M,1502222,1,0,1,1,1,1,1,1,1,0,1,0,0,1,0,4,High upfront cost,0,1,1,0,0,0,1,0,On-premise,$1K-$3K,2105,Outcome-based,C-Suite,1-3 months,1,0,1,0,0,1,1,0,0,1,1,0,0,0,1,7,5,Boeing wide (B777/B787),LinkedIn/social media,2,5,3,4,4,0,0,0,0,0,1,0,0,Dissatisfied - hard to integrate,3,0,1,1,1,1,1,0,0,2x,Cost saved per aircraft/yr
UAE-1771,Defence_Govt,Not Interested,Procurement/Finance,Defence/government,11-30,20+ years,Sharjah/Northern Emirates,Predictive (some AI),6-10,<$500K,211475,0,1,1,0,0,0,1,1,0,0,0,1,0,0,0,4,Lack data expertise,1,1,1,0,0,0,0,0,Hybrid,$3K-$8K,3865,Per-aircraft/year,Procurement/Finance,<1 month,0,1,0,0,0,0,0,0,1,0,1,0,1,0,0,8,1,Regional/turboprop,Email invite,2,5,2,3,3,0,0,0,1,0,0,0,0,Dissatisfied - poor accuracy,1,1,0,1,1,1,1,1,0,1.5x,AOG reduction %
UAE-1772,Defence_Govt,Warm,MRO Engineer/Technician,Defence/government,81-200,11-20 years,Sharjah/Northern Emirates,Scheduled/calendar,0,$10M-$50M,28802713,1,1,0,1,0,1,1,0,1,1,1,1,0,1,0,4,Regulatory concerns,1,0,0,1,0,1,0,0,On-premise,<$1K,447,Hardware lease + software,C-Suite,>12 months,1,1,0,1,0,1,1,0,1,1,0,1,0,0,0,6,7,Regional/turboprop,Word of mouth,3,3,3,3,3,0,1,0,0,0,1,0,0,Very satisfied,5,1,1,0,1,1,1,1,0,ROI not primary,Cost saved per aircraft/yr
UAE-1773,Defence_Govt,Not Interested,Fleet/Maintenance Manager,Defence/government,1-10,6-10 years,Other GCC,Condition-based,3-5,$500K-$2M,1259866,0,0,1,0,1,0,0,1,1,1,0,0,1,1,1,4,Regulatory concerns,1,0,1,0,1,0,0,0,Hybrid,>$20K,30099,Fixed monthly SaaS,IT/Digital lead,>12 months,1,1,1,1,0,0,0,0,0,0,0,0,1,0,1,6,2,Business jet/helicopter,LinkedIn/social media,2,4,3,3,3,1,0,0,1,0,0,0,0,Dissatisfied - hard to integrate,1,1,1,1,1,1,1,1,0,2x,Cost saved per aircraft/yr
UAE-1774,Defence_Govt,Exploring,Fleet/Maintenance Manager,Defence/government,200+,20+ years,Sharjah/Northern Emirates,Scheduled/calendar,3-5,>$50M,83410615,1,1,1,0,0,0,0,1,0,0,1,1,0,1,0,3,Lack data expertise,1,0,1,1,0,0,0,0,No preference,>$20K,25893,Fixed monthly SaaS,Joint committee,3-6 months,0,0,1,1,0,1,1,0,0,0,1,1,1,0,0,7,5,Business jet/helicopter,Industry event,2,4,2,2,2,0,0,0,1,1,0,0,0,Dissatisfied - poor support,1,1,1,1,1,1,1,1,0,5x+,Cost saved per aircraft/yr
UAE-1775,Defence_Govt,Exploring,MRO Engineer/Technician,Defence/government,31-80,2-5 years,Sharjah/Northern Emirates,Condition-based,1-2,$2M-$10M,6614756,0,0,1,1,1,0,0,1,0,0,0,0,0,1,0,4,Cybersecurity,1,1,1,0,0,0,0,0,No preference,$3K-$8K,6054,Pay-per-insight,Head of Maintenance/CAMO,6-12 months,1,1,1,1,0,0,0,1,0,1,1,1,0,0,0,5,2,Regional/turboprop,Email invite,3,4,2,3,4,0,1,0,0,1,0,0,0,Dissatisfied - poor accuracy,3,1,1,1,1,1,1,1,0,3x in 12 months,Unscheduled maintenance reduction
UAE-1776,Defence_Govt,Hot,MRO Engineer/Technician,Independent MRO,11-30,6-10 years,Dubai,Condition-based,3-5,$500K-$2M,1619502,1,1,1,1,0,0,0,0,1,0,0,0,0,0,0,8,Regulatory concerns,1,0,1,0,0,1,0,0,Hybrid,$8K-$20K,18292,Fixed monthly SaaS,Joint committee,6-12 months,1,0,0,0,0,1,0,0,0,1,0,1,1,0,0,1,9,Boeing narrow (B737),Email invite,2,3,3,3,2,0,0,0,0,0,1,1,0,Dissatisfied - hard to integrate,1,1,1,0,0,1,1,1,0,2x,AOG reduction %
UAE-1777,Defence_Govt,Warm,IT/Digital Lead,Defence/government,11-30,2-5 years,Dubai,Condition-based,0,$2M-$10M,5283398,1,1,1,1,0,0,1,0,0,0,0,0,1,1,0,6,Cybersecurity,1,1,0,0,1,0,0,0,Hybrid,$8K-$20K,13441,Fixed monthly SaaS,C-Suite,>12 months,0,0,1,1,1,0,0,0,0,1,0,1,1,0,0,7,5,Business jet/helicopter,Word of mouth,4,4,2,4,3,0,1,0,0,0,0,0,0,Satisfied but expensive,4,1,1,1,0,1,1,0,0,3x in 12 months,Unscheduled maintenance reduction
UAE-1778,Defence_Govt,Warm,MRO Engineer/Technician,Independent MRO,11-30,20+ years,Other GCC,Scheduled/calendar,3-5,$500K-$2M,1356308,1,1,1,0,0,0,0,0,1,0,0,1,1,1,0,5,Lack data expertise,1,1,0,0,0,0,1,0,Hybrid,$3K-$8K,5793,Per-aircraft/year,C-Suite,>12 months,1,1,0,0,0,1,0,0,1,1,0,1,0,0,0,6,6,Regional/turboprop,LinkedIn/social media,3,3,1,2,2,1,0,0,0,0,0,0,0,Dissatisfied - poor support,3,1,1,0,0,1,1,1,1,3x in 12 months,Dispatch reliability %
UAE-1779,Defence_Govt,Warm,MRO Engineer/Technician,Defence/government,31-80,6-10 years,Dubai,Condition-based,3-5,$10M-$50M,18793732,1,1,1,0,0,0,1,0,0,1,0,0,0,1,0,6,Cybersecurity,0,1,0,0,0,0,1,0,On-premise,$8K-$20K,12070,Pay-per-insight,Head of Maintenance/CAMO,>12 months,0,0,0,1,1,1,1,0,0,0,1,0,1,1,0,4,4,Business jet/helicopter,Industry event,3,3,3,3,3,0,0,0,0,0,0,1,0,Satisfied but expensive,2,1,0,1,1,1,1,1,0,2x,AOG reduction %
UAE-1780,Defence_Govt,Exploring,IT/Digital Lead,Independent MRO,1-10,2-5 years,Dubai,Scheduled/calendar,0,$500K-$2M,1295795,0,0,1,1,0,0,1,1,1,1,0,0,0,0,1,4,No barriers,0,0,0,1,1,0,1,0,On-premise,$3K-$8K,5077,Hardware lease + software,C-Suite,>12 months,1,0,1,1,0,0,1,0,1,1,0,1,0,0,0,7,5,Regional/turboprop,LinkedIn/social media,2,4,3,4,3,0,1,1,0,0,0,0,0,Dissatisfied - poor support,2,1,1,0,1,1,1,0,0,3x in 12 months,Unscheduled maintenance reduction
UAE-1781,Defence_Govt,Exploring,C-Suite,Defence/government,11-30,20+ years,Other GCC,Condition-based,3-5,$2M-$10M,5157464,1,1,1,1,1,0,0,1,1,0,1,0,0,0,0,3,Lack data expertise,1,1,1,0,0,0,0,0,On-premise,$3K-$8K,5816,Hardware lease + software,Joint committee,>12 months,1,0,1,1,1,1,0,1,1,0,1,1,0,0,0,7,8,Regional/turboprop,LinkedIn/social media,3,3,1,5,3,0,0,0,1,0,1,0,0,Dissatisfied - poor accuracy,2,1,1,1,0,0,1,1,0,2x,Unscheduled maintenance reduction
UAE-1782,Defence_Govt,Warm,MRO Engineer/Technician,Defence/government,11-30,6-10 years,Abu Dhabi,Scheduled/calendar,10+,$2M-$10M,5135624,1,0,0,1,1,0,0,0,0,1,1,0,0,0,0,8,Regulatory concerns,1,1,0,1,0,0,0,0,On-premise,<$1K,545,Fixed monthly SaaS,Procurement/Finance,6-12 months,1,1,1,0,0,1,0,0,0,1,1,1,0,0,0,3,5,Boeing wide (B777/B787),Industry event,3,4,3,4,3,0,0,1,0,0,0,1,0,Very satisfied,1,1,0,1,1,0,1,0,0,2x,Dispatch reliability %
UAE-1783,Defence_Govt,Exploring,C-Suite,Defence/government,31-80,20+ years,Abu Dhabi,Scheduled/calendar,6-10,$500K-$2M,1220010,0,1,1,0,1,1,0,1,0,1,0,0,1,0,0,3,Cybersecurity,1,1,1,0,0,0,0,0,Full cloud (SaaS),>$20K,27343,Hardware lease + software,Head of Maintenance/CAMO,3-6 months,1,0,1,1,1,1,1,0,0,0,1,0,1,0,0,6,3,Business jet/helicopter,Email invite,3,4,1,3,3,0,1,0,0,0,0,0,0,Dissatisfied - poor support,2,1,0,1,1,0,1,1,0,ROI not primary,Cost saved per aircraft/yr
UAE-1784,Defence_Govt,Not Interested,Procurement/Finance,Aircraft leasing,11-30,6-10 years,Dubai,Scheduled/calendar,3-5,$2M-$10M,6379906,0,1,1,0,1,0,1,1,1,1,1,0,0,0,0,5,High upfront cost,1,1,0,0,0,0,1,0,On-premise,$3K-$8K,6791,Per-aircraft/year,Procurement/Finance,>12 months,1,0,1,1,0,1,0,0,0,1,0,0,1,1,0,8,1,Boeing narrow (B737),LinkedIn/social media,2,3,3,5,3,0,1,0,0,0,0,1,0,Dissatisfied - hard to integrate,3,1,0,1,0,0,0,1,0,3x in 12 months,Cost saved per aircraft/yr
UAE-1785,Defence_Govt,Warm,C-Suite,Defence/government,31-80,2-5 years,Abu Dhabi,Scheduled/calendar,0,$2M-$10M,6225848,1,1,1,0,0,0,1,0,0,0,0,0,0,1,0,7,Legacy integration,1,0,0,0,0,0,1,0,Hybrid,$1K-$3K,1424,Fixed monthly SaaS,Joint committee,>12 months,1,0,1,0,0,1,0,1,1,0,1,0,0,0,0,4,5,Business jet/helicopter,LinkedIn/social media,3,3,3,3,3,1,1,0,0,0,1,1,0,No platform,2,0,1,1,1,1,1,1,0,3x in 12 months,Component lifespan extension
UAE-1786,Defence_Govt,Warm,Director/VP Operations,Independent MRO,31-80,11-20 years,Dubai,Condition-based,0,$10M-$50M,37542096,0,0,1,1,0,1,1,0,1,1,1,0,1,1,1,6,Regulatory concerns,0,1,1,0,0,1,0,0,Hybrid,$8K-$20K,14835,Hardware lease + software,Procurement/Finance,>12 months,1,1,1,0,1,1,0,0,1,1,0,1,0,0,0,5,5,Business jet/helicopter,Industry event,3,2,1,3,4,0,1,0,0,0,0,0,0,Dissatisfied - hard to integrate,3,1,0,1,1,1,1,1,0,3x in 12 months,Cost saved per aircraft/yr
UAE-1787,Defence_Govt,Exploring,MRO Engineer/Technician,Defence/government,31-80,<2 years,Sharjah/Northern Emirates,Scheduled/calendar,3-5,$2M-$10M,5351668,1,1,1,1,1,0,0,0,0,0,1,0,0,0,1,2,Lack data expertise,1,0,1,0,0,0,0,0,On-premise,$1K-$3K,2282,Hardware lease + software,IT/Digital lead,>12 months,1,1,1,1,0,1,0,0,1,1,0,0,1,0,0,5,5,Boeing wide (B777/B787),Word of mouth,3,4,2,3,3,1,0,1,0,0,0,0,0,Dissatisfied - poor accuracy,1,1,1,0,1,1,1,0,0,2x,Component lifespan extension
UAE-1788,Defence_Govt,Exploring,Fleet/Maintenance Manager,Defence/government,1-10,6-10 years,Sharjah/Northern Emirates,Scheduled/calendar,1-2,$500K-$2M,1069343,1,1,1,1,0,0,1,0,1,0,1,0,0,1,0,1,Lack data expertise,0,1,1,0,1,0,0,0,Full cloud (SaaS),$3K-$8K,5320,Outcome-based,Head of Maintenance/CAMO,6-12 months,1,1,0,0,1,1,0,1,1,0,1,0,1,0,0,8,5,Boeing wide (B777/B787),Industry event,3,3,3,3,4,1,1,0,1,1,0,0,0,Dissatisfied - hard to integrate,1,1,0,1,0,1,0,1,0,1.5x,AOG reduction %
UAE-1789,Defence_Govt,Not Interested,Director/VP Operations,Low-cost carrier,1-10,6-10 years,Abu Dhabi,Predictive (some AI),3-5,$2M-$10M,5325027,0,1,0,1,0,0,0,0,1,1,0,0,1,0,0,3,No barriers,0,1,0,0,1,1,0,0,On-premise,>$20K,20530,Outcome-based,Procurement/Finance,6-12 months,1,1,1,1,0,0,0,0,1,1,0,0,1,0,0,6,2,Boeing wide (B777/B787),Industry event,2,1,3,2,3,0,0,1,0,0,1,1,0,No platform,2,1,0,1,1,0,1,1,0,ROI not primary,AOG reduction %
UAE-1790,Defence_Govt,Warm,Fleet/Maintenance Manager,Defence/government,31-80,2-5 years,Sharjah/Northern Emirates,Reactive,0,$10M-$50M,39528177,1,1,1,0,1,0,0,0,0,1,0,0,0,1,0,8,Legacy integration,0,0,1,1,0,0,1,0,Full cloud (SaaS),$8K-$20K,12728,Hardware lease + software,Head of Maintenance/CAMO,6-12 months,1,1,1,1,0,1,0,0,1,1,1,0,0,0,0,3,8,Regional/turboprop,Email invite,1,4,2,3,3,0,1,0,0,0,0,0,0,Dissatisfied - hard to integrate,2,1,1,1,1,1,0,1,0,5x+,AOG reduction %
UAE-1791,Defence_Govt,Hot,MRO Engineer/Technician,Low-cost carrier,81-200,6-10 years,Abu Dhabi,Predictive (some AI),1-2,$10M-$50M,32058303,0,0,1,1,0,1,0,1,1,0,0,0,0,1,0,7,Regulatory concerns,0,1,1,1,0,0,0,0,On-premise,>$20K,30105,Per-aircraft/year,Procurement/Finance,>12 months,1,1,1,1,1,1,1,0,1,1,1,0,0,0,0,3,7,Business jet/helicopter,LinkedIn/social media,3,3,1,3,3,1,0,0,0,1,0,0,0,Satisfied but expensive,2,1,1,0,0,0,1,1,0,5x+,Cost saved per aircraft/yr
UAE-1792,Defence_Govt,Warm,Procurement/Finance,Defence/government,31-80,11-20 years,Other GCC,Scheduled/calendar,0,$500K-$2M,1421821,1,0,1,1,1,0,0,0,1,0,0,0,0,0,0,6,Cybersecurity,1,1,1,0,0,0,0,0,Hybrid,$3K-$8K,5694,Outcome-based,Joint committee,>12 months,1,1,1,0,0,1,1,0,0,1,0,1,1,0,0,5,5,Airbus narrow (A320),Email invite,3,5,2,3,2,1,1,0,0,0,0,0,0,Satisfied but expensive,5,1,1,1,1,1,1,1,0,Strategic value,Unscheduled maintenance reduction
UAE-1793,Defence_Govt,Not Interested,MRO Engineer/Technician,Defence/government,31-80,2-5 years,Dubai,Scheduled/calendar,0,$500K-$2M,1128433,0,1,1,1,0,0,1,0,0,0,0,0,1,1,0,2,Cybersecurity,1,1,1,0,0,0,0,0,On-premise,$1K-$3K,2309,Per-aircraft/year,Joint committee,6-12 months,1,1,0,1,1,1,0,0,1,1,1,0,0,0,0,7,1,Boeing wide (B777/B787),Word of mouth,2,5,2,4,3,0,1,0,0,0,0,0,0,Dissatisfied - hard to integrate,2,0,1,1,1,1,1,1,0,5x+,Cost saved per aircraft/yr
UAE-1794,Defence_Govt,Not Interested,C-Suite,Defence/government,11-30,11-20 years,Abu Dhabi,Reactive,1-2,$500K-$2M,1512242,1,0,0,0,0,0,0,0,0,0,0,0,0,1,0,4,Regulatory concerns,0,0,0,1,0,1,0,0,Hybrid,>$20K,20657,Pay-per-insight,C-Suite,3-6 months,1,0,0,0,1,0,1,0,1,0,1,0,1,0,0,9,2,Business jet/helicopter,LinkedIn/social media,3,4,2,3,3,0,1,0,0,1,0,0,0,Dissatisfied - hard to integrate,1,1,1,0,1,1,1,1,0,1.5x,Cost saved per aircraft/yr
UAE-1795,Defence_Govt,Not Interested,Fleet/Maintenance Manager,Defence/government,81-200,2-5 years,Other GCC,Reactive,3-5,$500K-$2M,1472969,1,1,0,1,0,1,0,1,0,1,0,0,0,0,0,2,Legacy integration,1,0,1,1,0,0,0,0,Hybrid,$8K-$20K,19949,Per-aircraft/year,Head of Maintenance/CAMO,6-12 months,1,1,1,0,1,1,0,0,1,1,0,0,0,1,0,9,1,Regional/turboprop,Industry event,2,4,2,3,3,1,1,0,0,0,0,1,0,Dissatisfied - hard to integrate,2,1,1,1,1,1,1,1,0,5x+,Component lifespan extension
UAE-1796,Defence_Govt,Exploring,Fleet/Maintenance Manager,Defence/government,31-80,<2 years,Outside GCC,Condition-based,0,$10M-$50M,26680717,1,0,0,1,0,1,1,0,0,0,0,0,0,0,1,3,Regulatory concerns,0,0,1,1,0,0,0,0,No preference,$3K-$8K,6409,Per-aircraft/year,IT/Digital lead,>12 months,1,0,1,1,1,1,1,0,1,0,0,0,1,0,0,3,5,Regional/turboprop,LinkedIn/social media,3,4,2,4,2,0,0,0,1,0,0,0,0,Dissatisfied - hard to integrate,1,1,1,1,1,1,1,1,0,2x,AOG reduction %
UAE-1797,Defence_Govt,Warm,Director/VP Operations,Defence/government,11-30,6-10 years,Dubai,Scheduled/calendar,1-2,$500K-$2M,1157096,1,0,1,0,1,0,0,1,0,1,1,0,1,0,0,8,No barriers,0,1,1,1,0,0,0,0,On-premise,<$1K,616,Per-aircraft/year,IT/Digital lead,6-12 months,1,1,0,1,0,1,1,0,0,1,1,0,1,0,0,2,7,Business jet/helicopter,LinkedIn/social media,3,5,2,3,4,0,0,1,0,0,0,0,0,No platform,3,1,1,1,1,1,1,1,0,3x in 12 months,Dispatch reliability %
UAE-1798,Defence_Govt,Hot,Fleet/Maintenance Manager,Independent MRO,31-80,11-20 years,Dubai,Reactive,0,$2M-$10M,8020408,0,0,0,1,0,1,0,1,0,1,0,1,0,1,0,8,Regulatory concerns,1,1,1,0,0,0,0,0,Full cloud (SaaS),$8K-$20K,14386,Outcome-based,Joint committee,6-12 months,1,1,1,0,0,0,0,1,0,1,0,1,1,0,0,1,7,Business jet/helicopter,Industry event,1,4,3,3,4,1,1,0,1,0,1,0,0,Dissatisfied - poor support,3,1,1,1,0,1,1,1,0,3x in 12 months,AOG reduction %
UAE-1799,Defence_Govt,Warm,MRO Engineer/Technician,Defence/government,11-30,2-5 years,Abu Dhabi,Condition-based,1-2,<$500K,234884,1,0,1,1,0,0,0,1,1,1,0,1,0,1,0,7,Cybersecurity,0,0,1,1,0,1,0,0,On-premise,$3K-$8K,5967,Hardware lease + software,C-Suite,>12 months,1,0,1,1,0,0,0,1,1,1,0,1,0,0,0,5,6,Business jet/helicopter,Industry event,2,3,4,4,2,0,0,0,0,0,0,1,0,Dissatisfied - poor accuracy,1,1,1,1,1,1,1,0,0,3x in 12 months,Cost saved per aircraft/yr
UAE-1800,Defence_Govt,Exploring,IT/Digital Lead,Aircraft leasing,11-30,2-5 years,Abu Dhabi,Predictive (some AI),0,$500K-$2M,1264286,1,1,0,1,1,0,1,0,0,0,1,0,0,0,0,5,No barriers,1,1,1,0,0,0,0,0,Hybrid,<$1K,453,Hardware lease + software,IT/Digital lead,>12 months,1,0,1,1,1,1,0,0,1,0,0,0,1,1,0,8,4,Boeing wide (B777/B787),LinkedIn/social media,2,4,2,3,3,1,1,0,1,0,1,0,0,Dissatisfied - hard to integrate,2,1,0,1,1,0,0,1,0,5x+,Cost saved per aircraft/yr
UAE-1801,Defence_Govt,Warm,MRO Engineer/Technician,Defence/government,1-10,20+ years,Dubai,Reactive,3-5,$2M-$10M,7717898,1,0,1,1,0,0,1,0,1,0,0,0,0,0,0,7,Legacy integration,1,1,1,0,0,0,0,0,Full cloud (SaaS),$3K-$8K,6122,Hardware lease + software,IT/Digital lead,>12 months,1,1,1,1,0,1,1,1,1,1,0,0,1,0,0,4,7,Business jet/helicopter,Email invite,2,4,1,4,3,1,0,0,0,0,0,0,0,No platform,5,1,1,1,1,1,1,1,0,Strategic value,Cost saved per aircraft/yr
UAE-1802,Defence_Govt,Exploring,C-Suite,Defence/government,1-10,6-10 years,Outside GCC,Condition-based,0,<$500K,339711,1,1,1,0,1,0,1,1,0,1,0,0,0,0,0,5,High upfront cost,1,1,0,1,0,0,0,0,On-premise,<$1K,506,Per-aircraft/year,Joint committee,3-6 months,1,0,1,1,1,0,0,0,0,1,1,0,1,0,0,5,5,Business jet/helicopter,Email invite,3,4,3,3,2,0,0,0,1,0,0,0,0,Very satisfied,2,0,0,1,1,1,1,1,0,5x+,Unscheduled maintenance reduction
UAE-1803,Defence_Govt,Hot,Fleet/Maintenance Manager,Defence/government,1-10,6-10 years,Abu Dhabi,Scheduled/calendar,1-2,$500K-$2M,1403975,1,1,0,1,0,0,0,1,1,0,1,0,0,1,0,7,Legacy integration,1,0,1,0,0,0,1,0,On-premise,<$1K,419,Pay-per-insight,Joint committee,>12 months,1,1,1,1,0,0,0,1,0,1,1,0,1,0,0,4,6,Boeing narrow (B737),LinkedIn/social media,2,4,2,4,3,0,0,1,0,0,0,0,0,Satisfied but expensive,5,1,1,1,0,1,0,1,0,3x in 12 months,Unscheduled maintenance reduction
UAE-1804,Defence_Govt,Not Interested,MRO Engineer/Technician,Defence/government,31-80,20+ years,Sharjah/Northern Emirates,Condition-based,3-5,$10M-$50M,28887665,1,0,1,1,0,0,0,0,1,1,1,0,0,1,0,4,Legacy integration,1,1,1,0,0,0,0,0,Full cloud (SaaS),$1K-$3K,2435,Per-aircraft/year,IT/Digital lead,3-6 months,1,1,1,0,0,1,0,1,0,1,1,0,1,0,0,7,3,Regional/turboprop,Word of mouth,3,2,3,4,3,0,0,1,0,0,1,0,0,No platform,1,1,1,1,1,1,1,1,0,3x in 12 months,Unscheduled maintenance reduction
UAE-1805,Defence_Govt,Warm,Fleet/Maintenance Manager,Defence/government,31-80,6-10 years,Dubai,Scheduled/calendar,3-5,$10M-$50M,27016545,1,0,1,0,1,0,1,0,1,1,1,0,0,1,0,6,Regulatory concerns,1,1,0,0,1,0,0,0,On-premise,$1K-$3K,1697,Hardware lease + software,C-Suite,>12 months,0,0,0,0,0,1,0,1,1,1,1,0,0,0,0,7,6,Business jet/helicopter,Word of mouth,3,3,3,3,3,0,1,0,0,0,0,1,0,Satisfied but expensive,1,1,1,1,1,1,1,1,0,3x in 12 months,Cost saved per aircraft/yr
UAE-1806,Defence_Govt,Exploring,Director/VP Operations,Defence/government,31-80,11-20 years,Dubai,Condition-based,6-10,$2M-$10M,6360275,1,1,0,0,0,1,1,1,0,0,0,0,0,1,0,4,Regulatory concerns,1,0,1,1,0,0,0,0,On-premise,$8K-$20K,14038,Hardware lease + software,Head of Maintenance/CAMO,>12 months,1,1,0,0,0,1,1,0,1,0,0,1,1,0,0,3,4,Regional/turboprop,LinkedIn/social media,3,5,3,2,4,0,1,0,1,0,0,0,0,Dissatisfied - poor accuracy,3,1,1,1,1,1,1,1,0,Strategic value,AOG reduction %
UAE-1807,Defence_Govt,Exploring,MRO Engineer/Technician,Defence/government,31-80,6-10 years,Dubai,Condition-based,1-2,$2M-$10M,5894529,0,0,1,0,1,1,0,1,1,0,0,0,0,0,0,2,Legacy integration,1,1,1,0,0,0,0,0,On-premise,$8K-$20K,16403,Per-aircraft/year,Procurement/Finance,3-6 months,1,0,1,0,1,1,0,0,1,0,0,1,1,0,0,5,4,Regional/turboprop,Email invite,3,5,2,3,4,0,0,0,0,0,1,0,0,Satisfied but expensive,1,1,0,1,1,1,1,1,0,5x+,AOG reduction %
UAE-1808,Defence_Govt,Not Interested,MRO Engineer/Technician,Independent MRO,200+,6-10 years,Abu Dhabi,Scheduled/calendar,3-5,$10M-$50M,33664452,0,1,1,0,1,1,0,1,0,1,1,0,0,0,0,4,Cybersecurity,0,1,0,1,0,1,0,0,On-premise,$3K-$8K,4507,Pay-per-insight,IT/Digital lead,6-12 months,1,1,1,1,1,1,0,0,1,1,0,0,1,0,0,8,2,Boeing wide (B777/B787),Word of mouth,3,5,2,3,3,0,1,1,0,1,1,0,0,No platform,1,1,1,1,1,0,1,0,0,3x in 12 months,Dispatch reliability %
UAE-1809,Defence_Govt,Not Interested,Fleet/Maintenance Manager,Defence/government,200+,11-20 years,Dubai,Scheduled/calendar,0,>$50M,72554405,1,0,1,0,1,0,1,1,0,0,0,0,0,1,0,4,Lack data expertise,1,1,1,0,0,0,0,0,On-premise,$8K-$20K,15833,Outcome-based,Joint committee,>12 months,0,1,1,0,0,0,1,0,1,1,0,0,1,0,0,4,1,Regional/turboprop,LinkedIn/social media,2,5,1,3,3,0,0,0,0,0,0,1,0,Very satisfied,4,1,0,0,1,1,1,1,0,2x,Cost saved per aircraft/yr
UAE-1810,Defence_Govt,Exploring,Director/VP Operations,Defence/government,11-30,6-10 years,Dubai,Reactive,1-2,>$50M,81703108,0,0,0,0,0,0,1,0,1,0,0,0,0,0,0,4,Cybersecurity,1,0,0,0,0,0,0,0,On-premise,$3K-$8K,4950,Per-aircraft/year,Head of Maintenance/CAMO,>12 months,1,1,0,0,0,1,1,0,0,0,1,1,0,0,1,3,4,Regional/turboprop,Email invite,3,3,1,3,3,0,1,0,0,0,0,0,0,Dissatisfied - poor accuracy,1,1,0,1,1,1,1,1,0,2x,AOG reduction %
UAE-1811,Defence_Govt,Exploring,Procurement/Finance,Aircraft leasing,1-10,20+ years,Dubai,Condition-based,1-2,$500K-$2M,1142362,1,1,0,1,1,0,0,0,0,0,1,0,1,1,0,2,Cybersecurity,1,1,1,0,0,0,0,0,On-premise,>$20K,31601,Per-aircraft/year,C-Suite,>12 months,0,1,1,0,1,1,1,1,1,1,0,1,0,0,0,4,5,Regional/turboprop,Industry event,2,5,1,3,2,0,1,0,0,0,1,0,1,Dissatisfied - poor accuracy,1,0,1,0,1,1,1,1,0,ROI not primary,Component lifespan extension
UAE-1812,Defence_Govt,Not Interested,C-Suite,Defence/government,1-10,20+ years,Outside GCC,Predictive (some AI),0,$500K-$2M,1361812,0,1,1,1,1,0,1,0,0,1,0,0,0,1,0,2,Cybersecurity,1,1,1,0,0,0,0,0,On-premise,>$20K,26849,Per-aircraft/year,C-Suite,6-12 months,1,1,0,1,0,1,1,0,0,0,1,0,0,0,0,9,2,Boeing narrow (B737),LinkedIn/social media,2,3,2,4,2,0,0,1,0,0,0,1,0,Dissatisfied - poor accuracy,1,1,1,0,1,1,0,1,0,Strategic value,Unscheduled maintenance reduction
UAE-1813,Defence_Govt,Not Interested,C-Suite,Defence/government,1-10,11-20 years,Outside GCC,Condition-based,0,<$500K,230316,1,1,1,0,0,0,0,1,1,0,1,0,0,1,0,5,High upfront cost,1,1,0,0,0,0,1,0,On-premise,$1K-$3K,2442,Hardware lease + software,IT/Digital lead,6-12 months,1,1,0,1,1,1,0,0,0,1,0,0,1,0,1,6,1,Regional/turboprop,LinkedIn/social media,4,4,2,3,3,0,0,0,0,0,0,0,1,Dissatisfied - poor accuracy,3,1,1,1,1,1,1,1,0,Strategic value,AOG reduction %
UAE-1814,Defence_Govt,Warm,C-Suite,Aircraft leasing,81-200,20+ years,Dubai,Condition-based,10+,$10M-$50M,31349082,1,1,1,0,1,0,0,0,1,0,0,1,1,1,0,9,No barriers,1,1,1,0,0,0,0,0,Full cloud (SaaS),$8K-$20K,13176,Fixed monthly SaaS,Head of Maintenance/CAMO,6-12 months,1,1,0,1,1,0,1,0,0,0,0,0,1,1,1,4,6,Airbus wide (A330/A350/A380),Email invite,3,4,1,3,3,0,0,0,1,0,0,0,0,No platform,1,0,0,1,1,1,1,1,0,3x in 12 months,AOG reduction %
UAE-1815,Defence_Govt,Exploring,C-Suite,Defence/government,81-200,11-20 years,Abu Dhabi,Condition-based,1-2,$2M-$10M,6029233,1,0,1,1,1,0,1,0,0,1,1,0,0,0,0,3,Cybersecurity,1,1,0,1,0,0,0,0,Hybrid,$8K-$20K,11138,Per-aircraft/year,Joint committee,6-12 months,0,1,1,0,1,1,0,1,1,0,0,1,0,0,0,2,6,Business jet/helicopter,LinkedIn/social media,3,4,2,1,2,1,1,0,0,0,0,1,0,No platform,3,1,1,1,1,1,1,1,0,3x in 12 months,AOG reduction %
UAE-1816,Defence_Govt,Exploring,Fleet/Maintenance Manager,Independent MRO,1-10,<2 years,Other GCC,Condition-based,1-2,$500K-$2M,1426657,1,0,1,0,1,0,1,1,1,0,0,0,1,1,0,5,Cybersecurity,1,1,1,0,0,0,0,0,On-premise,>$20K,32236,Hardware lease + software,Head of Maintenance/CAMO,>12 months,1,0,0,1,0,1,1,0,1,0,1,0,0,1,0,8,4,Boeing narrow (B737),Industry event,3,4,1,2,2,0,0,0,0,0,0,1,0,No platform,3,1,1,1,1,0,1,1,0,ROI not primary,Cost saved per aircraft/yr
UAE-1817,Defence_Govt,Exploring,Fleet/Maintenance Manager,Defence/government,1-10,20+ years,Other GCC,Condition-based,1-2,<$500K,222147,1,0,0,1,1,0,1,1,0,0,0,0,0,1,0,3,No barriers,1,1,0,0,1,0,0,0,On-premise,<$1K,564,Fixed monthly SaaS,Joint committee,3-6 months,0,1,1,1,1,1,0,0,1,0,0,1,1,0,0,6,5,Regional/turboprop,Industry event,3,3,2,3,2,0,1,0,0,1,0,0,1,Dissatisfied - poor accuracy,1,1,0,0,0,1,1,1,0,3x in 12 months,AOG reduction %
UAE-1818,Defence_Govt,Hot,MRO Engineer/Technician,Charter/private aviation,1-10,11-20 years,Sharjah/Northern Emirates,Predictive (some AI),3-5,$2M-$10M,5387350,0,0,0,1,0,1,0,0,0,1,0,0,0,0,0,9,Cybersecurity,1,0,0,1,0,0,1,0,No preference,>$20K,32422,Per-aircraft/year,IT/Digital lead,6-12 months,1,1,0,0,0,0,1,0,0,0,0,0,1,1,0,5,7,Business jet/helicopter,LinkedIn/social media,3,4,3,3,4,0,0,0,0,0,0,0,1,Dissatisfied - poor accuracy,3,1,1,1,1,0,1,1,0,ROI not primary,Unscheduled maintenance reduction
UAE-1819,Defence_Govt,Exploring,Fleet/Maintenance Manager,Independent MRO,11-30,11-20 years,Dubai,Condition-based,1-2,$500K-$2M,1571286,1,0,1,0,1,1,0,1,0,1,0,0,0,0,0,2,Legacy integration,1,1,0,1,0,0,0,0,On-premise,$1K-$3K,2125,Pay-per-insight,C-Suite,3-6 months,1,1,1,0,1,0,1,0,1,1,1,0,0,0,0,6,3,Airbus narrow (A320),Industry event,3,3,2,2,4,0,1,0,0,1,1,0,0,No platform,2,1,1,0,1,1,1,1,0,3x in 12 months,Component lifespan extension
UAE-1820,Defence_Govt,Exploring,Director/VP Operations,Defence/government,1-10,6-10 years,Dubai,Condition-based,3-5,$500K-$2M,1656290,1,0,1,0,1,0,1,0,0,0,0,1,1,0,0,5,No barriers,1,1,0,0,1,0,0,0,On-premise,>$20K,30258,Outcome-based,IT/Digital lead,>12 months,1,1,1,1,0,0,1,0,1,0,0,1,1,0,0,5,3,Boeing narrow (B737),LinkedIn/social media,3,4,1,2,2,0,0,0,0,0,0,0,1,No platform,5,0,0,1,1,1,1,1,0,Strategic value,AOG reduction %
UAE-1821,Defence_Govt,Warm,C-Suite,Defence/government,31-80,11-20 years,Sharjah/Northern Emirates,Condition-based,0,>$50M,99899376,1,0,1,1,1,0,0,0,1,0,0,0,0,0,0,7,Legacy integration,0,0,0,1,0,0,1,0,Hybrid,$3K-$8K,5647,Fixed monthly SaaS,C-Suite,3-6 months,1,0,1,0,0,1,0,0,0,0,0,0,1,0,1,4,5,Regional/turboprop,LinkedIn/social media,3,5,1,3,2,0,0,1,0,0,1,0,0,No platform,1,1,1,1,0,1,1,1,0,3x in 12 months,Dispatch reliability %
UAE-1822,Defence_Govt,Warm,MRO Engineer/Technician,Low-cost carrier,31-80,11-20 years,Other GCC,Full predictive + digital twin,3-5,$500K-$2M,1472357,0,0,0,0,0,1,1,0,0,0,0,0,0,0,1,5,No barriers,1,0,1,1,0,0,0,0,Hybrid,$3K-$8K,5961,Hardware lease + software,IT/Digital lead,6-12 months,1,0,1,0,0,1,0,0,1,1,0,1,0,0,0,6,6,Regional/turboprop,LinkedIn/social media,3,4,3,2,3,0,1,0,0,0,0,1,1,Dissatisfied - poor accuracy,2,1,1,1,1,1,1,1,0,5x+,Audit pass rate
UAE-1823,Defence_Govt,Exploring,MRO Engineer/Technician,Defence/government,11-30,11-20 years,Dubai,Condition-based,1-2,$500K-$2M,748961,0,1,1,0,0,1,0,0,0,0,1,0,0,1,0,3,Regulatory concerns,1,1,1,0,0,0,0,0,Hybrid,$1K-$3K,1707,Hardware lease + software,C-Suite,1-3 months,1,1,0,1,1,1,0,1,0,1,0,1,0,0,0,7,3,Business jet/helicopter,LinkedIn/social media,2,4,1,2,3,0,0,1,0,0,1,1,0,No platform,1,1,1,1,1,0,1,1,0,1.5x,Dispatch reliability %
UAE-1824,Defence_Govt,Warm,Director/VP Operations,Defence/government,11-30,<2 years,Dubai,Full predictive + digital twin,3-5,<$500K,197137,1,0,0,1,1,1,0,1,0,1,0,0,0,0,0,7,Cybersecurity,1,1,1,0,0,0,0,0,On-premise,$3K-$8K,6367,Hardware lease + software,Head of Maintenance/CAMO,6-12 months,1,1,1,1,0,1,0,1,0,0,0,0,1,0,1,6,7,Regional/turboprop,Word of mouth,3,2,2,3,2,0,0,1,0,0,1,1,0,Dissatisfied - poor support,3,1,1,1,1,1,1,1,0,2x,AOG reduction %
UAE-1825,Defence_Govt,Exploring,Director/VP Operations,Defence/government,1-10,<2 years,Abu Dhabi,Condition-based,10+,>$50M,55534175,0,1,0,1,1,0,0,1,0,0,0,0,0,1,0,2,Cybersecurity,0,0,1,1,1,0,0,0,On-premise,$8K-$20K,15596,Pay-per-insight,C-Suite,3-6 months,0,1,0,0,0,1,1,0,1,0,0,0,1,1,0,7,4,Airbus narrow (A320),LinkedIn/social media,2,4,2,3,2,0,1,0,0,0,1,0,0,Satisfied but expensive,1,0,1,1,0,1,1,1,0,3x in 12 months,AOG reduction %
UAE-1826,Defence_Govt,Exploring,MRO Engineer/Technician,Charter/private aviation,1-10,11-20 years,Sharjah/Northern Emirates,Condition-based,0,$500K-$2M,1407093,1,1,1,1,1,0,1,1,0,0,1,0,0,0,0,6,Legacy integration,1,1,1,0,0,0,0,0,Hybrid,$8K-$20K,13177,Per-aircraft/year,IT/Digital lead,6-12 months,1,0,0,0,1,1,0,1,1,1,0,1,0,0,0,6,4,Business jet/helicopter,LinkedIn/social media,3,3,1,4,4,0,1,0,0,0,0,0,0,Dissatisfied - poor accuracy,1,1,0,1,1,1,1,1,0,2x,AOG reduction %
UAE-1827,Defence_Govt,Warm,MRO Engineer/Technician,Defence/government,1-10,6-10 years,Other GCC,Predictive (some AI),0,$2M-$10M,5040011,0,1,0,1,1,1,1,0,1,0,0,0,0,0,0,6,Cybersecurity,1,0,0,1,0,0,1,0,On-premise,>$20K,51448,Outcome-based,IT/Digital lead,6-12 months,1,1,0,0,1,1,1,0,1,1,0,1,0,0,0,6,6,Boeing narrow (B737),Aviation publication,2,3,3,4,4,1,1,1,0,0,1,0,0,No platform,1,1,0,0,1,1,1,1,0,2x,Unscheduled maintenance reduction
UAE-1828,Defence_Govt,Warm,Director/VP Operations,Defence/government,31-80,11-20 years,Abu Dhabi,Condition-based,3-5,$2M-$10M,7654593,1,1,1,1,0,0,1,1,0,0,0,0,1,0,0,4,Cybersecurity,1,1,0,0,0,0,1,0,Hybrid,$8K-$20K,15788,Per-aircraft/year,Head of Maintenance/CAMO,6-12 months,1,1,1,1,0,1,0,0,1,0,1,1,0,0,0,2,5,Business jet/helicopter,LinkedIn/social media,4,4,2,3,3,0,0,0,1,0,1,0,0,Satisfied but expensive,3,1,1,1,0,1,1,1,0,1.5x,Dispatch reliability %
UAE-1829,Defence_Govt,Warm,C-Suite,Independent MRO,31-80,2-5 years,Dubai,Scheduled/calendar,3-5,<$500K,296934,0,1,1,0,0,1,0,1,1,1,1,0,0,1,1,6,Lack data expertise,1,0,1,0,0,0,1,0,On-premise,$3K-$8K,3904,Outcome-based,Joint committee,6-12 months,0,1,1,1,0,1,0,0,0,1,1,1,0,0,0,5,5,Boeing narrow (B737),LinkedIn/social media,2,4,2,3,2,0,0,1,0,0,0,0,1,Dissatisfied - poor accuracy,3,1,1,1,1,0,0,1,0,5x+,AOG reduction %
UAE-1830,Defence_Govt,Not Interested,Fleet/Maintenance Manager,Charter/private aviation,1-10,11-20 years,Dubai,Condition-based,3-5,$10M-$50M,24073058,0,1,1,1,0,0,1,0,0,0,1,0,0,1,0,3,Cybersecurity,0,0,0,1,1,0,1,0,Hybrid,>$20K,22834,Per-aircraft/year,Head of Maintenance/CAMO,3-6 months,1,0,1,1,0,1,0,1,1,0,1,0,1,0,0,10,3,Boeing narrow (B737),Email invite,3,5,5,3,4,0,0,0,1,0,0,0,0,No platform,4,1,0,1,1,1,0,1,0,2x,AOG reduction %
UAE-1831,Defence_Govt,Not Interested,MRO Engineer/Technician,Defence/government,81-200,6-10 years,Dubai,Full predictive + digital twin,3-5,$10M-$50M,34482146,0,1,1,0,0,1,0,1,0,0,0,1,1,1,0,6,Legacy integration,0,1,1,1,0,0,0,0,On-premise,$8K-$20K,12943,Per-aircraft/year,Head of Maintenance/CAMO,6-12 months,1,1,0,1,0,0,0,1,1,1,0,1,0,0,0,7,2,Boeing narrow (B737),Industry event,2,4,3,3,3,0,0,0,0,0,0,0,1,Dissatisfied - poor support,2,1,0,1,0,1,1,1,0,3x in 12 months,Cost saved per aircraft/yr
UAE-1832,Defence_Govt,Warm,MRO Engineer/Technician,Defence/government,200+,11-20 years,Sharjah/Northern Emirates,Reactive,1-2,$10M-$50M,28972567,1,0,0,1,0,1,1,0,0,1,1,0,0,1,0,4,High upfront cost,1,1,1,0,0,0,0,0,On-premise,>$20K,25076,Fixed monthly SaaS,IT/Digital lead,6-12 months,1,0,0,0,1,1,0,1,0,0,0,1,1,0,1,6,8,Boeing wide (B777/B787),Word of mouth,2,3,2,2,2,0,0,0,1,0,0,0,0,Dissatisfied - hard to integrate,1,1,1,1,1,1,1,1,0,3x in 12 months,Cost saved per aircraft/yr
UAE-1833,Defence_Govt,Exploring,MRO Engineer/Technician,Defence/government,31-80,11-20 years,Sharjah/Northern Emirates,Scheduled/calendar,1-2,$10M-$50M,36160775,1,1,0,1,1,0,1,1,0,1,0,0,0,1,0,3,Cybersecurity,0,1,1,0,0,0,0,0,Hybrid,$1K-$3K,2595,Per-aircraft/year,Head of Maintenance/CAMO,6-12 months,0,1,1,1,0,1,0,1,0,0,1,1,0,0,0,8,3,Airbus wide (A330/A350/A380),Industry event,2,4,2,3,2,0,1,1,0,0,1,1,0,Very satisfied,3,1,1,1,1,1,1,1,0,3x in 12 months,Unscheduled maintenance reduction
UAE-1834,Defence_Govt,Warm,C-Suite,Defence/government,200+,11-20 years,Dubai,Condition-based,0,$500K-$2M,1299749,1,1,0,0,0,0,1,0,1,0,0,0,0,1,0,6,Cybersecurity,0,1,0,0,0,1,0,0,On-premise,>$20K,24411,Hardware lease + software,Joint committee,6-12 months,1,1,1,0,0,0,1,0,1,1,0,1,0,0,0,4,5,Business jet/helicopter,LinkedIn/social media,3,4,2,4,3,0,0,0,1,0,1,0,0,Dissatisfied - poor support,4,1,1,1,0,1,1,1,0,3x in 12 months,Cost saved per aircraft/yr
UAE-1835,Defence_Govt,Exploring,Fleet/Maintenance Manager,Defence/government,11-30,11-20 years,Dubai,Scheduled/calendar,0,$500K-$2M,1293047,0,1,0,1,1,0,1,0,0,1,0,0,0,0,0,4,Cybersecurity,1,1,0,1,0,0,0,0,On-premise,$1K-$3K,1957,Pay-per-insight,C-Suite,6-12 months,1,0,0,0,0,1,1,0,0,0,0,1,0,0,0,6,4,Business jet/helicopter,Word of mouth,2,3,2,4,3,0,0,1,0,0,0,0,0,Dissatisfied - hard to integrate,2,1,1,0,1,0,1,1,0,2x,Cost saved per aircraft/yr
UAE-1836,Defence_Govt,Exploring,Fleet/Maintenance Manager,Low-cost carrier,11-30,6-10 years,Sharjah/Northern Emirates,Predictive (some AI),0,$2M-$10M,6690502,1,0,1,0,1,0,1,0,0,1,0,0,1,1,0,5,No barriers,0,0,0,1,1,0,1,0,On-premise,<$1K,570,Per-aircraft/year,IT/Digital lead,3-6 months,1,1,0,0,0,0,0,0,1,1,0,1,0,0,0,5,3,Airbus narrow (A320),Email invite,2,4,2,2,4,0,1,0,0,0,0,0,1,Dissatisfied - hard to integrate,2,0,0,1,0,1,1,1,0,5x+,Unscheduled maintenance reduction
UAE-1837,Defence_Govt,Warm,IT/Digital Lead,Defence/government,200+,20+ years,Sharjah/Northern Emirates,Condition-based,1-2,>$50M,76942924,1,1,1,1,1,0,1,1,1,0,0,0,0,0,0,8,High upfront cost,1,1,1,0,0,0,0,0,On-premise,$3K-$8K,3178,Per-aircraft/year,C-Suite,3-6 months,1,0,0,1,1,1,0,0,1,1,1,0,0,0,0,4,5,Regional/turboprop,Aviation publication,2,4,3,4,3,1,0,1,0,0,0,1,0,Satisfied but expensive,2,1,1,1,0,1,1,1,0,2x,Cost saved per aircraft/yr
UAE-1838,Defence_Govt,Hot,Director/VP Operations,Defence/government,11-30,11-20 years,Dubai,Scheduled/calendar,3-5,$10M-$50M,23702821,0,0,1,0,0,1,0,1,0,0,0,1,0,0,0,4,Cybersecurity,1,0,1,0,0,1,0,0,On-premise,$8K-$20K,10145,Pay-per-insight,Joint committee,3-6 months,1,1,0,0,1,1,0,0,1,1,1,0,0,0,0,3,8,Business jet/helicopter,Industry event,2,4,3,3,3,0,0,0,0,0,0,1,0,Dissatisfied - poor accuracy,2,1,0,0,1,1,1,1,0,3x in 12 months,Cost saved per aircraft/yr
UAE-1839,Defence_Govt,Warm,Fleet/Maintenance Manager,Defence/government,11-30,2-5 years,Sharjah/Northern Emirates,Condition-based,1-2,$2M-$10M,5945154,1,0,1,1,0,0,0,0,0,1,1,0,1,0,0,8,Regulatory concerns,0,0,1,0,0,0,1,1,On-premise,>$20K,35371,Per-aircraft/year,C-Suite,6-12 months,1,1,1,0,1,1,0,0,1,0,0,0,1,1,0,4,7,Regional/turboprop,LinkedIn/social media,5,5,5,5,5,0,0,0,1,0,0,0,0,Very satisfied,1,1,0,0,0,1,0,0,0,5x+,AOG reduction %
UAE-1840,Defence_Govt,Exploring,MRO Engineer/Technician,Defence/government,11-30,20+ years,Outside GCC,Condition-based,3-5,<$500K,283801,1,0,1,1,0,1,1,1,1,1,0,0,0,1,0,4,Cybersecurity,1,1,0,1,0,0,0,0,On-premise,$3K-$8K,4215,Hardware lease + software,C-Suite,3-6 months,1,0,1,1,1,1,1,1,0,0,1,0,0,0,0,5,1,Business jet/helicopter,LinkedIn/social media,2,4,2,5,3,0,0,0,0,1,0,0,0,Very satisfied,3,1,0,1,1,1,1,1,0,ROI not primary,AOG reduction %
UAE-1841,Defence_Govt,Exploring,MRO Engineer/Technician,Defence/government,1-10,11-20 years,Abu Dhabi,Reactive,3-5,$500K-$2M,941887,0,0,1,0,1,0,1,0,0,1,0,1,1,0,0,4,Regulatory concerns,1,1,0,0,0,1,0,0,On-premise,$3K-$8K,5018,Pay-per-insight,Head of Maintenance/CAMO,6-12 months,1,0,1,0,1,1,1,0,0,1,0,1,1,0,0,5,3,Business jet/helicopter,LinkedIn/social media,1,3,3,3,2,0,0,0,0,0,0,1,0,Satisfied but expensive,2,1,0,1,1,0,1,1,0,3x in 12 months,Dispatch reliability %
UAE-1842,Defence_Govt,Not Interested,Fleet/Maintenance Manager,Defence/government,1-10,11-20 years,Abu Dhabi,Scheduled/calendar,0,$2M-$10M,7050651,1,1,0,1,0,1,1,0,0,0,1,0,0,0,0,4,Legacy integration,1,1,1,0,0,0,0,0,On-premise,>$20K,54401,Fixed monthly SaaS,Head of Maintenance/CAMO,1-3 months,1,1,0,0,0,1,0,0,1,0,1,1,0,0,0,6,1,Boeing wide (B777/B787),Word of mouth,3,5,3,4,3,0,1,0,0,0,0,0,0,Dissatisfied - poor support,4,1,1,0,1,1,1,1,0,3x in 12 months,Dispatch reliability %
UAE-1843,Defence_Govt,Exploring,MRO Engineer/Technician,Defence/government,11-30,6-10 years,Dubai,Reactive,0,$2M-$10M,6715210,0,1,1,0,0,0,0,1,1,0,0,0,0,0,0,1,Legacy integration,0,0,1,0,0,0,1,0,On-premise,>$20K,22688,Per-aircraft/year,C-Suite,>12 months,1,1,1,1,0,1,1,1,1,0,0,0,1,1,0,7,2,Boeing narrow (B737),LinkedIn/social media,2,3,2,3,3,0,1,0,0,0,0,0,0,Dissatisfied - poor support,3,1,0,1,1,1,1,1,0,3x in 12 months,Dispatch reliability %
UAE-1844,Defence_Govt,Warm,MRO Engineer/Technician,Defence/government,200+,20+ years,Abu Dhabi,Predictive (some AI),1-2,$10M-$50M,28806492,1,1,0,1,1,0,1,0,0,0,0,0,0,1,0,6,Legacy integration,1,0,1,1,0,0,0,0,On-premise,$1K-$3K,1514,Hardware lease + software,Joint committee,3-6 months,0,1,1,1,0,0,1,0,0,1,0,1,1,0,0,6,5,Boeing wide (B777/B787),LinkedIn/social media,2,4,1,3,3,1,1,0,0,0,0,0,0,Dissatisfied - hard to integrate,2,1,1,1,1,1,1,1,0,3x in 12 months,AOG reduction %
UAE-1845,Defence_Govt,Exploring,Director/VP Operations,Charter/private aviation,11-30,20+ years,Dubai,Predictive (some AI),0,$500K-$2M,1683426,1,1,0,1,0,0,0,0,0,0,1,0,1,1,0,4,Lack data expertise,0,1,0,0,1,0,0,0,No preference,$3K-$8K,6111,Per-aircraft/year,Head of Maintenance/CAMO,3-6 months,1,1,0,0,1,0,1,0,1,0,1,1,0,0,0,3,3,Airbus wide (A330/A350/A380),Industry event,2,3,2,4,3,0,0,0,1,0,1,0,0,Dissatisfied - hard to integrate,2,1,1,1,1,1,1,1,0,3x in 12 months,Cost saved per aircraft/yr
UAE-1846,Defence_Govt,Hot,Fleet/Maintenance Manager,Low-cost carrier,81-200,6-10 years,Abu Dhabi,Scheduled/calendar,3-5,$10M-$50M,27161152,1,1,1,0,0,0,0,0,0,0,0,0,0,1,0,8,Cybersecurity,1,1,1,0,0,0,0,0,On-premise,>$20K,38439,Per-aircraft/year,Head of Maintenance/CAMO,>12 months,1,1,1,1,0,1,0,0,0,0,0,0,1,1,0,3,9,Regional/turboprop,Aviation publication,3,4,1,3,3,0,0,1,0,0,0,1,0,Dissatisfied - poor support,4,1,0,1,1,1,1,1,0,1.5x,Cost saved per aircraft/yr
UAE-1847,Defence_Govt,Not Interested,IT/Digital Lead,Defence/government,11-30,11-20 years,Dubai,Scheduled/calendar,1-2,$10M-$50M,26318396,1,0,1,0,0,0,0,1,0,0,0,0,1,0,1,2,Legacy integration,1,1,1,0,0,0,0,0,On-premise,$3K-$8K,5006,Outcome-based,C-Suite,3-6 months,1,1,0,0,0,0,1,0,1,1,0,0,1,0,0,9,1,Boeing wide (B777/B787),Aviation publication,2,4,2,4,2,0,0,0,0,0,1,0,0,Dissatisfied - poor accuracy,2,1,1,1,1,1,1,1,0,2x,AOG reduction %
UAE-1848,Defence_Govt,Warm,Fleet/Maintenance Manager,Defence/government,11-30,11-20 years,Other GCC,Reactive,1-2,$500K-$2M,1474097,1,0,1,0,1,0,1,0,1,1,0,0,1,0,0,5,No barriers,1,1,1,0,0,0,0,0,Hybrid,<$1K,632,Fixed monthly SaaS,Procurement/Finance,>12 months,1,0,1,1,1,0,1,0,0,1,1,0,1,0,0,3,7,Business jet/helicopter,Email invite,2,3,2,4,3,1,0,0,1,0,0,1,0,Dissatisfied - poor accuracy,4,1,1,1,1,1,1,1,0,1.5x,Component lifespan extension
UAE-1849,Defence_Govt,Hot,Fleet/Maintenance Manager,Charter/private aviation,31-80,2-5 years,Dubai,Condition-based,0,$2M-$10M,7292166,0,1,0,1,1,0,0,0,0,1,0,0,0,1,0,5,High upfront cost,0,1,1,0,0,0,0,0,Hybrid,$8K-$20K,10834,Hardware lease + software,IT/Digital lead,6-12 months,1,1,0,1,0,1,1,0,1,0,0,1,1,0,0,1,7,Business jet/helicopter,LinkedIn/social media,3,4,2,3,4,1,0,0,0,0,0,1,0,No platform,5,1,1,1,1,0,1,1,0,2x,AOG reduction %
UAE-1850,Defence_Govt,Hot,IT/Digital Lead,Defence/government,31-80,2-5 years,Abu Dhabi,Full predictive + digital twin,1-2,$10M-$50M,31167229,1,1,0,1,1,0,1,0,0,1,0,0,1,1,0,3,Cybersecurity,1,1,1,0,0,0,0,0,On-premise,$8K-$20K,14749,Per-aircraft/year,Head of Maintenance/CAMO,>12 months,0,0,1,0,1,1,0,0,0,1,1,0,1,0,0,4,8,Business jet/helicopter,Word of mouth,3,4,1,3,3,0,1,0,0,1,0,0,0,Dissatisfied - poor accuracy,4,1,1,1,1,1,1,0,0,2x,AOG reduction %
UAE-1851,Defence_Govt,Hot,Fleet/Maintenance Manager,Defence/government,81-200,6-10 years,Outside GCC,Condition-based,1-2,$2M-$10M,5310704,1,0,0,1,0,1,0,0,0,0,0,0,0,0,1,8,Cybersecurity,1,1,0,0,0,0,0,0,On-premise,$8K-$20K,14765,Hardware lease + software,Procurement/Finance,6-12 months,1,1,0,1,0,1,1,0,1,0,0,0,1,0,0,5,8,Regional/turboprop,Industry event,1,4,3,4,2,1,0,0,0,0,0,0,0,No platform,1,1,0,0,0,1,1,1,0,2x,Cost saved per aircraft/yr
UAE-1852,Defence_Govt,Not Interested,Fleet/Maintenance Manager,Independent MRO,200+,11-20 years,Sharjah/Northern Emirates,Scheduled/calendar,0,$10M-$50M,25711640,1,0,0,1,1,1,0,0,0,1,0,0,0,1,0,6,Cybersecurity,1,0,1,1,0,0,0,0,Hybrid,>$20K,26350,Hardware lease + software,IT/Digital lead,3-6 months,1,0,0,0,0,0,0,1,0,0,0,1,1,0,0,7,1,Regional/turboprop,Industry event,2,5,1,4,3,1,1,1,0,1,0,1,0,Satisfied but expensive,4,1,1,1,1,1,1,1,0,1.5x,Component lifespan extension
UAE-1853,Defence_Govt,Not Interested,C-Suite,Independent MRO,31-80,20+ years,Dubai,Scheduled/calendar,1-2,$2M-$10M,7424357,1,0,1,0,1,1,0,0,0,1,1,0,0,0,0,4,Legacy integration,0,0,0,1,0,0,0,0,On-premise,$3K-$8K,5188,Per-aircraft/year,Head of Maintenance/CAMO,6-12 months,1,1,1,0,0,1,1,1,0,1,0,0,1,1,0,8,1,Airbus narrow (A320),Industry event,2,2,2,2,2,1,0,1,1,0,1,0,0,Dissatisfied - poor accuracy,1,1,1,0,1,0,1,1,0,ROI not primary,Dispatch reliability %
UAE-1854,Defence_Govt,Exploring,MRO Engineer/Technician,Defence/government,11-30,20+ years,Dubai,Condition-based,3-5,<$500K,278893,0,1,0,0,0,1,0,1,1,1,1,0,1,1,1,3,Legacy integration,1,1,1,0,0,0,0,0,On-premise,$8K-$20K,12853,Pay-per-insight,IT/Digital lead,>12 months,0,0,1,0,0,1,0,0,1,0,1,1,0,0,0,7,3,Regional/turboprop,Aviation publication,3,4,2,2,2,0,1,0,0,0,0,0,0,No platform,3,1,1,0,1,1,1,1,0,Strategic value,Cost saved per aircraft/yr
UAE-1855,Defence_Govt,Not Interested,MRO Engineer/Technician,Charter/private aviation,1-10,11-20 years,Dubai,Scheduled/calendar,0,$500K-$2M,1122120,1,1,1,0,0,1,1,0,1,0,0,0,0,1,0,5,Regulatory concerns,1,1,0,1,0,0,0,0,On-premise,$1K-$3K,2844,Outcome-based,IT/Digital lead,6-12 months,0,1,0,1,1,0,1,0,1,0,1,1,0,0,0,8,3,Regional/turboprop,Email invite,3,3,2,5,2,0,0,0,0,0,1,0,0,Dissatisfied - poor accuracy,1,0,1,1,1,1,0,1,0,3x in 12 months,Unscheduled maintenance reduction
UAE-1856,Defence_Govt,Not Interested,MRO Engineer/Technician,Defence/government,31-80,11-20 years,Dubai,Scheduled/calendar,6-10,$10M-$50M,24896125,1,1,0,0,1,0,0,1,0,1,0,0,1,0,0,4,Legacy integration,0,0,0,0,0,1,0,1,On-premise,>$20K,22942,Per-aircraft/year,Procurement/Finance,>12 months,0,0,1,1,0,0,1,0,0,1,1,0,1,0,0,10,2,Airbus wide (A330/A350/A380),LinkedIn/social media,3,4,1,2,2,1,1,0,0,0,0,0,1,No platform,3,1,1,1,1,0,1,1,0,Strategic value,Component lifespan extension
UAE-1857,Defence_Govt,Exploring,MRO Engineer/Technician,Aircraft leasing,1-10,2-5 years,Sharjah/Northern Emirates,Full predictive + digital twin,6-10,$2M-$10M,6467894,1,0,1,0,1,1,0,1,0,1,0,0,0,0,0,5,Cybersecurity,1,0,0,1,1,0,0,0,On-premise,$8K-$20K,10248,Per-aircraft/year,Joint committee,>12 months,1,1,0,0,0,0,0,1,1,0,1,0,0,1,0,6,3,Regional/turboprop,Word of mouth,3,4,1,4,4,0,0,0,0,0,0,0,1,Very satisfied,3,1,1,1,1,1,1,1,0,5x+,Dispatch reliability %
UAE-1858,Defence_Govt,Hot,MRO Engineer/Technician,Low-cost carrier,31-80,20+ years,Dubai,Condition-based,1-2,$10M-$50M,29267246,1,1,1,0,0,0,1,0,0,1,0,0,0,1,0,6,No barriers,1,0,0,0,0,0,0,1,On-premise,$1K-$3K,1924,Outcome-based,C-Suite,1-3 months,0,0,1,0,1,0,1,0,1,0,1,0,1,0,0,2,8,Boeing narrow (B737),Word of mouth,2,2,2,3,2,1,0,0,0,0,1,0,0,No platform,1,1,1,1,0,1,1,0,1,2x,Audit pass rate
UAE-1859,Defence_Govt,Not Interested,MRO Engineer/Technician,Charter/private aviation,81-200,2-5 years,Abu Dhabi,Predictive (some AI),3-5,$10M-$50M,31303848,0,1,1,0,0,0,0,1,0,0,0,1,0,0,0,3,Legacy integration,1,0,0,1,1,0,0,0,On-premise,$1K-$3K,1949,Per-aircraft/year,C-Suite,6-12 months,0,0,1,0,1,1,0,1,1,1,1,0,0,0,0,10,2,Business jet/helicopter,Email invite,2,3,2,2,1,0,1,0,0,0,0,0,0,Dissatisfied - poor accuracy,3,1,0,1,0,1,1,1,0,2x,Dispatch reliability %
UAE-1860,Defence_Govt,Warm,MRO Engineer/Technician,Defence/government,11-30,20+ years,Sharjah/Northern Emirates,Scheduled/calendar,3-5,$10M-$50M,31444210,1,1,0,1,0,1,0,1,0,1,0,0,0,0,0,7,High upfront cost,1,1,1,0,0,0,0,0,On-premise,$8K-$20K,14662,Fixed monthly SaaS,C-Suite,>12 months,1,0,0,0,0,0,1,1,1,1,0,0,1,0,0,4,5,Boeing narrow (B737),Word of mouth,3,5,2,2,2,0,0,0,1,1,0,0,0,No platform,1,1,0,1,1,0,0,1,0,2x,Cost saved per aircraft/yr
UAE-1861,Defence_Govt,Exploring,C-Suite,Defence/government,31-80,20+ years,Outside GCC,Predictive (some AI),1-2,$2M-$10M,6182338,1,0,1,1,1,0,1,1,1,0,0,0,0,1,0,1,Cybersecurity,1,1,0,0,1,0,0,0,On-premise,$8K-$20K,15106,Outcome-based,IT/Digital lead,6-12 months,1,0,1,1,0,1,1,0,1,1,1,0,0,0,0,7,2,Boeing narrow (B737),Email invite,2,4,2,4,3,1,0,1,1,0,0,0,0,No platform,4,0,1,1,1,1,1,1,0,2x,AOG reduction %
UAE-1862,Defence_Govt,Exploring,C-Suite,Defence/government,81-200,11-20 years,Abu Dhabi,Condition-based,3-5,$10M-$50M,28554737,0,1,1,0,1,0,0,1,1,1,1,0,1,0,0,3,Legacy integration,1,1,1,0,0,0,0,0,Hybrid,>$20K,22640,Hardware lease + software,IT/Digital lead,6-12 months,0,0,1,0,1,0,1,1,1,0,1,0,1,0,0,7,4,Business jet/helicopter,Industry event,3,4,1,2,2,0,0,0,0,0,0,1,0,Satisfied but expensive,1,1,0,1,1,0,1,1,0,3x in 12 months,Cost saved per aircraft/yr
UAE-1863,Defence_Govt,Exploring,Procurement/Finance,Independent MRO,1-10,6-10 years,Abu Dhabi,Full predictive + digital twin,0,<$500K,234236,0,1,1,0,0,0,1,1,0,0,0,0,0,1,0,5,Lack data expertise,1,1,1,0,0,0,0,0,On-premise,<$1K,607,Hardware lease + software,Head of Maintenance/CAMO,6-12 months,0,1,0,1,1,0,0,0,1,1,1,0,0,0,0,6,4,Boeing wide (B777/B787),Aviation publication,2,4,2,4,3,0,0,0,0,0,0,1,1,Dissatisfied - poor accuracy,1,1,1,1,1,1,1,1,0,1.5x,Cost saved per aircraft/yr
UAE-1864,Defence_Govt,Warm,MRO Engineer/Technician,Defence/government,81-200,6-10 years,Dubai,Condition-based,3-5,$10M-$50M,29313547,1,1,0,1,0,0,0,1,1,0,0,0,1,0,0,8,Cybersecurity,1,1,0,0,0,0,0,0,Hybrid,$8K-$20K,12895,Per-aircraft/year,Head of Maintenance/CAMO,6-12 months,1,0,0,0,0,0,1,1,1,1,1,0,0,0,0,6,6,Regional/turboprop,LinkedIn/social media,3,3,1,4,3,0,1,0,0,0,0,1,0,Satisfied but expensive,2,1,0,0,1,1,1,1,0,3x in 12 months,AOG reduction %
UAE-1865,Defence_Govt,Exploring,Fleet/Maintenance Manager,Charter/private aviation,200+,11-20 years,Abu Dhabi,Scheduled/calendar,3-5,>$50M,61190352,1,0,0,1,0,0,1,1,0,1,1,1,0,0,0,4,High upfront cost,0,0,1,0,1,0,0,0,On-premise,>$20K,34336,Fixed monthly SaaS,Joint committee,>12 months,1,1,1,1,0,1,0,0,0,1,1,0,1,0,0,9,4,Regional/turboprop,LinkedIn/social media,3,3,3,3,3,0,0,1,0,0,0,0,0,No platform,1,0,1,1,0,1,1,1,0,2x,AOG reduction %
UAE-1866,Defence_Govt,Exploring,Director/VP Operations,Defence/government,31-80,11-20 years,Dubai,Scheduled/calendar,6-10,$2M-$10M,6052419,1,1,1,1,0,0,1,0,0,0,1,1,0,0,0,6,Cybersecurity,1,0,1,1,0,0,0,0,On-premise,>$20K,27248,Fixed monthly SaaS,C-Suite,>12 months,1,0,1,0,1,1,1,1,0,1,0,1,1,0,0,4,2,Airbus narrow (A320),LinkedIn/social media,2,4,3,2,4,0,0,1,0,0,0,0,1,Satisfied but expensive,1,1,1,1,0,1,1,1,0,Strategic value,Audit pass rate
UAE-1867,Defence_Govt,Warm,IT/Digital Lead,Independent MRO,11-30,6-10 years,Dubai,Predictive (some AI),3-5,$500K-$2M,1687153,1,1,1,1,0,0,1,0,0,0,1,0,0,0,0,9,Cybersecurity,1,0,1,1,0,0,0,0,On-premise,$8K-$20K,14355,Pay-per-insight,IT/Digital lead,3-6 months,1,1,1,1,0,1,0,1,1,0,1,1,0,0,0,2,6,Business jet/helicopter,Email invite,2,3,2,3,2,0,1,1,0,0,0,0,1,Dissatisfied - poor accuracy,2,1,0,1,1,1,1,1,0,3x in 12 months,Audit pass rate
UAE-1868,Defence_Govt,Not Interested,Fleet/Maintenance Manager,Independent MRO,31-80,20+ years,Dubai,Scheduled/calendar,3-5,$10M-$50M,27412910,0,1,0,1,0,0,0,0,1,0,1,0,0,0,0,6,High upfront cost,1,0,0,1,0,0,1,0,On-premise,$3K-$8K,4969,Pay-per-insight,C-Suite,6-12 months,1,0,1,1,1,1,0,0,1,1,1,0,0,0,0,8,2,Regional/turboprop,Email invite,3,4,3,3,3,1,0,0,0,0,1,0,0,Dissatisfied - hard to integrate,2,1,0,1,1,1,1,1,0,3x in 12 months,Dispatch reliability %
UAE-1869,Defence_Govt,Warm,Director/VP Operations,Defence/government,11-30,20+ years,Abu Dhabi,Condition-based,3-5,$500K-$2M,1224046,0,1,1,0,0,0,0,0,0,0,0,0,0,1,0,5,High upfront cost,0,0,0,0,0,0,1,0,On-premise,<$1K,494,Hardware lease + software,Procurement/Finance,6-12 months,0,1,1,1,1,0,0,0,0,0,1,1,1,0,0,5,7,Business jet/helicopter,LinkedIn/social media,3,4,2,3,3,0,0,0,0,0,0,1,0,No platform,2,0,1,0,1,1,1,1,0,2x,Cost saved per aircraft/yr
UAE-1870,Defence_Govt,Warm,MRO Engineer/Technician,Defence/government,11-30,11-20 years,Dubai,Predictive (some AI),3-5,$2M-$10M,6162504,1,0,1,0,1,0,0,0,0,1,1,1,0,0,0,8,Cybersecurity,1,0,1,0,0,0,0,1,Hybrid,$3K-$8K,4797,Fixed monthly SaaS,Joint committee,>12 months,1,1,0,1,1,0,0,1,0,1,1,1,0,0,0,5,6,Boeing wide (B777/B787),LinkedIn/social media,4,4,2,3,2,0,1,1,0,1,0,0,0,Dissatisfied - poor support,1,1,0,1,0,1,1,1,0,3x in 12 months,Dispatch reliability %
UAE-1871,Defence_Govt,Not Interested,IT/Digital Lead,Defence/government,31-80,11-20 years,Abu Dhabi,Scheduled/calendar,6-10,$10M-$50M,33962119,0,0,0,0,1,0,1,0,0,0,0,0,1,1,0,3,Regulatory concerns,0,0,0,0,1,0,1,0,On-premise,$8K-$20K,8404,Pay-per-insight,Head of Maintenance/CAMO,6-12 months,0,0,1,1,0,1,1,0,0,1,0,1,1,0,0,7,1,Business jet/helicopter,Word of mouth,3,5,3,4,2,0,0,0,0,0,1,0,0,Very satisfied,2,1,1,1,1,1,1,1,0,2x,Dispatch reliability %
UAE-1872,Defence_Govt,Warm,C-Suite,Charter/private aviation,1-10,11-20 years,Dubai,Reactive,1-2,$2M-$10M,5060007,1,0,0,0,1,1,1,0,1,0,1,1,0,0,0,6,Legacy integration,1,1,0,1,0,0,0,0,On-premise,$3K-$8K,4582,Pay-per-insight,C-Suite,>12 months,1,1,0,0,1,1,0,0,1,0,0,1,1,0,0,3,8,Airbus narrow (A320),Word of mouth,1,5,3,4,2,0,0,0,0,0,0,1,0,Dissatisfied - poor accuracy,1,1,1,1,1,1,1,1,0,2x,Cost saved per aircraft/yr
UAE-1873,Defence_Govt,Exploring,Procurement/Finance,Defence/government,11-30,20+ years,Dubai,Scheduled/calendar,0,$2M-$10M,5506436,1,1,1,1,1,0,0,1,0,0,1,0,0,1,0,5,Legacy integration,1,1,0,1,0,0,0,0,On-premise,$3K-$8K,5503,Per-aircraft/year,Joint committee,6-12 months,1,0,1,0,0,1,1,0,1,1,1,0,0,0,0,4,5,Business jet/helicopter,LinkedIn/social media,4,4,2,2,3,1,1,0,0,0,1,0,0,Satisfied but expensive,3,1,1,1,1,1,1,1,0,2x,Cost saved per aircraft/yr
UAE-1874,Defence_Govt,Exploring,C-Suite,Independent MRO,31-80,20+ years,Outside GCC,Condition-based,3-5,$500K-$2M,1316535,0,0,1,0,0,0,0,0,0,0,1,1,0,0,0,3,Lack data expertise,0,1,1,0,1,0,0,0,On-premise,$1K-$3K,1901,Hardware lease + software,Head of Maintenance/CAMO,3-6 months,1,1,1,0,0,0,1,1,0,0,0,1,1,1,0,5,4,Boeing narrow (B737),LinkedIn/social media,3,2,2,3,2,1,1,0,0,0,0,0,0,Dissatisfied - poor accuracy,1,1,0,0,1,1,0,0,0,ROI not primary,Dispatch reliability %
UAE-1875,Defence_Govt,Not Interested,Fleet/Maintenance Manager,Defence/government,11-30,2-5 years,Dubai,Predictive (some AI),0,$2M-$10M,5594645,1,0,1,0,0,0,0,0,1,0,0,0,0,0,0,3,Legacy integration,1,1,0,0,0,1,0,0,On-premise,$1K-$3K,2002,Outcome-based,Head of Maintenance/CAMO,>12 months,1,1,1,0,1,1,0,1,1,1,0,1,0,0,0,8,1,Airbus wide (A330/A350/A380),LinkedIn/social media,3,4,3,2,2,1,1,0,0,0,0,0,1,Dissatisfied - hard to integrate,2,1,1,1,1,1,1,1,0,3x in 12 months,Component lifespan extension
UAE-1876,Defence_Govt,Hot,IT/Digital Lead,Defence/government,31-80,11-20 years,Sharjah/Northern Emirates,Predictive (some AI),6-10,$500K-$2M,1327479,1,1,0,0,1,1,0,1,1,1,0,0,0,0,0,4,Cybersecurity,1,1,0,1,0,0,0,0,No preference,>$20K,23821,Fixed monthly SaaS,Joint committee,>12 months,0,0,0,1,0,1,0,0,1,0,0,1,0,0,0,4,7,Business jet/helicopter,Word of mouth,3,3,1,4,4,0,0,0,0,0,0,1,0,Dissatisfied - hard to integrate,3,1,1,1,1,0,1,1,0,2x,AOG reduction %
UAE-1877,Defence_Govt,Warm,Procurement/Finance,Defence/government,81-200,6-10 years,Abu Dhabi,Scheduled/calendar,0,$500K-$2M,1486330,1,1,0,0,0,0,1,0,0,0,1,0,0,0,0,9,Lack data expertise,1,0,0,1,1,0,0,0,On-premise,$3K-$8K,4587,Fixed monthly SaaS,Head of Maintenance/CAMO,3-6 months,0,1,0,1,1,0,0,0,1,1,0,1,0,0,0,6,4,Business jet/helicopter,Email invite,3,4,3,4,3,0,0,0,0,0,0,1,0,Satisfied but expensive,2,1,1,1,0,1,1,1,0,ROI not primary,AOG reduction %
UAE-1878,Defence_Govt,Not Interested,Fleet/Maintenance Manager,Defence/government,1-10,6-10 years,Other GCC,Full predictive + digital twin,1-2,<$500K,269063,1,1,1,0,0,0,0,0,1,1,0,1,0,1,0,4,Legacy integration,1,0,1,1,0,0,0,0,Hybrid,<$1K,494,Per-aircraft/year,IT/Digital lead,6-12 months,1,1,0,1,1,1,1,0,1,0,1,1,0,0,0,10,4,Airbus narrow (A320),Email invite,2,4,2,2,3,0,0,0,0,1,0,0,0,Dissatisfied - hard to integrate,4,1,1,1,1,1,1,1,0,ROI not primary,Cost saved per aircraft/yr
UAE-1879,Defence_Govt,Not Interested,IT/Digital Lead,Independent MRO,31-80,11-20 years,Dubai,Condition-based,1-2,>$50M,66565021,1,1,1,0,1,0,1,0,0,0,1,0,1,0,0,7,Cybersecurity,1,1,0,0,0,1,0,0,On-premise,$8K-$20K,16953,Pay-per-insight,Head of Maintenance/CAMO,6-12 months,0,1,1,0,0,1,0,0,1,0,1,0,1,0,0,8,2,Regional/turboprop,Industry event,2,4,3,3,4,0,0,0,0,0,1,0,0,Dissatisfied - poor accuracy,1,1,0,1,0,1,1,1,0,Strategic value,Cost saved per aircraft/yr
UAE-1880,Defence_Govt,Exploring,Fleet/Maintenance Manager,Charter/private aviation,81-200,11-20 years,Dubai,Scheduled/calendar,1-2,$10M-$50M,24608287,0,0,0,1,1,1,0,0,1,1,1,0,1,0,0,6,Legacy integration,1,1,0,1,0,0,0,0,No preference,$8K-$20K,13970,Per-aircraft/year,Head of Maintenance/CAMO,3-6 months,1,1,1,0,1,1,0,0,0,1,0,1,1,0,0,5,6,Boeing narrow (B737),Word of mouth,3,4,2,3,3,0,0,1,0,1,0,1,0,No platform,3,0,1,1,1,1,1,1,0,1.5x,Unscheduled maintenance reduction
UAE-1881,Defence_Govt,Not Interested,MRO Engineer/Technician,Defence/government,81-200,20+ years,Sharjah/Northern Emirates,Scheduled/calendar,1-2,>$50M,69279559,1,0,1,0,0,1,0,1,1,1,1,0,0,1,0,4,Legacy integration,1,1,0,0,1,0,0,0,Hybrid,$8K-$20K,14673,Per-aircraft/year,Head of Maintenance/CAMO,6-12 months,1,0,1,1,0,0,0,0,1,1,1,0,0,0,0,9,2,Business jet/helicopter,LinkedIn/social media,1,4,1,4,3,0,1,0,1,0,0,0,0,Satisfied but expensive,2,1,1,1,1,1,1,1,0,1.5x,AOG reduction %
UAE-1882,Defence_Govt,Not Interested,Director/VP Operations,Defence/government,200+,11-20 years,Other GCC,Scheduled/calendar,3-5,$10M-$50M,28793428,1,0,0,1,0,1,1,0,0,0,0,0,0,1,1,4,Cybersecurity,1,0,1,1,0,0,0,0,Full cloud (SaaS),$8K-$20K,14526,Hardware lease + software,Head of Maintenance/CAMO,3-6 months,1,0,0,1,0,1,1,0,0,1,0,1,1,0,0,7,1,Business jet/helicopter,Email invite,1,5,2,3,4,1,1,1,0,0,0,0,0,Satisfied but expensive,1,1,0,1,0,1,0,0,0,1.5x,Cost saved per aircraft/yr
UAE-1883,Defence_Govt,Exploring,Fleet/Maintenance Manager,Defence/government,11-30,11-20 years,Abu Dhabi,Condition-based,6-10,$500K-$2M,924569,1,1,1,0,1,1,0,1,0,1,0,0,0,1,1,4,Cybersecurity,1,0,0,1,0,0,0,0,Full cloud (SaaS),$3K-$8K,5790,Per-aircraft/year,Procurement/Finance,3-6 months,1,1,0,1,0,1,0,0,0,0,0,1,1,1,0,3,4,Business jet/helicopter,Aviation publication,2,3,2,1,2,1,0,0,0,0,0,0,1,No platform,1,0,1,1,1,1,1,1,0,2x,Component lifespan extension
UAE-1884,Defence_Govt,Not Interested,MRO Engineer/Technician,Defence/government,1-10,6-10 years,Abu Dhabi,Condition-based,3-5,$500K-$2M,1354456,1,0,1,0,1,1,0,0,1,0,0,1,0,0,0,4,Cybersecurity,1,1,0,0,1,0,0,0,On-premise,$3K-$8K,6132,Fixed monthly SaaS,C-Suite,1-3 months,1,1,0,0,1,1,1,0,1,0,0,0,1,1,0,4,1,Airbus narrow (A320),LinkedIn/social media,3,4,3,2,3,1,0,0,0,0,0,0,0,Dissatisfied - poor accuracy,1,1,1,1,1,1,0,1,0,5x+,Cost saved per aircraft/yr
UAE-1885,Defence_Govt,Warm,MRO Engineer/Technician,Defence/government,1-10,6-10 years,Outside GCC,Scheduled/calendar,1-2,<$500K,222392,1,1,0,0,0,0,0,1,0,0,0,0,0,1,0,8,Cybersecurity,1,0,1,0,0,1,0,0,Hybrid,<$1K,604,Per-aircraft/year,Procurement/Finance,3-6 months,0,1,1,0,0,1,1,0,1,1,0,1,0,0,0,6,9,Business jet/helicopter,LinkedIn/social media,3,3,2,3,4,1,1,0,0,0,0,1,0,Satisfied but expensive,4,0,1,1,1,1,1,1,0,5x+,Cost saved per aircraft/yr
UAE-1886,Defence_Govt,Not Interested,Fleet/Maintenance Manager,Defence/government,11-30,11-20 years,Dubai,Scheduled/calendar,1-2,$500K-$2M,1214584,0,0,1,1,1,0,0,1,0,1,1,0,1,1,0,5,Lack data expertise,1,1,0,0,0,0,0,0,On-premise,$1K-$3K,1556,Hardware lease + software,IT/Digital lead,>12 months,0,0,1,1,0,1,0,0,1,0,0,0,1,0,0,8,1,Boeing narrow (B737),LinkedIn/social media,1,4,3,4,3,1,0,1,1,0,0,0,0,Dissatisfied - poor accuracy,1,0,0,1,1,1,1,1,0,3x in 12 months,Cost saved per aircraft/yr
UAE-1887,Defence_Govt,Warm,C-Suite,Independent MRO,1-10,<2 years,Abu Dhabi,Scheduled/calendar,3-5,$500K-$2M,1032247,1,0,1,0,0,0,0,1,1,1,1,1,0,1,0,5,Cybersecurity,1,1,1,0,0,0,0,0,On-premise,$8K-$20K,13411,Hardware lease + software,Joint committee,6-12 months,0,1,0,1,1,1,1,0,0,1,0,0,1,0,0,6,7,Boeing wide (B777/B787),LinkedIn/social media,1,3,1,1,3,0,1,0,0,0,1,0,1,Dissatisfied - hard to integrate,2,1,1,1,1,1,1,1,0,3x in 12 months,Unscheduled maintenance reduction
UAE-1888,Defence_Govt,Exploring,Fleet/Maintenance Manager,Charter/private aviation,1-10,6-10 years,Sharjah/Northern Emirates,Scheduled/calendar,1-2,$2M-$10M,5898171,1,1,1,0,0,0,0,1,0,0,0,0,1,1,1,6,Regulatory concerns,1,0,0,1,0,1,0,0,On-premise,$1K-$3K,2031,Pay-per-insight,Joint committee,>12 months,1,0,0,0,0,1,0,1,1,1,0,1,0,0,0,5,5,Airbus wide (A330/A350/A380),Email invite,3,4,2,3,3,0,1,0,0,0,1,0,0,Dissatisfied - poor support,2,0,1,1,1,0,0,1,0,Strategic value,Cost saved per aircraft/yr
UAE-1889,Defence_Govt,Warm,Procurement/Finance,Defence/government,1-10,2-5 years,Other GCC,Scheduled/calendar,3-5,$500K-$2M,1108789,1,1,1,0,0,1,0,1,1,1,1,0,0,1,0,6,No barriers,1,0,0,1,1,0,0,0,Full cloud (SaaS),$3K-$8K,6864,Hardware lease + software,Head of Maintenance/CAMO,6-12 months,1,1,1,1,1,1,1,0,1,1,1,0,0,0,0,8,8,Business jet/helicopter,Industry event,2,3,1,3,1,0,0,0,0,0,1,1,0,No platform,1,1,1,1,1,1,1,1,0,1.5x,Dispatch reliability %
UAE-1890,Defence_Govt,Exploring,Fleet/Maintenance Manager,Defence/government,200+,<2 years,Dubai,Condition-based,1-2,>$50M,90829867,1,1,1,1,1,0,0,0,0,0,1,0,0,0,0,5,High upfront cost,1,1,0,1,0,0,0,0,On-premise,$8K-$20K,12717,Per-aircraft/year,Joint committee,6-12 months,1,0,1,1,0,1,0,0,1,0,1,1,0,0,0,5,5,Boeing narrow (B737),Email invite,4,4,4,4,4,0,0,0,0,0,0,0,1,Dissatisfied - poor accuracy,2,1,1,1,0,1,1,1,0,1.5x,Component lifespan extension
UAE-1891,Defence_Govt,Not Interested,MRO Engineer/Technician,Independent MRO,31-80,20+ years,Outside GCC,Scheduled/calendar,1-2,$2M-$10M,5733665,1,0,0,0,0,1,0,1,1,0,0,0,0,0,0,2,Legacy integration,0,0,0,1,1,1,0,0,On-premise,>$20K,31256,Outcome-based,Head of Maintenance/CAMO,6-12 months,1,1,1,0,0,0,1,0,0,0,1,1,1,0,0,8,2,Boeing wide (B777/B787),Industry event,2,2,2,3,2,1,0,0,0,0,1,0,0,No platform,1,1,1,1,1,1,1,1,0,5x+,AOG reduction %
UAE-1892,Defence_Govt,Hot,C-Suite,Aircraft leasing,1-10,6-10 years,Dubai,Condition-based,1-2,<$500K,239675,1,0,0,0,0,0,0,0,0,0,0,1,1,1,0,8,No barriers,0,0,1,1,1,0,0,0,On-premise,$1K-$3K,1818,Fixed monthly SaaS,Procurement/Finance,>12 months,1,1,1,1,1,1,1,0,1,1,1,0,0,0,0,1,9,Boeing narrow (B737),Aviation publication,3,2,2,5,1,0,1,0,0,0,0,1,0,Dissatisfied - poor accuracy,1,0,1,1,1,1,1,1,0,1.5x,AOG reduction %
UAE-1893,Defence_Govt,Warm,Fleet/Maintenance Manager,Defence/government,31-80,11-20 years,Dubai,Scheduled/calendar,1-2,$2M-$10M,3436325,1,1,0,0,0,0,1,0,0,1,1,0,0,1,0,6,Regulatory concerns,0,1,0,1,1,0,0,0,Hybrid,$1K-$3K,2356,Outcome-based,C-Suite,3-6 months,1,1,1,1,0,1,0,1,1,1,1,0,0,0,0,5,8,Business jet/helicopter,LinkedIn/social media,1,1,1,1,1,1,0,0,0,1,1,0,0,No platform,1,0,1,1,1,1,1,1,0,1.5x,AOG reduction %
UAE-1894,Defence_Govt,Hot,Fleet/Maintenance Manager,Independent MRO,11-30,20+ years,Sharjah/Northern Emirates,Predictive (some AI),6-10,$500K-$2M,1206751,1,1,1,1,1,0,1,1,1,1,0,1,0,0,0,7,Legacy integration,1,1,0,1,0,0,0,0,On-premise,$8K-$20K,13786,Pay-per-insight,Procurement/Finance,1-3 months,1,0,1,1,1,1,0,1,0,0,0,1,1,0,1,5,8,Boeing narrow (B737),Email invite,2,3,2,2,3,1,1,1,0,0,0,0,0,No platform,4,1,1,1,0,1,1,1,0,2x,Dispatch reliability %
UAE-1895,Defence_Govt,Not Interested,Director/VP Operations,Independent MRO,11-30,6-10 years,Other GCC,Scheduled/calendar,1-2,$2M-$10M,6263338,1,0,1,0,0,0,0,0,0,0,1,1,0,0,0,4,Lack data expertise,1,1,1,0,0,0,0,0,On-premise,$1K-$3K,1987,Pay-per-insight,Joint committee,6-12 months,0,0,0,0,0,1,0,0,1,0,1,0,1,0,0,6,1,Regional/turboprop,Aviation publication,2,4,3,3,4,1,0,0,0,0,1,0,1,Dissatisfied - hard to integrate,4,1,1,0,1,1,1,1,0,3x in 12 months,Unscheduled maintenance reduction
UAE-1896,Defence_Govt,Warm,Procurement/Finance,Defence/government,31-80,2-5 years,Other GCC,Condition-based,1-2,$2M-$10M,6715740,1,1,0,0,0,0,1,0,1,0,0,1,0,1,0,8,Regulatory concerns,0,0,0,0,1,1,0,1,On-premise,$3K-$8K,4519,Per-aircraft/year,C-Suite,3-6 months,1,0,1,0,0,0,0,0,1,0,0,1,1,0,0,3,7,Boeing wide (B777/B787),LinkedIn/social media,2,4,3,4,3,0,0,0,0,0,1,0,0,Dissatisfied - hard to integrate,1,1,0,1,1,1,0,1,0,3x in 12 months,Cost saved per aircraft/yr
UAE-1897,Defence_Govt,Not Interested,MRO Engineer/Technician,Independent MRO,31-80,11-20 years,Dubai,Scheduled/calendar,3-5,$2M-$10M,6288415,0,0,0,0,1,1,0,0,0,1,0,0,1,0,0,3,Legacy integration,0,1,1,0,1,0,0,0,On-premise,$3K-$8K,5328,Hardware lease + software,Head of Maintenance/CAMO,>12 months,1,0,0,1,0,1,0,1,0,1,0,0,1,0,0,7,1,Business jet/helicopter,Industry event,3,3,1,3,2,0,0,0,1,0,0,0,0,Dissatisfied - poor support,3,0,1,1,1,1,1,1,0,2x,Cost saved per aircraft/yr
UAE-1898,Defence_Govt,Not Interested,C-Suite,Defence/government,11-30,<2 years,Sharjah/Northern Emirates,Full predictive + digital twin,0,$2M-$10M,6805191,1,0,0,1,1,0,0,1,1,0,0,1,0,1,0,5,High upfront cost,1,1,1,0,0,0,0,0,Hybrid,$3K-$8K,5240,Hardware lease + software,IT/Digital lead,>12 months,1,1,0,0,0,1,0,0,1,1,0,0,0,0,1,6,2,Regional/turboprop,Email invite,3,4,3,3,3,0,0,0,0,0,0,1,0,Very satisfied,1,1,1,1,1,1,0,1,0,3x in 12 months,AOG reduction %
UAE-1899,Defence_Govt,Exploring,C-Suite,Independent MRO,11-30,11-20 years,Dubai,Condition-based,6-10,$500K-$2M,957335,0,1,0,1,1,1,0,0,1,1,0,0,1,1,0,5,High upfront cost,1,1,1,0,0,0,0,0,On-premise,$8K-$20K,13734,Fixed monthly SaaS,Joint committee,1-3 months,0,0,1,0,0,0,1,1,1,1,1,0,0,0,0,7,6,Business jet/helicopter,Aviation publication,2,2,2,3,2,1,0,0,0,1,0,1,1,No platform,3,0,1,1,1,1,1,1,0,2x,Cost saved per aircraft/yr
UAE-1900,Defence_Govt,Not Interested,MRO Engineer/Technician,Defence/government,31-80,11-20 years,Dubai,Predictive (some AI),3-5,$2M-$10M,6707486,0,1,1,1,1,0,1,0,0,1,1,1,0,1,0,3,Regulatory concerns,1,0,1,0,1,0,0,0,On-premise,$8K-$20K,13240,Outcome-based,Head of Maintenance/CAMO,>12 months,1,1,1,0,0,1,1,0,1,0,0,0,1,1,0,10,1,Business jet/helicopter,Aviation publication,4,4,4,4,4,0,0,1,0,0,1,0,0,Satisfied but expensive,1,1,0,1,0,1,1,1,0,ROI not primary,AOG reduction %
UAE-1901,Defence_Govt,Exploring,MRO Engineer/Technician,Defence/government,81-200,6-10 years,Dubai,Condition-based,1-2,$10M-$50M,30335538,1,0,1,0,0,0,0,1,0,0,0,0,1,1,1,4,High upfront cost,0,1,1,0,0,1,0,0,On-premise,$3K-$8K,6443,Hardware lease + software,Head of Maintenance/CAMO,1-3 months,1,1,1,1,0,1,1,0,1,0,1,1,0,0,0,4,5,Airbus narrow (A320),LinkedIn/social media,2,4,2,3,3,1,1,1,0,0,1,0,1,Very satisfied,2,1,1,0,0,1,0,1,0,Strategic value,Cost saved per aircraft/yr
UAE-1902,Defence_Govt,Warm,Fleet/Maintenance Manager,Defence/government,81-200,11-20 years,Dubai,Condition-based,3-5,$10M-$50M,29402371,1,0,1,0,0,0,1,1,0,0,0,0,1,0,0,6,Cybersecurity,1,1,1,0,0,0,0,0,Hybrid,$8K-$20K,14195,Per-aircraft/year,Head of Maintenance/CAMO,<1 month,1,1,1,0,0,1,1,1,0,1,0,0,1,0,1,5,5,Boeing wide (B777/B787),Word of mouth,2,3,2,3,3,0,1,0,0,0,0,0,1,Dissatisfied - poor support,3,0,0,1,1,1,1,1,0,1.5x,Dispatch reliability %
UAE-1903,Defence_Govt,Exploring,MRO Engineer/Technician,Defence/government,31-80,11-20 years,Abu Dhabi,Reactive,3-5,$2M-$10M,5169526,1,1,0,1,1,0,0,1,1,0,1,1,1,0,0,4,Cybersecurity,1,1,0,0,0,0,1,0,On-premise,$1K-$3K,2229,Per-aircraft/year,Head of Maintenance/CAMO,6-12 months,1,0,1,0,0,0,0,0,1,1,1,0,0,0,0,6,3,Business jet/helicopter,Email invite,2,4,3,3,3,0,1,0,0,0,0,0,0,Dissatisfied - hard to integrate,1,1,0,1,1,1,1,1,0,3x in 12 months,Cost saved per aircraft/yr
UAE-1904,Defence_Govt,Not Interested,MRO Engineer/Technician,Independent MRO,1-10,11-20 years,Dubai,Predictive (some AI),3-5,$2M-$10M,7194799,0,0,0,0,1,1,1,1,0,1,1,0,0,0,0,4,Cybersecurity,1,0,1,0,0,1,0,0,Hybrid,>$20K,45089,Fixed monthly SaaS,C-Suite,>12 months,1,0,0,0,1,1,0,0,1,1,1,0,0,0,0,7,3,Regional/turboprop,LinkedIn/social media,2,2,2,2,2,0,1,0,0,0,0,0,0,No platform,1,1,0,1,0,1,1,1,0,5x+,Cost saved per aircraft/yr
UAE-1905,Defence_Govt,Hot,Director/VP Operations,Defence/government,31-80,6-10 years,Abu Dhabi,Condition-based,6-10,$500K-$2M,1424470,0,0,1,0,0,0,0,0,0,1,0,0,0,1,0,7,Cybersecurity,1,0,0,0,0,0,1,1,Full cloud (SaaS),$8K-$20K,17431,Outcome-based,Procurement/Finance,6-12 months,0,0,1,1,1,0,0,1,1,0,1,0,0,0,1,2,7,Business jet/helicopter,Word of mouth,3,5,2,3,3,0,1,0,0,0,0,0,0,Dissatisfied - poor accuracy,2,0,1,1,0,1,0,1,0,3x in 12 months,Dispatch reliability %
UAE-1906,Defence_Govt,Not Interested,MRO Engineer/Technician,Defence/government,11-30,20+ years,Dubai,Reactive,1-2,$500K-$2M,1362361,1,0,0,0,0,0,0,0,1,0,0,1,1,1,0,4,Cybersecurity,0,1,1,0,0,0,1,0,On-premise,$1K-$3K,2563,Per-aircraft/year,Joint committee,3-6 months,0,0,1,1,0,1,1,1,1,0,1,0,1,0,0,6,2,Regional/turboprop,Industry event,2,4,2,4,3,0,0,1,1,0,1,0,0,Dissatisfied - poor accuracy,3,1,1,1,1,1,1,1,0,2x,Cost saved per aircraft/yr
UAE-1907,Defence_Govt,Not Interested,C-Suite,Charter/private aviation,200+,6-10 years,Dubai,Scheduled/calendar,1-2,$2M-$10M,5902814,0,0,1,0,0,0,0,1,0,1,1,0,0,0,1,4,No barriers,1,0,1,0,1,0,0,0,On-premise,$8K-$20K,16262,Per-aircraft/year,Procurement/Finance,3-6 months,1,1,0,0,1,0,0,1,0,0,0,0,1,1,1,9,1,Boeing narrow (B737),Industry event,2,4,2,3,3,0,0,0,0,0,1,0,0,Dissatisfied - poor support,1,1,1,1,0,1,1,1,0,3x in 12 months,Cost saved per aircraft/yr
UAE-1908,Defence_Govt,Warm,Director/VP Operations,Defence/government,11-30,20+ years,Dubai,Condition-based,3-5,$500K-$2M,1298760,0,1,0,0,0,0,1,0,0,0,1,0,0,0,1,8,High upfront cost,1,1,0,1,0,0,0,0,On-premise,$3K-$8K,4040,Fixed monthly SaaS,Joint committee,3-6 months,0,0,0,0,0,0,0,1,1,1,0,0,1,0,0,8,8,Regional/turboprop,Email invite,3,3,2,3,3,0,0,0,0,0,0,1,0,Dissatisfied - poor accuracy,4,1,1,1,1,1,1,0,1,1.5x,Dispatch reliability %
UAE-1909,Defence_Govt,Exploring,Fleet/Maintenance Manager,Defence/government,81-200,20+ years,Abu Dhabi,Condition-based,0,$10M-$50M,27857556,1,1,1,1,0,1,0,0,0,1,0,0,0,0,0,5,Cybersecurity,1,1,0,0,1,0,0,0,On-premise,$3K-$8K,4220,Hardware lease + software,Head of Maintenance/CAMO,6-12 months,1,1,1,0,0,1,1,1,0,1,1,0,0,0,1,5,4,Regional/turboprop,Aviation publication,3,3,2,4,4,0,0,0,0,0,0,1,0,Very satisfied,2,1,1,1,1,1,0,1,0,3x in 12 months,Dispatch reliability %
UAE-1910,Defence_Govt,Warm,Fleet/Maintenance Manager,Defence/government,1-10,11-20 years,Other GCC,Condition-based,3-5,<$500K,166125,1,1,1,0,0,0,0,0,0,1,0,1,1,0,0,10,Cybersecurity,0,1,1,1,0,0,0,0,On-premise,$3K-$8K,5480,Per-aircraft/year,Head of Maintenance/CAMO,6-12 months,0,1,0,0,1,1,0,0,0,0,1,1,1,0,0,4,5,Boeing wide (B777/B787),LinkedIn/social media,3,4,3,3,3,1,0,0,0,0,1,0,0,Dissatisfied - hard to integrate,5,0,1,1,0,1,1,1,0,5x+,Unscheduled maintenance reduction
UAE-1911,Defence_Govt,Hot,C-Suite,Independent MRO,200+,2-5 years,Dubai,Predictive (some AI),6-10,$2M-$10M,6202131,0,0,0,0,0,0,0,1,0,1,0,0,1,1,0,6,Lack data expertise,1,0,1,1,0,0,0,0,On-premise,$3K-$8K,4567,Outcome-based,Head of Maintenance/CAMO,1-3 months,0,1,0,1,1,0,1,0,1,0,0,1,1,0,0,3,9,Airbus wide (A330/A350/A380),Word of mouth,3,4,2,4,4,1,0,0,0,0,0,0,0,Dissatisfied - hard to integrate,1,1,1,0,0,1,1,1,0,2x,Cost saved per aircraft/yr
UAE-1912,Defence_Govt,Exploring,Fleet/Maintenance Manager,Defence/government,31-80,2-5 years,Abu Dhabi,Condition-based,0,$2M-$10M,3708595,0,1,1,0,0,0,0,0,1,1,1,0,0,0,0,4,High upfront cost,1,1,0,0,0,1,0,0,On-premise,$8K-$20K,16012,Outcome-based,C-Suite,6-12 months,1,1,0,1,1,0,0,1,0,1,1,1,0,0,0,4,4,Business jet/helicopter,Industry event,2,4,2,4,3,0,0,0,0,0,1,0,0,Satisfied but expensive,1,0,1,1,1,1,1,1,0,3x in 12 months,AOG reduction %
UAE-1913,Defence_Govt,Warm,Director/VP Operations,Defence/government,81-200,20+ years,Abu Dhabi,Condition-based,1-2,$10M-$50M,34128579,1,1,1,1,0,0,1,0,0,1,1,0,0,0,0,5,Cybersecurity,0,0,0,1,1,0,0,0,On-premise,>$20K,34473,Per-aircraft/year,C-Suite,>12 months,1,1,0,1,0,1,0,1,1,0,0,1,0,1,0,6,8,Boeing narrow (B737),LinkedIn/social media,2,3,2,3,2,0,0,1,0,0,0,0,0,Satisfied but expensive,1,0,1,1,1,1,1,1,0,5x+,AOG reduction %
UAE-1914,Defence_Govt,Not Interested,MRO Engineer/Technician,Defence/government,200+,11-20 years,Sharjah/Northern Emirates,Scheduled/calendar,0,$10M-$50M,28351322,0,0,1,0,0,0,0,0,0,0,1,0,1,1,0,3,Cybersecurity,0,1,1,0,0,0,1,0,On-premise,$1K-$3K,2244,Per-aircraft/year,Head of Maintenance/CAMO,3-6 months,1,0,1,0,0,1,0,0,1,1,1,0,0,0,0,7,1,Business jet/helicopter,Industry event,2,3,3,3,3,0,0,1,0,0,0,0,1,Dissatisfied - poor accuracy,2,1,1,0,1,1,1,1,0,2x,Component lifespan extension
UAE-1915,Defence_Govt,Exploring,Fleet/Maintenance Manager,Defence/government,1-10,20+ years,Other GCC,Full predictive + digital twin,3-5,$500K-$2M,729652,1,0,1,0,1,0,0,1,0,0,0,0,1,0,0,6,Cybersecurity,1,1,1,0,0,0,0,0,No preference,$8K-$20K,15723,Outcome-based,Procurement/Finance,6-12 months,0,1,0,1,0,1,1,1,1,0,0,0,1,0,0,5,4,Airbus wide (A330/A350/A380),Email invite,2,5,1,3,2,0,1,0,0,1,1,0,1,No platform,2,1,1,1,1,0,1,1,0,2x,AOG reduction %
UAE-1916,Defence_Govt,Warm,MRO Engineer/Technician,Defence/government,31-80,2-5 years,Sharjah/Northern Emirates,Predictive (some AI),1-2,$2M-$10M,7233284,1,0,0,1,1,1,1,0,0,1,0,0,1,0,0,9,High upfront cost,1,1,0,1,0,0,0,0,On-premise,$3K-$8K,5104,Outcome-based,Procurement/Finance,>12 months,1,0,0,0,1,1,0,0,1,0,0,1,0,1,0,5,6,Boeing narrow (B737),Industry event,2,5,3,3,4,0,0,0,0,1,0,1,0,No platform,4,1,1,1,1,1,1,1,0,Strategic value,Component lifespan extension
UAE-1917,Defence_Govt,Warm,MRO Engineer/Technician,Aircraft leasing,81-200,20+ years,Outside GCC,Scheduled/calendar,1-2,$10M-$50M,30368376,1,0,1,1,0,0,1,1,0,0,0,1,0,1,0,7,High upfront cost,1,0,0,0,1,0,0,0,On-premise,$3K-$8K,6997,Per-aircraft/year,Joint committee,>12 months,1,1,1,1,0,1,0,0,1,1,1,0,0,0,0,3,8,Boeing narrow (B737),Word of mouth,2,5,2,3,3,1,1,0,0,0,0,1,1,Dissatisfied - hard to integrate,1,1,1,0,1,0,1,1,0,1.5x,Cost saved per aircraft/yr
UAE-1918,Defence_Govt,Warm,MRO Engineer/Technician,Commercial airline (full-service),1-10,2-5 years,Abu Dhabi,Predictive (some AI),0,$500K-$2M,1199364,1,0,0,1,0,0,0,1,1,0,0,0,0,0,0,8,Cybersecurity,0,1,1,0,1,0,0,0,Hybrid,$1K-$3K,1166,Per-aircraft/year,Procurement/Finance,>12 months,0,1,1,1,0,1,1,0,1,0,1,1,0,0,0,3,5,Airbus wide (A330/A350/A380),Email invite,2,5,3,4,2,0,0,0,0,0,1,0,1,Dissatisfied - poor accuracy,4,1,0,1,0,1,1,1,0,1.5x,Unscheduled maintenance reduction
UAE-1919,Defence_Govt,Not Interested,MRO Engineer/Technician,Low-cost carrier,1-10,11-20 years,Other GCC,Predictive (some AI),0,$500K-$2M,952225,1,1,1,1,0,0,1,0,0,1,0,1,0,0,0,7,Regulatory concerns,1,1,0,0,1,0,0,0,On-premise,$1K-$3K,1753,Outcome-based,IT/Digital lead,3-6 months,1,1,0,1,0,1,1,0,1,1,0,1,0,0,0,7,1,Regional/turboprop,Aviation publication,2,5,3,4,2,0,1,0,0,0,0,0,0,Dissatisfied - poor accuracy,2,0,1,1,0,1,1,1,0,5x+,Unscheduled maintenance reduction
UAE-1920,Defence_Govt,Exploring,IT/Digital Lead,Defence/government,200+,6-10 years,Dubai,Condition-based,1-2,$10M-$50M,32344629,1,1,1,1,1,0,0,0,1,1,0,1,1,0,1,4,High upfront cost,1,0,0,1,0,1,0,0,On-premise,$3K-$8K,4351,Per-aircraft/year,Joint committee,3-6 months,1,0,1,1,0,1,0,0,1,0,0,1,1,0,0,8,4,Airbus wide (A330/A350/A380),Industry event,2,3,2,5,2,0,0,0,0,0,0,1,0,Dissatisfied - hard to integrate,2,1,1,1,1,0,1,1,0,2x,Dispatch reliability %
UAE-1921,Defence_Govt,Warm,Procurement/Finance,Defence/government,31-80,20+ years,Abu Dhabi,Condition-based,1-2,$2M-$10M,6999447,0,0,1,0,0,0,0,1,0,0,1,0,0,0,0,5,No barriers,0,1,1,1,0,0,0,0,Hybrid,$3K-$8K,5024,Fixed monthly SaaS,Head of Maintenance/CAMO,>12 months,1,0,1,0,1,0,0,0,0,1,0,0,1,1,0,3,7,Business jet/helicopter,Word of mouth,3,4,1,3,2,0,0,1,0,0,1,0,0,Very satisfied,1,1,1,0,0,1,1,1,0,ROI not primary,Audit pass rate
UAE-1922,Defence_Govt,Warm,IT/Digital Lead,Independent MRO,81-200,20+ years,Dubai,Predictive (some AI),1-2,$10M-$50M,29540828,1,0,0,1,0,0,0,1,0,1,0,0,0,0,1,7,Cybersecurity,1,0,1,0,1,0,0,0,On-premise,$3K-$8K,5985,Hardware lease + software,C-Suite,>12 months,1,1,1,0,1,1,1,1,0,0,0,1,0,0,0,4,6,Business jet/helicopter,Word of mouth,2,3,2,3,2,0,1,0,0,0,0,0,0,No platform,3,1,1,1,1,1,1,1,0,ROI not primary,Cost saved per aircraft/yr
UAE-1923,Defence_Govt,Not Interested,MRO Engineer/Technician,Charter/private aviation,11-30,20+ years,Dubai,Predictive (some AI),6-10,$500K-$2M,1135300,1,1,1,1,0,1,1,1,0,0,1,0,0,1,1,4,Legacy integration,1,0,1,1,0,0,0,0,Hybrid,$8K-$20K,16136,Hardware lease + software,Head of Maintenance/CAMO,3-6 months,1,1,0,0,1,0,0,0,0,1,1,1,0,0,0,6,2,Boeing wide (B777/B787),Industry event,1,5,1,3,4,1,0,0,0,0,0,0,0,Satisfied but expensive,2,1,1,1,1,1,1,1,0,2x,Component lifespan extension
UAE-1924,Defence_Govt,Warm,MRO Engineer/Technician,Defence/government,81-200,11-20 years,Other GCC,Scheduled/calendar,0,$10M-$50M,24611710,1,0,1,1,1,0,1,0,0,0,0,1,1,1,0,7,High upfront cost,0,1,1,0,1,0,0,0,On-premise,$8K-$20K,15740,Per-aircraft/year,Head of Maintenance/CAMO,>12 months,1,1,1,0,0,1,0,0,1,1,1,0,0,0,0,4,5,Business jet/helicopter,Email invite,3,3,3,3,3,0,1,0,0,1,0,0,1,Satisfied but expensive,1,1,1,1,0,0,0,1,0,3x in 12 months,Component lifespan extension
UAE-1925,Defence_Govt,Warm,MRO Engineer/Technician,Defence/government,1-10,2-5 years,Abu Dhabi,Full predictive + digital twin,0,<$500K,228118,0,0,0,0,0,0,0,1,0,0,1,1,0,1,0,5,Regulatory concerns,1,1,0,0,1,0,0,0,Hybrid,<$1K,555,Per-aircraft/year,Head of Maintenance/CAMO,3-6 months,1,0,1,0,1,1,1,1,0,1,1,0,1,0,0,6,8,Boeing wide (B777/B787),LinkedIn/social media,2,4,3,4,3,0,0,0,0,0,1,0,0,Satisfied but expensive,1,1,1,1,1,1,1,0,0,2x,AOG reduction %
UAE-1926,Defence_Govt,Exploring,MRO Engineer/Technician,Low-cost carrier,31-80,11-20 years,Other GCC,Scheduled/calendar,1-2,$10M-$50M,30990494,0,1,0,1,0,0,1,0,0,1,0,0,0,1,1,5,Lack data expertise,0,1,0,0,1,0,0,0,No preference,$3K-$8K,5824,Hardware lease + software,Head of Maintenance/CAMO,>12 months,1,1,0,0,1,1,0,0,1,1,0,1,0,0,0,4,3,Business jet/helicopter,Industry event,3,4,2,3,4,0,0,0,0,0,0,0,1,Dissatisfied - poor accuracy,4,1,0,1,1,1,1,1,0,5x+,Dispatch reliability %
UAE-1927,Defence_Govt,Exploring,MRO Engineer/Technician,Defence/government,11-30,<2 years,Other GCC,Predictive (some AI),6-10,<$500K,297369,1,0,0,1,0,0,0,0,0,0,0,0,0,1,0,6,Legacy integration,1,1,1,0,0,0,0,0,On-premise,>$20K,26192,Per-aircraft/year,Head of Maintenance/CAMO,6-12 months,1,0,0,1,0,1,0,1,0,0,0,1,1,1,0,5,4,Boeing wide (B777/B787),Word of mouth,3,5,3,4,2,0,0,0,0,0,0,0,1,Dissatisfied - hard to integrate,1,0,0,1,1,0,1,1,0,3x in 12 months,Cost saved per aircraft/yr
UAE-1928,Defence_Govt,Hot,IT/Digital Lead,Aircraft leasing,31-80,<2 years,Dubai,Reactive,1-2,$500K-$2M,1295086,0,0,1,0,1,0,0,0,1,1,0,0,0,0,0,8,Cybersecurity,0,0,1,1,0,1,0,0,Full cloud (SaaS),$1K-$3K,1971,Per-aircraft/year,Head of Maintenance/CAMO,6-12 months,1,1,0,1,1,1,1,0,0,0,0,0,0,1,0,6,7,Regional/turboprop,Industry event,2,3,2,4,3,0,1,0,0,0,0,0,0,No platform,1,1,1,1,0,1,1,1,0,2x,AOG reduction %
UAE-1929,Defence_Govt,Warm,Director/VP Operations,Charter/private aviation,1-10,2-5 years,Abu Dhabi,Reactive,6-10,$2M-$10M,6802420,1,1,1,0,1,0,0,0,0,1,0,0,0,0,0,4,Regulatory concerns,0,1,0,1,1,0,0,0,On-premise,$8K-$20K,11300,Outcome-based,IT/Digital lead,3-6 months,0,0,0,0,1,0,1,0,0,0,1,1,0,0,0,2,6,Boeing wide (B777/B787),Industry event,3,5,3,4,3,0,0,0,0,1,0,0,0,No platform,1,1,0,1,0,1,1,1,0,2x,Dispatch reliability %
UAE-1930,Defence_Govt,Warm,Director/VP Operations,Charter/private aviation,31-80,11-20 years,Sharjah/Northern Emirates,Condition-based,3-5,$2M-$10M,6115296,1,0,0,0,1,0,1,0,1,0,1,0,0,1,0,7,Regulatory concerns,1,0,0,0,0,1,1,0,On-premise,$8K-$20K,15773,Per-aircraft/year,IT/Digital lead,>12 months,1,1,1,0,0,0,1,0,1,0,1,0,1,0,0,4,7,Airbus wide (A330/A350/A380),Email invite,2,3,1,3,2,1,0,0,0,0,0,1,0,Dissatisfied - hard to integrate,1,1,1,1,0,0,1,1,0,1.5x,Audit pass rate
UAE-1931,Defence_Govt,Warm,Director/VP Operations,Defence/government,200+,6-10 years,Abu Dhabi,Scheduled/calendar,3-5,>$50M,85157811,1,0,0,1,0,0,1,1,0,0,0,0,0,0,1,5,Legacy integration,1,1,1,0,0,0,0,0,On-premise,>$20K,25458,Fixed monthly SaaS,Head of Maintenance/CAMO,6-12 months,1,0,0,0,0,0,0,0,1,0,1,0,1,0,0,5,6,Airbus narrow (A320),Email invite,2,4,2,4,3,0,0,0,0,0,1,1,0,Very satisfied,1,1,0,1,0,1,1,1,0,1.5x,AOG reduction %
UAE-1932,Defence_Govt,Hot,IT/Digital Lead,Defence/government,11-30,6-10 years,Dubai,Condition-based,6-10,$10M-$50M,26928155,1,0,0,1,1,1,1,0,1,0,0,1,0,1,0,7,Regulatory concerns,1,0,0,1,1,0,0,0,On-premise,$1K-$3K,1864,Outcome-based,C-Suite,6-12 months,1,1,1,1,0,1,0,1,0,1,0,0,0,0,0,2,7,Business jet/helicopter,Email invite,2,4,1,3,3,0,0,1,0,0,0,0,0,Dissatisfied - poor accuracy,1,0,0,1,1,1,1,1,0,2x,AOG reduction %
UAE-1933,Defence_Govt,Not Interested,MRO Engineer/Technician,Defence/government,11-30,6-10 years,Other GCC,Full predictive + digital twin,1-2,$2M-$10M,7729833,1,0,1,0,0,0,0,1,0,0,0,1,1,0,0,4,Cybersecurity,0,1,0,1,1,0,0,0,Hybrid,$1K-$3K,1437,Per-aircraft/year,Head of Maintenance/CAMO,6-12 months,1,0,1,0,0,0,0,0,1,1,1,0,0,0,0,7,2,Business jet/helicopter,Word of mouth,3,4,1,2,2,0,1,0,0,0,0,0,1,Dissatisfied - hard to integrate,1,1,1,1,1,1,1,1,0,ROI not primary,AOG reduction %
UAE-1934,Defence_Govt,Exploring,C-Suite,Defence/government,200+,11-20 years,Dubai,Reactive,10+,>$50M,62231540,1,1,0,1,0,1,0,1,1,1,0,1,1,0,0,3,Regulatory concerns,1,0,0,0,0,0,1,0,On-premise,>$20K,31323,Outcome-based,Procurement/Finance,6-12 months,0,0,1,1,0,1,0,0,1,0,0,0,0,0,0,8,5,Business jet/helicopter,Email invite,3,4,3,3,3,0,1,0,0,0,0,0,1,Satisfied but expensive,1,1,0,1,0,1,1,0,0,2x,AOG reduction %
UAE-1935,Defence_Govt,Not Interested,Director/VP Operations,Aircraft leasing,81-200,<2 years,Abu Dhabi,Scheduled/calendar,1-2,$10M-$50M,29014017,1,0,1,1,1,1,0,1,0,1,1,0,0,1,0,4,Cybersecurity,1,0,1,1,0,0,0,0,Hybrid,$8K-$20K,15798,Pay-per-insight,Joint committee,6-12 months,1,0,1,0,0,1,1,0,1,1,0,0,1,0,0,8,1,Boeing narrow (B737),Industry event,3,4,2,2,2,0,0,0,0,0,0,0,1,Satisfied but expensive,4,1,1,1,0,1,0,1,0,3x in 12 months,Dispatch reliability %
UAE-1936,Defence_Govt,Warm,Fleet/Maintenance Manager,Defence/government,1-10,20+ years,Sharjah/Northern Emirates,Scheduled/calendar,6-10,$500K-$2M,1238586,1,0,1,0,0,1,0,0,0,1,0,0,0,0,0,6,No barriers,1,0,1,1,0,0,0,0,On-premise,>$20K,26671,Fixed monthly SaaS,Head of Maintenance/CAMO,6-12 months,1,1,1,0,0,1,0,0,1,1,0,0,1,0,0,4,7,Regional/turboprop,Industry event,2,4,2,3,3,0,0,0,0,1,0,0,0,Very satisfied,3,1,0,1,0,1,1,1,0,Strategic value,Audit pass rate
UAE-1937,Defence_Govt,Hot,IT/Digital Lead,Low-cost carrier,11-30,20+ years,Other GCC,Full predictive + digital twin,1-2,$10M-$50M,27422867,0,0,1,1,0,0,0,1,1,0,1,0,0,1,0,5,High upfront cost,0,0,1,0,1,0,1,0,On-premise,<$1K,721,Per-aircraft/year,Head of Maintenance/CAMO,3-6 months,0,1,1,0,0,0,1,1,0,1,0,1,0,0,0,2,8,Boeing narrow (B737),Email invite,5,5,5,5,5,0,1,0,0,0,1,0,0,Dissatisfied - hard to integrate,4,1,1,0,1,1,1,1,0,Strategic value,Dispatch reliability %
UAE-1938,Defence_Govt,Exploring,Director/VP Operations,Independent MRO,1-10,20+ years,Outside GCC,Reactive,0,<$500K,211070,1,1,1,1,0,1,0,1,0,0,0,0,1,1,0,4,Legacy integration,1,1,1,0,0,0,0,0,On-premise,<$1K,412,Per-aircraft/year,Head of Maintenance/CAMO,3-6 months,1,1,1,1,0,0,0,0,1,0,0,1,1,0,0,4,4,Regional/turboprop,LinkedIn/social media,2,3,3,3,3,0,0,0,1,0,1,1,0,Satisfied but expensive,3,1,0,1,1,1,1,1,0,3x in 12 months,AOG reduction %
UAE-1939,Defence_Govt,Exploring,Fleet/Maintenance Manager,Defence/government,11-30,6-10 years,Dubai,Scheduled/calendar,6-10,$500K-$2M,1231088,0,0,1,1,0,0,1,0,1,0,0,0,1,0,0,3,Legacy integration,1,0,1,0,0,1,0,0,On-premise,>$20K,29254,Per-aircraft/year,Joint committee,6-12 months,0,1,1,1,0,1,1,0,1,0,0,0,1,0,1,6,3,Business jet/helicopter,Email invite,3,3,2,3,2,0,0,0,1,0,0,0,0,Satisfied but expensive,1,1,1,1,0,1,1,1,0,3x in 12 months,Unscheduled maintenance reduction
UAE-1940,Defence_Govt,Exploring,MRO Engineer/Technician,Aircraft leasing,11-30,11-20 years,Outside GCC,Predictive (some AI),3-5,$2M-$10M,5154843,1,0,1,0,0,0,1,0,1,1,0,1,0,0,1,6,Cybersecurity,1,1,0,1,0,0,0,0,Hybrid,$1K-$3K,1888,Fixed monthly SaaS,C-Suite,>12 months,1,0,1,0,0,1,1,1,0,1,1,0,1,0,0,7,1,Business jet/helicopter,Aviation publication,2,3,2,5,3,1,0,0,0,0,0,0,0,Dissatisfied - hard to integrate,5,1,1,1,1,1,1,1,0,5x+,Cost saved per aircraft/yr
UAE-1941,Defence_Govt,Exploring,C-Suite,Commercial airline (full-service),1-10,6-10 years,Dubai,Condition-based,1-2,<$500K,240458,1,1,1,0,0,1,1,1,0,0,0,0,1,0,0,6,Legacy integration,1,1,0,1,0,0,0,0,Full cloud (SaaS),$1K-$3K,2746,Hardware lease + software,Procurement/Finance,>12 months,1,1,1,1,0,1,0,0,1,1,1,0,0,0,0,6,3,Airbus narrow (A320),Email invite,5,5,5,5,5,0,0,0,0,0,0,1,0,Satisfied but expensive,2,1,1,0,1,1,0,1,0,Strategic value,Component lifespan extension
UAE-1942,Defence_Govt,Warm,C-Suite,Defence/government,11-30,11-20 years,Abu Dhabi,Scheduled/calendar,3-5,$500K-$2M,909817,1,0,0,0,1,0,0,1,1,0,1,1,0,0,1,6,Regulatory concerns,0,0,1,1,1,0,0,0,Hybrid,$1K-$3K,2112,Pay-per-insight,C-Suite,1-3 months,1,1,1,0,0,1,0,1,1,0,1,0,1,0,0,5,7,Business jet/helicopter,Industry event,3,4,2,2,2,0,0,0,1,0,0,0,0,Satisfied but expensive,1,0,1,1,1,1,1,0,0,1.5x,Audit pass rate
UAE-1943,Defence_Govt,Exploring,C-Suite,Independent MRO,200+,20+ years,Sharjah/Northern Emirates,Condition-based,1-2,>$50M,73485576,1,0,1,1,1,0,0,0,1,1,0,0,0,1,0,6,Cybersecurity,1,0,1,1,0,0,0,0,On-premise,$3K-$8K,5400,Fixed monthly SaaS,Head of Maintenance/CAMO,6-12 months,1,1,1,1,1,0,0,0,1,0,1,1,0,0,0,6,5,Airbus wide (A330/A350/A380),LinkedIn/social media,2,4,3,5,3,1,0,0,0,0,0,0,0,Dissatisfied - poor accuracy,3,1,0,1,1,1,1,1,0,5x+,Cost saved per aircraft/yr
UAE-1944,Defence_Govt,Exploring,MRO Engineer/Technician,Commercial airline (full-service),11-30,2-5 years,Dubai,Reactive,6-10,$500K-$2M,1546035,0,1,1,1,0,0,0,1,1,0,0,0,1,0,0,4,High upfront cost,0,0,0,1,0,1,1,0,On-premise,$8K-$20K,15711,Fixed monthly SaaS,IT/Digital lead,3-6 months,0,1,1,0,0,1,1,0,1,1,1,0,0,0,0,4,4,Business jet/helicopter,Industry event,3,3,2,2,4,0,1,1,0,0,1,0,0,Dissatisfied - poor accuracy,4,1,1,1,1,1,1,1,0,5x+,Component lifespan extension
UAE-1945,Defence_Govt,Hot,MRO Engineer/Technician,Defence/government,200+,20+ years,Abu Dhabi,Reactive,3-5,>$50M,77116120,1,0,0,0,0,0,0,0,1,0,0,1,0,1,0,7,No barriers,0,1,0,1,1,0,0,0,Hybrid,>$20K,29995,Hardware lease + software,Head of Maintenance/CAMO,6-12 months,1,1,1,0,1,1,1,0,0,1,1,0,1,0,0,5,7,Business jet/helicopter,LinkedIn/social media,3,3,3,3,3,0,0,0,0,1,0,0,0,No platform,1,1,1,1,1,1,0,1,0,3x in 12 months,Component lifespan extension
UAE-1946,Defence_Govt,Not Interested,MRO Engineer/Technician,Independent MRO,1-10,2-5 years,Other GCC,Scheduled/calendar,3-5,$2M-$10M,6134629,1,1,1,1,0,0,0,1,1,1,0,0,1,1,0,2,Cybersecurity,1,0,0,1,0,0,1,0,On-premise,$3K-$8K,3474,Per-aircraft/year,IT/Digital lead,1-3 months,0,0,1,1,1,1,1,1,0,0,1,1,0,0,0,10,2,Boeing wide (B777/B787),Industry event,3,4,2,4,2,0,0,0,1,0,1,0,0,Satisfied but expensive,2,1,1,1,0,1,1,1,0,5x+,AOG reduction %
UAE-1947,Defence_Govt,Exploring,MRO Engineer/Technician,Defence/government,11-30,2-5 years,Dubai,Condition-based,1-2,$500K-$2M,1292641,1,1,0,0,0,0,1,0,1,1,0,1,1,0,0,3,High upfront cost,1,0,0,0,0,0,0,0,On-premise,<$1K,614,Hardware lease + software,Procurement/Finance,>12 months,0,0,1,0,1,1,0,0,0,0,0,1,1,0,0,5,5,Airbus narrow (A320),Aviation publication,3,5,1,2,2,0,1,0,0,0,1,0,0,Dissatisfied - hard to integrate,2,1,1,0,1,1,1,1,0,3x in 12 months,Audit pass rate
UAE-1948,Defence_Govt,Not Interested,C-Suite,Defence/government,11-30,11-20 years,Dubai,Full predictive + digital twin,10+,$500K-$2M,1539025,1,0,1,0,0,0,0,1,0,1,0,0,0,0,0,6,Cybersecurity,1,1,1,0,0,0,0,0,On-premise,>$20K,16357,Outcome-based,C-Suite,3-6 months,1,0,1,1,0,0,0,1,1,1,0,0,1,0,0,8,1,Business jet/helicopter,Industry event,3,5,2,3,3,1,0,0,0,0,0,0,0,Dissatisfied - poor accuracy,1,1,0,0,0,1,1,1,0,3x in 12 months,Audit pass rate
UAE-1949,Defence_Govt,Not Interested,MRO Engineer/Technician,Defence/government,1-10,20+ years,Sharjah/Northern Emirates,Predictive (some AI),6-10,<$500K,266188,0,0,1,0,1,1,1,0,0,0,0,1,0,0,0,4,Cybersecurity,1,0,0,1,1,0,0,0,Full cloud (SaaS),>$20K,54833,Per-aircraft/year,Procurement/Finance,6-12 months,1,1,1,1,1,1,0,0,1,0,0,0,1,1,0,7,1,Regional/turboprop,Aviation publication,1,2,3,3,3,0,1,0,0,0,0,0,0,Dissatisfied - hard to integrate,5,1,0,0,0,0,1,1,0,2x,Cost saved per aircraft/yr
UAE-1950,Defence_Govt,Not Interested,MRO Engineer/Technician,Independent MRO,1-10,20+ years,Sharjah/Northern Emirates,Reactive,0,<$500K,228894,1,0,1,0,0,0,1,0,1,1,0,0,1,0,0,3,Regulatory concerns,1,1,0,1,0,0,0,0,On-premise,<$1K,488,Outcome-based,C-Suite,3-6 months,0,1,0,1,0,1,0,0,1,0,1,0,1,0,0,8,4,Business jet/helicopter,LinkedIn/social media,4,4,3,3,3,0,0,0,1,0,0,0,0,Dissatisfied - hard to integrate,2,0,1,1,1,1,1,1,0,ROI not primary,Cost saved per aircraft/yr
UAE-1951,Defence_Govt,Exploring,MRO Engineer/Technician,Aircraft leasing,31-80,11-20 years,Abu Dhabi,Condition-based,3-5,$2M-$10M,4838668,1,0,0,1,0,0,1,0,1,0,0,0,0,1,0,5,Lack data expertise,1,1,1,0,0,0,0,0,On-premise,$1K-$3K,2191,Hardware lease + software,C-Suite,>12 months,1,1,0,1,1,1,1,0,1,0,0,1,1,0,0,6,4,Business jet/helicopter,LinkedIn/social media,1,3,2,3,3,0,0,1,0,0,0,0,1,Dissatisfied - hard to integrate,2,1,1,1,1,1,1,1,0,3x in 12 months,Unscheduled maintenance reduction
UAE-1952,Defence_Govt,Hot,Fleet/Maintenance Manager,Independent MRO,31-80,11-20 years,Sharjah/Northern Emirates,Scheduled/calendar,0,$2M-$10M,5385778,1,0,1,1,1,0,0,0,0,0,0,1,1,1,0,5,Lack data expertise,1,1,1,0,0,0,0,0,Hybrid,$1K-$3K,1419,Per-aircraft/year,C-Suite,6-12 months,0,1,1,1,0,1,0,0,1,1,0,1,0,0,0,2,9,Regional/turboprop,LinkedIn/social media,1,4,2,3,4,0,0,0,1,0,0,0,0,Dissatisfied - poor accuracy,1,1,1,1,1,1,1,1,0,1.5x,Dispatch reliability %
UAE-1953,Defence_Govt,Not Interested,MRO Engineer/Technician,Defence/government,31-80,11-20 years,Dubai,Predictive (some AI),1-2,$2M-$10M,5908866,1,1,1,0,1,0,1,1,0,0,0,0,0,1,0,4,Lack data expertise,0,1,0,0,0,1,1,0,On-premise,>$20K,19075,Per-aircraft/year,IT/Digital lead,3-6 months,1,1,0,0,1,1,1,0,1,1,1,0,0,0,0,9,1,Boeing narrow (B737),Email invite,2,4,3,2,2,0,0,1,0,1,0,0,0,Very satisfied,4,1,1,0,1,0,0,1,0,3x in 12 months,AOG reduction %
UAE-1954,Defence_Govt,Exploring,MRO Engineer/Technician,Defence/government,11-30,11-20 years,Sharjah/Northern Emirates,Predictive (some AI),1-2,$500K-$2M,1336946,0,1,1,1,1,0,0,1,0,1,1,0,0,0,1,5,No barriers,1,1,1,0,0,0,0,0,On-premise,$1K-$3K,1621,Per-aircraft/year,C-Suite,6-12 months,1,0,1,1,1,0,1,0,1,1,0,1,0,0,0,5,4,Airbus narrow (A320),LinkedIn/social media,2,3,2,4,3,0,0,0,0,0,1,0,0,Dissatisfied - poor support,4,1,1,1,1,0,0,1,0,1.5x,Cost saved per aircraft/yr
UAE-1955,Defence_Govt,Not Interested,C-Suite,Defence/government,11-30,11-20 years,Sharjah/Northern Emirates,Predictive (some AI),3-5,$2M-$10M,6161118,1,0,1,0,1,0,0,0,0,1,0,0,0,1,1,3,Legacy integration,1,1,1,0,0,0,0,0,On-premise,$3K-$8K,6764,Per-aircraft/year,Head of Maintenance/CAMO,1-3 months,1,1,0,0,1,0,0,0,1,1,0,1,0,0,0,8,3,Airbus wide (A330/A350/A380),LinkedIn/social media,2,5,3,3,2,0,0,0,0,0,1,0,1,Satisfied but expensive,2,1,0,0,1,1,1,0,0,3x in 12 months,AOG reduction %
UAE-1956,Defence_Govt,Exploring,MRO Engineer/Technician,Defence/government,31-80,2-5 years,Dubai,Reactive,6-10,$500K-$2M,1364617,1,0,1,0,1,1,0,0,1,0,0,0,1,1,0,4,Cybersecurity,0,1,1,1,0,0,0,0,Hybrid,$8K-$20K,15514,Fixed monthly SaaS,IT/Digital lead,3-6 months,1,1,1,0,1,0,0,1,0,1,1,1,0,0,0,8,3,Boeing wide (B777/B787),LinkedIn/social media,2,4,2,4,2,0,0,0,0,0,0,1,0,Satisfied but expensive,4,1,1,1,1,1,0,1,0,1.5x,Dispatch reliability %
UAE-1957,Defence_Govt,Exploring,MRO Engineer/Technician,Defence/government,81-200,6-10 years,Other GCC,Scheduled/calendar,1-2,>$50M,90228136,1,1,0,1,0,0,0,1,0,0,0,0,0,1,0,4,Legacy integration,1,0,0,1,1,0,0,0,On-premise,$8K-$20K,14153,Hardware lease + software,C-Suite,6-12 months,0,1,0,1,0,1,0,1,1,1,1,0,0,0,0,5,3,Boeing wide (B777/B787),Industry event,2,5,2,2,3,1,1,1,0,0,1,1,0,Dissatisfied - hard to integrate,3,1,1,1,0,1,1,1,0,5x+,Component lifespan extension
UAE-1958,Defence_Govt,Exploring,MRO Engineer/Technician,Charter/private aviation,81-200,6-10 years,Abu Dhabi,Scheduled/calendar,1-2,$10M-$50M,29885648,0,1,0,0,0,0,1,0,0,1,0,0,0,1,0,6,Cybersecurity,1,1,0,1,0,0,0,0,On-premise,$3K-$8K,6269,Pay-per-insight,Head of Maintenance/CAMO,6-12 months,0,1,1,1,0,0,0,0,1,0,0,1,1,0,0,4,3,Business jet/helicopter,Industry event,3,3,2,2,4,1,1,0,0,0,1,0,0,Dissatisfied - hard to integrate,3,1,0,1,1,1,1,1,0,2x,AOG reduction %
UAE-1959,Defence_Govt,Warm,Fleet/Maintenance Manager,Defence/government,1-10,11-20 years,Abu Dhabi,Condition-based,1-2,<$500K,268929,1,1,1,1,0,1,0,0,1,1,0,0,1,0,0,6,Regulatory concerns,0,0,0,1,1,0,1,0,On-premise,$3K-$8K,5668,Outcome-based,Joint committee,>12 months,1,1,0,1,0,0,0,1,1,0,1,1,0,0,0,4,5,Regional/turboprop,LinkedIn/social media,2,4,2,4,3,0,1,0,0,0,0,0,0,Very satisfied,3,1,1,1,1,1,1,1,0,1.5x,Dispatch reliability %
UAE-1960,Defence_Govt,Not Interested,MRO Engineer/Technician,Defence/government,31-80,11-20 years,Outside GCC,Full predictive + digital twin,1-2,$10M-$50M,22759830,0,1,0,1,0,1,1,1,0,1,0,0,0,0,0,4,Legacy integration,0,1,0,1,1,0,0,0,Hybrid,$1K-$3K,1616,Fixed monthly SaaS,Joint committee,6-12 months,0,1,1,0,0,1,1,0,0,0,1,0,1,1,0,7,1,Business jet/helicopter,Industry event,2,5,2,4,2,0,0,0,0,0,0,1,0,Very satisfied,2,0,0,1,1,1,1,1,0,Strategic value,AOG reduction %
UAE-1961,Defence_Govt,Exploring,C-Suite,Defence/government,11-30,6-10 years,Sharjah/Northern Emirates,Condition-based,3-5,$2M-$10M,6870034,1,1,0,1,0,0,0,1,1,0,0,0,1,0,0,6,High upfront cost,1,0,0,0,1,1,0,0,Hybrid,$1K-$3K,1442,Hardware lease + software,Joint committee,6-12 months,1,1,1,1,0,1,0,1,0,0,1,0,1,1,0,5,5,Boeing narrow (B737),LinkedIn/social media,2,3,1,3,2,0,1,0,0,0,0,0,0,Dissatisfied - poor support,2,0,1,1,1,1,1,1,0,Strategic value,Component lifespan extension
UAE-1962,Defence_Govt,Exploring,MRO Engineer/Technician,Charter/private aviation,31-80,2-5 years,Abu Dhabi,Predictive (some AI),3-5,$10M-$50M,34033395,0,1,1,0,1,0,0,0,0,0,0,0,0,0,1,2,Cybersecurity,1,1,0,0,1,0,0,0,On-premise,$1K-$3K,2092,Hardware lease + software,Joint committee,<1 month,1,1,1,1,0,1,1,1,1,0,0,1,1,0,0,7,4,Airbus narrow (A320),LinkedIn/social media,1,4,2,3,2,0,1,1,1,0,1,0,0,No platform,2,1,1,1,0,1,0,1,0,Strategic value,Cost saved per aircraft/yr
UAE-1963,Defence_Govt,Exploring,IT/Digital Lead,Defence/government,1-10,2-5 years,Dubai,Scheduled/calendar,6-10,$10M-$50M,32294180,1,1,0,1,0,0,1,0,0,1,1,0,0,0,0,7,Regulatory concerns,1,1,0,0,0,0,1,0,On-premise,>$20K,42466,Per-aircraft/year,Procurement/Finance,6-12 months,1,1,0,0,0,1,0,0,1,0,0,0,1,1,0,8,4,Regional/turboprop,LinkedIn/social media,2,4,1,3,1,0,0,0,0,0,0,0,1,No platform,1,1,0,1,0,1,1,1,0,3x in 12 months,Audit pass rate
UAE-1964,Defence_Govt,Not Interested,MRO Engineer/Technician,Defence/government,11-30,11-20 years,Other GCC,Condition-based,1-2,<$500K,254119,1,1,0,1,1,1,0,0,0,0,1,0,0,0,0,5,High upfront cost,0,1,1,0,1,0,0,0,On-premise,>$20K,35210,Per-aircraft/year,Joint committee,6-12 months,0,1,0,0,1,1,1,1,0,0,1,0,0,0,1,7,2,Boeing narrow (B737),Word of mouth,3,3,2,3,3,0,0,0,1,0,0,0,0,Satisfied but expensive,1,1,1,1,1,1,1,1,0,5x+,AOG reduction %
UAE-1965,Defence_Govt,Hot,C-Suite,Charter/private aviation,31-80,2-5 years,Dubai,Predictive (some AI),3-5,$10M-$50M,31959111,1,1,0,1,1,1,0,0,0,1,1,1,0,1,0,7,Legacy integration,1,1,0,0,0,0,1,0,On-premise,$3K-$8K,6382,Hardware lease + software,Procurement/Finance,3-6 months,0,1,0,1,0,1,0,0,1,1,1,0,0,0,0,3,8,Regional/turboprop,Email invite,4,3,3,3,3,1,0,0,0,1,0,0,1,No platform,2,1,0,1,1,1,0,1,0,1.5x,Unscheduled maintenance reduction
UAE-1966,Defence_Govt,Exploring,IT/Digital Lead,Independent MRO,11-30,2-5 years,Dubai,Condition-based,6-10,$500K-$2M,1118273,1,0,1,1,1,0,1,0,0,0,0,0,0,1,1,5,Legacy integration,1,1,0,0,1,0,0,0,On-premise,>$20K,33252,Outcome-based,IT/Digital lead,3-6 months,1,0,1,1,1,0,1,0,1,0,1,1,0,0,0,7,3,Business jet/helicopter,LinkedIn/social media,5,5,3,3,2,0,0,0,0,0,1,1,1,Dissatisfied - poor accuracy,2,1,1,1,1,1,1,1,0,3x in 12 months,Cost saved per aircraft/yr
UAE-1967,Defence_Govt,Warm,MRO Engineer/Technician,Defence/government,81-200,20+ years,Abu Dhabi,Condition-based,0,$10M-$50M,34866329,0,0,1,1,0,0,0,0,0,1,0,0,0,0,0,5,Regulatory concerns,1,1,1,0,0,0,0,0,Hybrid,$1K-$3K,1615,Hardware lease + software,Head of Maintenance/CAMO,>12 months,1,1,1,1,0,1,1,1,0,0,0,1,1,0,1,5,6,Airbus narrow (A320),Email invite,2,3,3,3,2,0,0,1,1,1,0,0,0,No platform,1,0,0,1,1,1,1,1,0,2x,AOG reduction %
UAE-1968,Defence_Govt,Not Interested,MRO Engineer/Technician,Independent MRO,31-80,11-20 years,Dubai,Condition-based,6-10,$10M-$50M,28373196,0,1,1,0,0,0,0,1,0,0,0,0,0,1,0,5,Cybersecurity,1,0,0,1,1,0,0,0,On-premise,$3K-$8K,6089,Pay-per-insight,IT/Digital lead,6-12 months,1,0,1,1,0,0,1,1,0,1,1,0,0,1,0,9,1,Business jet/helicopter,Aviation publication,3,5,3,3,4,0,0,0,1,0,0,0,0,Dissatisfied - poor support,3,1,0,1,1,1,1,1,0,Strategic value,Dispatch reliability %
UAE-1969,Defence_Govt,Not Interested,Fleet/Maintenance Manager,Defence/government,11-30,6-10 years,Dubai,Condition-based,6-10,$500K-$2M,1445514,0,0,1,1,0,0,0,1,1,1,0,0,0,1,0,4,High upfront cost,1,1,0,0,0,0,1,0,On-premise,$3K-$8K,4726,Hardware lease + software,Head of Maintenance/CAMO,6-12 months,0,1,0,0,1,1,1,0,1,0,0,1,1,0,0,6,2,Airbus narrow (A320),LinkedIn/social media,2,3,1,3,3,0,0,0,1,0,0,0,0,Dissatisfied - poor accuracy,2,1,0,1,0,1,1,1,0,3x in 12 months,Unscheduled maintenance reduction
UAE-1970,Defence_Govt,Exploring,IT/Digital Lead,Defence/government,31-80,2-5 years,Other GCC,Scheduled/calendar,3-5,$2M-$10M,5935142,1,1,0,1,0,1,0,1,0,0,0,0,1,0,0,3,High upfront cost,1,0,1,1,0,0,0,0,On-premise,>$20K,28116,Hardware lease + software,Joint committee,3-6 months,0,0,1,0,0,1,1,1,0,1,0,0,1,0,0,8,4,Business jet/helicopter,LinkedIn/social media,1,3,2,3,3,1,0,0,0,0,0,0,0,Dissatisfied - poor accuracy,1,1,1,1,1,1,1,0,0,2x,Cost saved per aircraft/yr
UAE-1971,Defence_Govt,Warm,C-Suite,Defence/government,11-30,20+ years,Dubai,Scheduled/calendar,1-2,$500K-$2M,1344389,0,1,1,1,0,1,0,0,0,0,0,1,0,0,0,6,Legacy integration,1,1,1,0,0,0,0,0,On-premise,<$1K,483,Pay-per-insight,IT/Digital lead,1-3 months,1,0,1,1,0,0,0,0,0,1,1,1,0,0,0,3,7,Regional/turboprop,Industry event,2,4,1,4,4,0,1,0,0,0,0,0,0,Satisfied but expensive,1,1,0,1,1,1,1,0,0,1.5x,Cost saved per aircraft/yr
UAE-1972,Defence_Govt,Exploring,IT/Digital Lead,Defence/government,1-10,20+ years,Dubai,Condition-based,1-2,<$500K,219927,0,1,0,1,1,0,1,1,0,1,1,0,1,1,0,5,High upfront cost,1,1,0,0,1,0,0,0,On-premise,$1K-$3K,1524,Per-aircraft/year,IT/Digital lead,<1 month,1,0,1,0,1,0,0,1,1,0,1,1,0,0,0,6,5,Boeing wide (B777/B787),Industry event,2,4,2,2,3,0,0,0,0,0,1,0,0,Satisfied but expensive,3,1,1,1,1,1,0,1,0,3x in 12 months,Cost saved per aircraft/yr
UAE-1973,Defence_Govt,Exploring,Director/VP Operations,Charter/private aviation,11-30,20+ years,Sharjah/Northern Emirates,Condition-based,6-10,$500K-$2M,1719431,1,0,1,1,0,0,0,1,1,0,1,1,1,0,0,1,Legacy integration,1,0,0,0,1,0,0,0,On-premise,$3K-$8K,6243,Fixed monthly SaaS,Joint committee,3-6 months,1,0,0,1,0,1,0,0,1,1,0,1,0,0,0,3,6,Airbus narrow (A320),Word of mouth,3,3,3,3,3,1,1,0,0,0,0,0,0,No platform,2,1,1,1,1,1,1,1,0,3x in 12 months,AOG reduction %
UAE-1974,Defence_Govt,Exploring,C-Suite,Defence/government,11-30,11-20 years,Abu Dhabi,Condition-based,3-5,$500K-$2M,1577031,0,0,1,1,0,0,0,1,0,1,0,0,0,1,0,6,Regulatory concerns,1,0,0,0,0,0,1,0,On-premise,$8K-$20K,12494,Per-aircraft/year,C-Suite,6-12 months,1,0,0,1,0,1,0,1,1,1,0,0,1,0,0,8,4,Business jet/helicopter,LinkedIn/social media,2,3,4,3,3,0,0,1,1,0,0,0,1,Dissatisfied - hard to integrate,2,1,1,1,0,1,1,1,0,Strategic value,Cost saved per aircraft/yr
UAE-1975,Defence_Govt,Exploring,Fleet/Maintenance Manager,Defence/government,31-80,6-10 years,Dubai,Condition-based,1-2,$2M-$10M,5514052,1,1,1,0,0,0,0,0,1,0,0,0,0,1,0,4,High upfront cost,1,1,0,0,1,0,0,0,On-premise,$8K-$20K,13329,Hardware lease + software,Head of Maintenance/CAMO,<1 month,1,1,0,0,1,0,1,0,0,0,1,0,1,0,0,4,3,Business jet/helicopter,Word of mouth,3,4,2,3,3,0,1,0,0,0,0,0,0,Satisfied but expensive,4,1,1,1,1,1,1,1,0,ROI not primary,AOG reduction %
UAE-1976,Defence_Govt,Exploring,Fleet/Maintenance Manager,Defence/government,31-80,6-10 years,Dubai,Reactive,1-2,$500K-$2M,1043994,1,1,1,0,1,1,1,0,0,0,0,0,0,1,0,5,Regulatory concerns,1,1,1,0,0,0,0,0,Hybrid,$8K-$20K,15902,Hardware lease + software,Joint committee,>12 months,1,1,1,0,1,0,1,0,0,1,1,1,0,0,0,7,2,Business jet/helicopter,Email invite,3,5,2,4,3,0,1,0,0,0,0,0,1,No platform,1,1,0,1,1,1,1,1,0,Strategic value,Dispatch reliability %
UAE-1977,Defence_Govt,Not Interested,Fleet/Maintenance Manager,Defence/government,11-30,6-10 years,Abu Dhabi,Predictive (some AI),1-2,$2M-$10M,7650442,1,1,0,0,0,0,1,1,0,1,1,0,1,0,0,5,No barriers,0,1,0,1,1,0,0,0,On-premise,$1K-$3K,2187,Fixed monthly SaaS,IT/Digital lead,6-12 months,1,1,1,1,0,1,1,1,1,1,0,1,0,0,0,5,3,Boeing narrow (B737),Industry event,3,5,2,3,2,0,1,0,0,0,1,1,0,Dissatisfied - hard to integrate,1,1,1,0,1,1,0,1,0,2x,Component lifespan extension
UAE-1978,Defence_Govt,Warm,Director/VP Operations,Commercial airline (full-service),11-30,11-20 years,Abu Dhabi,Scheduled/calendar,3-5,$500K-$2M,1040216,1,0,0,1,0,1,0,1,0,0,0,0,0,0,1,10,Legacy integration,1,1,1,0,0,0,0,0,On-premise,$3K-$8K,6814,Hardware lease + software,Head of Maintenance/CAMO,3-6 months,0,1,1,0,1,0,0,0,1,0,1,0,1,0,0,4,5,Business jet/helicopter,Industry event,1,4,3,3,3,0,1,1,0,0,0,0,0,Satisfied but expensive,3,1,0,1,1,1,1,1,0,Strategic value,Dispatch reliability %
UAE-1979,Defence_Govt,Not Interested,MRO Engineer/Technician,Defence/government,1-10,2-5 years,Dubai,Condition-based,10+,$10M-$50M,37759882,1,1,1,0,0,0,1,0,0,0,1,0,0,1,1,4,Regulatory concerns,1,1,0,0,1,0,0,0,On-premise,$8K-$20K,14492,Fixed monthly SaaS,IT/Digital lead,6-12 months,1,0,0,1,1,0,1,0,1,1,0,0,1,0,0,8,1,Boeing narrow (B737),Industry event,1,3,3,3,2,0,1,0,0,0,1,0,0,No platform,1,0,1,1,1,0,1,1,0,3x in 12 months,Unscheduled maintenance reduction
UAE-1980,Defence_Govt,Not Interested,MRO Engineer/Technician,Defence/government,81-200,20+ years,Abu Dhabi,Scheduled/calendar,1-2,$2M-$10M,5876108,0,0,1,0,0,1,0,1,0,1,0,1,0,0,0,6,Regulatory concerns,1,1,1,0,0,0,0,0,On-premise,$3K-$8K,5350,Fixed monthly SaaS,C-Suite,6-12 months,1,1,1,1,0,1,0,0,1,0,1,0,1,0,0,6,2,Airbus narrow (A320),Industry event,4,3,1,3,3,0,1,1,0,0,0,0,1,Dissatisfied - hard to integrate,3,0,1,1,1,1,1,1,0,ROI not primary,Unscheduled maintenance reduction
UAE-1981,Defence_Govt,Exploring,MRO Engineer/Technician,Aircraft leasing,1-10,20+ years,Other GCC,Full predictive + digital twin,1-2,<$500K,287758,1,0,0,0,1,0,0,1,0,1,0,0,0,0,0,3,Legacy integration,1,0,1,0,0,0,1,0,Hybrid,$8K-$20K,11603,Outcome-based,Joint committee,6-12 months,1,1,0,1,0,1,1,1,1,1,0,1,0,0,0,6,5,Airbus wide (A330/A350/A380),Email invite,2,3,2,4,3,0,0,0,0,1,1,0,0,Very satisfied,3,1,1,1,0,1,1,1,0,2x,Dispatch reliability %
UAE-1982,Defence_Govt,Warm,MRO Engineer/Technician,Defence/government,11-30,6-10 years,Abu Dhabi,Condition-based,1-2,<$500K,300200,1,0,1,1,0,0,1,0,0,0,1,1,1,0,1,6,High upfront cost,0,1,0,1,0,0,0,0,On-premise,$3K-$8K,4324,Fixed monthly SaaS,IT/Digital lead,6-12 months,1,0,0,0,1,1,0,0,0,1,1,1,0,0,0,3,4,Regional/turboprop,Email invite,2,4,3,3,2,0,0,0,0,0,1,0,0,Satisfied but expensive,2,1,1,1,1,1,1,1,0,2x,Component lifespan extension
UAE-1983,Defence_Govt,Exploring,MRO Engineer/Technician,Defence/government,31-80,6-10 years,Outside GCC,Full predictive + digital twin,1-2,$2M-$10M,5064923,1,0,0,0,1,1,0,1,1,0,0,0,0,1,0,5,Lack data expertise,0,1,1,0,0,0,1,0,On-premise,$3K-$8K,4721,Per-aircraft/year,C-Suite,6-12 months,1,1,1,1,0,1,0,0,0,1,0,1,0,0,1,4,5,Regional/turboprop,Industry event,3,3,3,3,3,0,0,0,1,1,0,0,0,Dissatisfied - hard to integrate,2,0,1,1,1,1,1,1,0,2x,Dispatch reliability %
UAE-1984,Defence_Govt,Not Interested,Fleet/Maintenance Manager,Defence/government,81-200,11-20 years,Other GCC,Full predictive + digital twin,3-5,$2M-$10M,6527962,1,0,1,0,0,1,0,0,1,1,0,1,0,1,0,5,Regulatory concerns,0,1,1,0,1,0,0,0,Hybrid,$3K-$8K,5450,Fixed monthly SaaS,IT/Digital lead,3-6 months,1,0,1,1,1,1,1,1,1,0,1,0,0,0,0,7,2,Regional/turboprop,Industry event,2,5,2,3,2,1,1,0,0,0,0,0,0,Dissatisfied - hard to integrate,2,0,1,1,0,0,1,1,0,5x+,AOG reduction %
UAE-1985,Defence_Govt,Exploring,Fleet/Maintenance Manager,Defence/government,31-80,20+ years,Outside GCC,Predictive (some AI),3-5,$2M-$10M,7169488,0,1,1,0,0,0,0,1,0,0,0,1,0,0,0,6,Cybersecurity,1,1,0,0,0,1,0,0,On-premise,$8K-$20K,13001,Hardware lease + software,Joint committee,3-6 months,1,1,1,1,1,1,1,0,0,0,0,0,1,0,0,5,3,Boeing narrow (B737),Email invite,3,5,2,2,2,1,1,0,0,0,1,0,0,No platform,1,1,1,1,1,1,0,1,0,3x in 12 months,AOG reduction %
UAE-1986,Defence_Govt,Exploring,Fleet/Maintenance Manager,Charter/private aviation,11-30,11-20 years,Outside GCC,Scheduled/calendar,1-2,$500K-$2M,1095874,1,0,0,1,1,0,1,0,0,1,0,0,0,0,0,4,Legacy integration,1,0,0,1,0,0,0,0,On-premise,$3K-$8K,5865,Fixed monthly SaaS,C-Suite,>12 months,0,1,1,1,1,1,0,0,1,0,0,1,1,0,0,7,5,Boeing narrow (B737),Industry event,3,3,3,3,3,0,1,0,0,0,1,0,1,No platform,3,1,1,1,1,1,1,1,0,2x,Component lifespan extension
UAE-1987,Defence_Govt,Exploring,MRO Engineer/Technician,Defence/government,11-30,11-20 years,Dubai,Condition-based,6-10,$500K-$2M,1258097,1,1,0,1,1,1,0,1,0,0,1,1,1,1,0,4,Lack data expertise,1,1,0,1,0,0,0,0,On-premise,>$20K,29198,Outcome-based,Joint committee,6-12 months,1,1,1,0,0,1,0,1,1,1,0,0,1,0,0,6,4,Business jet/helicopter,Industry event,3,4,2,3,4,0,0,0,0,1,0,0,0,Dissatisfied - poor support,1,1,1,1,1,1,1,0,0,5x+,AOG reduction %
UAE-1988,Defence_Govt,Warm,MRO Engineer/Technician,Defence/government,1-10,11-20 years,Dubai,Full predictive + digital twin,0,<$500K,316594,1,1,1,0,0,0,0,1,0,0,0,0,0,1,0,5,Cybersecurity,1,1,1,0,0,0,0,0,On-premise,<$1K,441,Per-aircraft/year,IT/Digital lead,6-12 months,0,1,1,1,0,1,1,1,1,1,0,0,1,0,0,6,7,Business jet/helicopter,Word of mouth,2,3,2,5,4,0,1,0,0,0,0,0,0,Dissatisfied - hard to integrate,2,1,1,0,0,1,1,1,0,3x in 12 months,Cost saved per aircraft/yr
UAE-1989,Defence_Govt,Hot,MRO Engineer/Technician,Defence/government,11-30,2-5 years,Dubai,Condition-based,1-2,$500K-$2M,796413,0,1,0,0,0,0,0,1,0,1,0,1,1,1,0,7,High upfront cost,1,1,0,1,0,0,0,0,On-premise,<$1K,532,Per-aircraft/year,Joint committee,>12 months,0,0,1,0,0,1,1,1,0,1,1,1,0,0,0,2,7,Regional/turboprop,Aviation publication,3,3,3,4,3,0,1,0,0,0,0,0,0,Dissatisfied - hard to integrate,2,1,0,0,1,1,1,1,0,2x,Dispatch reliability %
UAE-1990,Defence_Govt,Warm,MRO Engineer/Technician,Defence/government,1-10,11-20 years,Sharjah/Northern Emirates,Predictive (some AI),3-5,$2M-$10M,5405852,1,1,1,0,1,0,0,0,0,0,1,0,1,1,0,6,No barriers,0,0,1,1,1,0,0,0,On-premise,$1K-$3K,2590,Hardware lease + software,C-Suite,6-12 months,0,1,0,0,1,1,1,0,1,1,1,0,0,0,0,6,6,Airbus narrow (A320),Email invite,3,4,2,4,3,1,0,0,0,0,0,0,0,Dissatisfied - poor accuracy,3,1,1,1,1,1,1,1,0,Strategic value,Dispatch reliability %
UAE-1991,Defence_Govt,Exploring,Fleet/Maintenance Manager,Defence/government,31-80,11-20 years,Dubai,Reactive,3-5,$2M-$10M,6145248,0,1,1,1,1,1,0,1,0,0,0,0,1,0,1,4,Legacy integration,1,0,0,1,1,0,0,0,On-premise,$8K-$20K,12618,Per-aircraft/year,Head of Maintenance/CAMO,1-3 months,0,0,0,0,0,1,0,0,1,1,0,1,0,0,0,5,2,Boeing narrow (B737),LinkedIn/social media,2,3,2,4,3,0,1,0,0,0,0,0,0,No platform,2,1,1,0,1,1,1,1,0,3x in 12 months,AOG reduction %
UAE-1992,Defence_Govt,Not Interested,MRO Engineer/Technician,Defence/government,11-30,6-10 years,Other GCC,Condition-based,1-2,$2M-$10M,6245987,0,0,1,0,1,0,0,0,1,0,1,0,1,0,0,6,Regulatory concerns,0,0,0,1,1,1,0,0,Hybrid,$3K-$8K,4930,Per-aircraft/year,IT/Digital lead,6-12 months,1,1,0,1,1,0,1,0,0,0,0,0,1,0,1,7,1,Business jet/helicopter,Aviation publication,3,5,2,4,3,0,0,0,0,0,1,0,0,No platform,2,0,1,1,1,1,1,1,0,ROI not primary,AOG reduction %
UAE-1993,Defence_Govt,Hot,Fleet/Maintenance Manager,Defence/government,1-10,6-10 years,Abu Dhabi,Reactive,10+,$500K-$2M,1471010,0,1,0,0,0,1,1,1,0,0,0,0,0,1,0,7,Regulatory concerns,1,1,1,0,0,0,0,0,Hybrid,$3K-$8K,4771,Per-aircraft/year,Procurement/Finance,6-12 months,1,0,0,1,1,0,0,1,1,0,0,0,1,1,0,4,8,Regional/turboprop,Word of mouth,4,4,4,4,4,1,0,0,0,1,0,1,0,Satisfied but expensive,1,0,0,1,1,1,1,1,0,3x in 12 months,Component lifespan extension
UAE-1994,Defence_Govt,Exploring,Director/VP Operations,Defence/government,31-80,2-5 years,Abu Dhabi,Reactive,1-2,$2M-$10M,6346365,0,0,0,0,1,1,1,1,0,1,0,0,0,0,0,6,Legacy integration,0,0,0,1,0,0,0,0,On-premise,$8K-$20K,11589,Fixed monthly SaaS,Procurement/Finance,6-12 months,1,0,1,0,1,1,0,0,0,1,1,1,0,0,0,7,3,Boeing wide (B777/B787),Email invite,3,5,2,5,4,1,0,0,0,0,0,0,0,No platform,3,1,1,0,0,1,1,1,0,ROI not primary,AOG reduction %
UAE-1995,Defence_Govt,Hot,C-Suite,Low-cost carrier,1-10,11-20 years,Abu Dhabi,Scheduled/calendar,0,$10M-$50M,32927749,0,0,1,1,0,1,0,0,1,1,0,1,0,1,0,8,Cybersecurity,1,0,1,0,1,0,0,0,Hybrid,>$20K,57467,Per-aircraft/year,Head of Maintenance/CAMO,3-6 months,1,1,1,0,1,0,0,0,1,1,1,0,0,0,0,3,8,Regional/turboprop,Word of mouth,2,4,3,3,3,1,1,0,0,0,0,0,0,No platform,1,0,1,1,1,0,1,0,0,3x in 12 months,Cost saved per aircraft/yr
UAE-1996,Defence_Govt,Exploring,MRO Engineer/Technician,Defence/government,31-80,6-10 years,Abu Dhabi,Condition-based,0,$10M-$50M,21958549,1,1,1,0,1,0,1,1,0,1,0,0,0,0,0,5,Cybersecurity,1,0,1,0,1,0,0,0,On-premise,$3K-$8K,5474,Hardware lease + software,Procurement/Finance,6-12 months,1,1,1,0,0,0,0,1,1,1,0,1,0,0,0,6,3,Boeing wide (B777/B787),Aviation publication,2,5,2,3,3,0,0,0,1,0,0,0,1,Very satisfied,1,1,1,1,1,1,1,1,0,3x in 12 months,AOG reduction %
UAE-1997,Defence_Govt,Not Interested,Director/VP Operations,Defence/government,31-80,2-5 years,Dubai,Scheduled/calendar,3-5,$2M-$10M,6562428,0,0,0,1,0,0,1,0,1,0,0,1,1,0,0,2,Cybersecurity,1,0,1,1,0,0,0,0,Hybrid,$8K-$20K,11632,Hardware lease + software,Procurement/Finance,6-12 months,1,1,0,1,0,0,0,0,0,1,1,0,1,0,0,6,1,Airbus narrow (A320),LinkedIn/social media,2,4,1,4,3,0,1,0,0,0,0,0,0,Dissatisfied - poor accuracy,2,1,1,1,1,0,1,1,0,1.5x,Dispatch reliability %
UAE-1998,Defence_Govt,Exploring,MRO Engineer/Technician,Defence/government,31-80,<2 years,Dubai,Condition-based,0,$2M-$10M,5569469,0,1,1,1,1,0,0,1,1,0,0,0,0,0,0,3,High upfront cost,1,1,0,0,1,0,0,0,On-premise,$3K-$8K,5192,Hardware lease + software,Head of Maintenance/CAMO,6-12 months,1,0,1,1,0,1,0,1,1,1,1,0,0,0,0,4,3,Regional/turboprop,Industry event,3,4,3,3,3,1,0,0,1,0,0,0,0,Dissatisfied - poor accuracy,1,1,1,0,0,1,1,1,0,Strategic value,AOG reduction %
UAE-1999,Defence_Govt,Hot,MRO Engineer/Technician,Defence/government,1-10,2-5 years,Dubai,Condition-based,6-10,<$500K,238031,1,1,0,0,1,1,0,0,0,0,0,0,0,0,1,9,High upfront cost,1,0,1,1,0,0,0,0,Hybrid,<$1K,524,Per-aircraft/year,IT/Digital lead,3-6 months,1,0,1,1,1,1,0,1,0,0,1,0,0,0,0,3,7,Boeing narrow (B737),Industry event,3,5,3,4,3,0,0,0,1,0,1,0,0,Dissatisfied - poor accuracy,5,1,1,0,1,1,1,0,0,2x,AOG reduction %
UAE-2000,Defence_Govt,Not Interested,MRO Engineer/Technician,Defence/government,1-10,<2 years,Abu Dhabi,Reactive,6-10,$500K-$2M,1392559,1,0,1,1,0,0,0,0,1,1,1,0,0,1,1,3,Legacy integration,0,0,1,0,1,0,1,0,On-premise,$8K-$20K,14988,Pay-per-insight,IT/Digital lead,>12 months,1,1,1,0,1,1,0,1,1,1,0,1,0,0,0,8,1,Regional/turboprop,Word of mouth,2,5,1,2,3,0,0,0,1,0,0,0,1,Dissatisfied - poor accuracy,3,0,1,1,1,1,1,1,0,5x+,Dispatch reliability %
